2026-05-05T23:21:49Z INFO    [BANNER] ZAYNS REDDIT SCRAPER — query='Olevels paper leak discord' log=logs\scraper-20260505T202149Z.log
2026-05-05T23:21:49Z INFO    [CONFIG] tool=zayns-reddit-scraper v0.1.0
2026-05-05T23:21:49Z INFO    [CONFIG] query=Olevels paper leak discord
2026-05-05T23:21:49Z INFO    [CONFIG] subreddits=Olevels, igcse, IGCSE_helps, Alevel, Alevels, CIE, edexcel, GCSE, 6thForm, Cheatingclassmates, GetStudying, studytips
2026-05-05T23:21:49Z INFO    [CONFIG] sorts=relevance, new
2026-05-05T23:21:49Z INFO    [CONFIG] max pages=5
2026-05-05T23:21:49Z INFO    [CONFIG] page limit=100
2026-05-05T23:21:49Z INFO    [CONFIG] delay=4.0s between requests
2026-05-05T23:21:49Z INFO    [CONFIG] comments=top 20
2026-05-05T23:21:49Z INFO    [CONFIG] r/all=skipped
2026-05-05T23:21:49Z INFO    [CONFIG] output dir=D:\SOC Diploma\Info Scrapper\output
2026-05-05T23:21:49Z INFO    [CONFIG] log dir=D:\SOC Diploma\Info Scrapper\logs
2026-05-05T23:21:49Z INFO    [CONFIG] run stamp=20260505T202149Z
2026-05-05T23:21:49Z INFO    [SECTION] PHASE 1 — SEARCH
2026-05-05T23:21:49Z INFO    [INFO] query variants: 'Olevels paper leak discord' | 'Olevels paper' | 'Olevels leak' | 'Olevels discord' | 'Olevels'
2026-05-05T23:21:49Z INFO    [PHASE] SEARCH r/Olevels  sort=relevance  variant=phrase
2026-05-05T23:21:49Z INFO    [REQUEST] GET https://www.reddit.com/r/Olevels/search.json?q=%22Olevels+paper+leak+discord%22&sort=relevance&limit=100&t=all&raw_json=1&restrict_sr=1
2026-05-05T23:21:50Z INFO    [RESPONSE] 200 870ms https://www.reddit.com/r/Olevels/search.json?q=%22Olevels+paper+leak+discord%22&sort=relevance&limit=100&t=all&raw_json=1&restrict_sr=1
2026-05-05T23:21:50Z INFO    [INFO] no results on first page for sort=relevance sub=Olevels
2026-05-05T23:21:50Z INFO    [PHASE] SEARCH r/igcse  sort=relevance  variant=phrase
2026-05-05T23:21:54Z INFO    [REQUEST] GET https://www.reddit.com/r/igcse/search.json?q=%22Olevels+paper+leak+discord%22&sort=relevance&limit=100&t=all&raw_json=1&restrict_sr=1
2026-05-05T23:21:55Z INFO    [RESPONSE] 200 267ms https://www.reddit.com/r/igcse/search.json?q=%22Olevels+paper+leak+discord%22&sort=relevance&limit=100&t=all&raw_json=1&restrict_sr=1
2026-05-05T23:21:55Z INFO    [INFO] no results on first page for sort=relevance sub=igcse
2026-05-05T23:21:55Z INFO    [PHASE] SEARCH r/IGCSE_helps  sort=relevance  variant=phrase
2026-05-05T23:21:59Z INFO    [REQUEST] GET https://www.reddit.com/r/IGCSE_helps/search.json?q=%22Olevels+paper+leak+discord%22&sort=relevance&limit=100&t=all&raw_json=1&restrict_sr=1
2026-05-05T23:21:59Z INFO    [RESPONSE] 200 707ms https://www.reddit.com/r/IGCSE_helps/search.json?q=%22Olevels+paper+leak+discord%22&sort=relevance&limit=100&t=all&raw_json=1&restrict_sr=1
2026-05-05T23:21:59Z INFO    [PHASE] SEARCH r/Alevel  sort=relevance  variant=phrase
2026-05-05T23:22:03Z INFO    [REQUEST] GET https://www.reddit.com/r/Alevel/search.json?q=%22Olevels+paper+leak+discord%22&sort=relevance&limit=100&t=all&raw_json=1&restrict_sr=1
2026-05-05T23:22:04Z INFO    [RESPONSE] 200 270ms https://www.reddit.com/r/Alevel/search.json?q=%22Olevels+paper+leak+discord%22&sort=relevance&limit=100&t=all&raw_json=1&restrict_sr=1
2026-05-05T23:22:04Z INFO    [INFO] no results on first page for sort=relevance sub=Alevel
2026-05-05T23:22:04Z INFO    [PHASE] SEARCH r/Alevels  sort=relevance  variant=phrase
2026-05-05T23:22:08Z INFO    [REQUEST] GET https://www.reddit.com/r/Alevels/search.json?q=%22Olevels+paper+leak+discord%22&sort=relevance&limit=100&t=all&raw_json=1&restrict_sr=1
2026-05-05T23:22:08Z INFO    [RESPONSE] 200 331ms https://www.reddit.com/r/Alevels/search.json?q=%22Olevels+paper+leak+discord%22&sort=relevance&limit=100&t=all&raw_json=1&restrict_sr=1
2026-05-05T23:22:08Z INFO    [INFO] no results on first page for sort=relevance sub=Alevels
2026-05-05T23:22:08Z INFO    [PHASE] SEARCH r/CIE  sort=relevance  variant=phrase
2026-05-05T23:22:12Z INFO    [REQUEST] GET https://www.reddit.com/r/CIE/search.json?q=%22Olevels+paper+leak+discord%22&sort=relevance&limit=100&t=all&raw_json=1&restrict_sr=1
2026-05-05T23:22:12Z INFO    [ERROR] GET https://www.reddit.com/r/CIE/search.json?q=%22Olevels+paper+leak+discord%22&sort=relevance&limit=100&t=all&raw_json=1&restrict_sr=1 → HTTP 404 (non-retryable)
2026-05-05T23:22:12Z INFO    [PHASE] SEARCH r/edexcel  sort=relevance  variant=phrase
2026-05-05T23:22:16Z INFO    [REQUEST] GET https://www.reddit.com/r/edexcel/search.json?q=%22Olevels+paper+leak+discord%22&sort=relevance&limit=100&t=all&raw_json=1&restrict_sr=1
2026-05-05T23:22:17Z INFO    [RESPONSE] 200 345ms https://www.reddit.com/r/edexcel/search.json?q=%22Olevels+paper+leak+discord%22&sort=relevance&limit=100&t=all&raw_json=1&restrict_sr=1
2026-05-05T23:22:17Z INFO    [INFO] no results on first page for sort=relevance sub=edexcel
2026-05-05T23:22:17Z INFO    [PHASE] SEARCH r/GCSE  sort=relevance  variant=phrase
2026-05-05T23:22:21Z INFO    [REQUEST] GET https://www.reddit.com/r/GCSE/search.json?q=%22Olevels+paper+leak+discord%22&sort=relevance&limit=100&t=all&raw_json=1&restrict_sr=1
2026-05-05T23:22:21Z INFO    [RESPONSE] 200 321ms https://www.reddit.com/r/GCSE/search.json?q=%22Olevels+paper+leak+discord%22&sort=relevance&limit=100&t=all&raw_json=1&restrict_sr=1
2026-05-05T23:22:21Z INFO    [INFO] no results on first page for sort=relevance sub=GCSE
2026-05-05T23:22:21Z INFO    [PHASE] SEARCH r/6thForm  sort=relevance  variant=phrase
2026-05-05T23:22:25Z INFO    [REQUEST] GET https://www.reddit.com/r/6thForm/search.json?q=%22Olevels+paper+leak+discord%22&sort=relevance&limit=100&t=all&raw_json=1&restrict_sr=1
2026-05-05T23:22:25Z INFO    [RESPONSE] 200 324ms https://www.reddit.com/r/6thForm/search.json?q=%22Olevels+paper+leak+discord%22&sort=relevance&limit=100&t=all&raw_json=1&restrict_sr=1
2026-05-05T23:22:25Z INFO    [INFO] no results on first page for sort=relevance sub=6thForm
2026-05-05T23:22:25Z INFO    [PHASE] SEARCH r/Cheatingclassmates  sort=relevance  variant=phrase
2026-05-05T23:22:29Z INFO    [REQUEST] GET https://www.reddit.com/r/Cheatingclassmates/search.json?q=%22Olevels+paper+leak+discord%22&sort=relevance&limit=100&t=all&raw_json=1&restrict_sr=1
2026-05-05T23:22:30Z INFO    [RESPONSE] 200 518ms https://www.reddit.com/r/Cheatingclassmates/search.json?q=%22Olevels+paper+leak+discord%22&sort=relevance&limit=100&t=all&raw_json=1&restrict_sr=1
2026-05-05T23:22:30Z INFO    [INFO] no results on first page for sort=relevance sub=Cheatingclassmates
2026-05-05T23:22:30Z INFO    [PHASE] SEARCH r/GetStudying  sort=relevance  variant=phrase
2026-05-05T23:22:34Z INFO    [REQUEST] GET https://www.reddit.com/r/GetStudying/search.json?q=%22Olevels+paper+leak+discord%22&sort=relevance&limit=100&t=all&raw_json=1&restrict_sr=1
2026-05-05T23:22:34Z INFO    [RESPONSE] 200 266ms https://www.reddit.com/r/GetStudying/search.json?q=%22Olevels+paper+leak+discord%22&sort=relevance&limit=100&t=all&raw_json=1&restrict_sr=1
2026-05-05T23:22:34Z INFO    [INFO] no results on first page for sort=relevance sub=GetStudying
2026-05-05T23:22:34Z INFO    [PHASE] SEARCH r/studytips  sort=relevance  variant=phrase
2026-05-05T23:22:38Z INFO    [REQUEST] GET https://www.reddit.com/r/studytips/search.json?q=%22Olevels+paper+leak+discord%22&sort=relevance&limit=100&t=all&raw_json=1&restrict_sr=1
2026-05-05T23:22:38Z INFO    [RESPONSE] 200 331ms https://www.reddit.com/r/studytips/search.json?q=%22Olevels+paper+leak+discord%22&sort=relevance&limit=100&t=all&raw_json=1&restrict_sr=1
2026-05-05T23:22:38Z INFO    [INFO] no results on first page for sort=relevance sub=studytips
2026-05-05T23:22:38Z INFO    [PHASE] SEARCH r/Olevels  sort=relevance  variant=head:Olevels paper
2026-05-05T23:22:42Z INFO    [REQUEST] GET https://www.reddit.com/r/Olevels/search.json?q=%22Olevels+paper%22&sort=relevance&limit=100&t=all&raw_json=1&restrict_sr=1
2026-05-05T23:22:43Z INFO    [RESPONSE] 200 381ms https://www.reddit.com/r/Olevels/search.json?q=%22Olevels+paper%22&sort=relevance&limit=100&t=all&raw_json=1&restrict_sr=1
2026-05-05T23:22:43Z INFO    [HIT] #1 r/Olevels score=2 comments=2 title='2024 Malay OLevels paper 2'
2026-05-05T23:22:43Z INFO    [HIT] #2 r/Olevels score=3 comments=0 title='Notes for Computer Science OLevels Paper 2'
2026-05-05T23:22:43Z INFO    [HIT] #3 r/Olevels score=1 comments=4 title='Chemistry (5070)'
2026-05-05T23:22:43Z INFO    [HIT] #4 r/Olevels score=3 comments=9 title='School giving igcse questions as mocks'
2026-05-05T23:22:43Z INFO    [HIT] #5 r/Olevels score=1 comments=2 title='Question for elementary math 4052'
2026-05-05T23:22:43Z INFO    [HIT] #6 r/Olevels score=1 comments=5 title='Any space physics mcqs to practice with answers'
2026-05-05T23:22:43Z INFO    [HIT] #7 r/Olevels score=1 comments=0 title='Islamiyat paper 1'
2026-05-05T23:22:43Z INFO    [HIT] #8 r/Olevels score=1 comments=3 title='physics 5054'
2026-05-05T23:22:43Z INFO    [HIT] #9 r/Olevels score=2 comments=1 title='O level resources '
2026-05-05T23:22:43Z INFO    [HIT] #10 r/Olevels score=6 comments=2 title='olevel chinese 2023 may paper'
2026-05-05T23:22:43Z INFO    [PHASE] SEARCH r/igcse  sort=relevance  variant=head:Olevels paper
2026-05-05T23:22:47Z INFO    [REQUEST] GET https://www.reddit.com/r/igcse/search.json?q=%22Olevels+paper%22&sort=relevance&limit=100&t=all&raw_json=1&restrict_sr=1
2026-05-05T23:22:47Z INFO    [RESPONSE] 200 396ms https://www.reddit.com/r/igcse/search.json?q=%22Olevels+paper%22&sort=relevance&limit=100&t=all&raw_json=1&restrict_sr=1
2026-05-05T23:22:47Z INFO    [HIT] #1 r/igcse score=2 comments=12 title='should i solve olevel papers as a student doing 0620,0610,0625?'
2026-05-05T23:22:47Z INFO    [HIT] #2 r/igcse score=1 comments=2 title='computer science mj25'
2026-05-05T23:22:47Z INFO    [HIT] #3 r/igcse score=1 comments=1 title='COMPUTER SCIENCE'
2026-05-05T23:22:47Z INFO    [HIT] #4 r/igcse score=8 comments=4 title='Anyone got the version 1 past paper of the may/june 2024 exams '
2026-05-05T23:22:47Z INFO    [HIT] #5 r/igcse score=3 comments=15 title='M/j 23'
2026-05-05T23:22:47Z INFO    [HIT] #6 r/igcse score=2 comments=8 title='Should I be doing all the variants??'
2026-05-05T23:22:47Z INFO    [HIT] #7 r/igcse score=3 comments=0 title='IGCSE!!!!'
2026-05-05T23:22:47Z INFO    [PHASE] SEARCH r/IGCSE_helps  sort=relevance  variant=head:Olevels paper
2026-05-05T23:22:51Z INFO    [REQUEST] GET https://www.reddit.com/r/IGCSE_helps/search.json?q=%22Olevels+paper%22&sort=relevance&limit=100&t=all&raw_json=1&restrict_sr=1
2026-05-05T23:22:52Z INFO    [RESPONSE] 200 488ms https://www.reddit.com/r/IGCSE_helps/search.json?q=%22Olevels+paper%22&sort=relevance&limit=100&t=all&raw_json=1&restrict_sr=1
2026-05-05T23:22:52Z INFO    [PHASE] SEARCH r/Alevel  sort=relevance  variant=head:Olevels paper
2026-05-05T23:22:56Z INFO    [REQUEST] GET https://www.reddit.com/r/Alevel/search.json?q=%22Olevels+paper%22&sort=relevance&limit=100&t=all&raw_json=1&restrict_sr=1
2026-05-05T23:22:56Z INFO    [RESPONSE] 200 339ms https://www.reddit.com/r/Alevel/search.json?q=%22Olevels+paper%22&sort=relevance&limit=100&t=all&raw_json=1&restrict_sr=1
2026-05-05T23:22:56Z INFO    [HIT] #1 r/alevel score=1 comments=1 title='Need help!!!'
2026-05-05T23:22:56Z INFO    [PHASE] SEARCH r/Alevels  sort=relevance  variant=head:Olevels paper
2026-05-05T23:23:00Z INFO    [REQUEST] GET https://www.reddit.com/r/Alevels/search.json?q=%22Olevels+paper%22&sort=relevance&limit=100&t=all&raw_json=1&restrict_sr=1
2026-05-05T23:23:00Z INFO    [RESPONSE] 200 319ms https://www.reddit.com/r/Alevels/search.json?q=%22Olevels+paper%22&sort=relevance&limit=100&t=all&raw_json=1&restrict_sr=1
2026-05-05T23:23:00Z INFO    [HIT] #1 r/alevels score=1 comments=1 title='I NEED OPINIONS PLS (ALEVEL CHOICES)'
2026-05-05T23:23:00Z INFO    [PHASE] SEARCH r/CIE  sort=relevance  variant=head:Olevels paper
2026-05-05T23:23:04Z INFO    [REQUEST] GET https://www.reddit.com/r/CIE/search.json?q=%22Olevels+paper%22&sort=relevance&limit=100&t=all&raw_json=1&restrict_sr=1
2026-05-05T23:23:04Z INFO    [ERROR] GET https://www.reddit.com/r/CIE/search.json?q=%22Olevels+paper%22&sort=relevance&limit=100&t=all&raw_json=1&restrict_sr=1 → HTTP 404 (non-retryable)
2026-05-05T23:23:04Z INFO    [PHASE] SEARCH r/edexcel  sort=relevance  variant=head:Olevels paper
2026-05-05T23:23:08Z INFO    [REQUEST] GET https://www.reddit.com/r/edexcel/search.json?q=%22Olevels+paper%22&sort=relevance&limit=100&t=all&raw_json=1&restrict_sr=1
2026-05-05T23:23:09Z INFO    [RESPONSE] 200 379ms https://www.reddit.com/r/edexcel/search.json?q=%22Olevels+paper%22&sort=relevance&limit=100&t=all&raw_json=1&restrict_sr=1
2026-05-05T23:23:09Z INFO    [HIT] #1 r/Edexcel score=1 comments=0 title='Does anyone write the economics igcse olevel paper 1 before may 21?'
2026-05-05T23:23:09Z INFO    [HIT] #2 r/Edexcel score=2 comments=0 title='Anyone got the olevel (human bio) papers for oct/nov 25 papers plzz'
2026-05-05T23:23:09Z INFO    [HIT] #3 r/Edexcel score=1 comments=5 title='Guys what do I do to higher up my grades'
2026-05-05T23:23:09Z INFO    [PHASE] SEARCH r/GCSE  sort=relevance  variant=head:Olevels paper
2026-05-05T23:23:13Z INFO    [REQUEST] GET https://www.reddit.com/r/GCSE/search.json?q=%22Olevels+paper%22&sort=relevance&limit=100&t=all&raw_json=1&restrict_sr=1
2026-05-05T23:23:13Z INFO    [RESPONSE] 200 387ms https://www.reddit.com/r/GCSE/search.json?q=%22Olevels+paper%22&sort=relevance&limit=100&t=all&raw_json=1&restrict_sr=1
2026-05-05T23:23:13Z INFO    [HIT] #1 r/GCSE score=4 comments=10 title='[DISCUSSION] 2210 Computer Science Pre Released Paper-23'
2026-05-05T23:23:13Z INFO    [PHASE] SEARCH r/6thForm  sort=relevance  variant=head:Olevels paper
2026-05-05T23:23:17Z INFO    [REQUEST] GET https://www.reddit.com/r/6thForm/search.json?q=%22Olevels+paper%22&sort=relevance&limit=100&t=all&raw_json=1&restrict_sr=1
2026-05-05T23:23:18Z INFO    [RESPONSE] 200 266ms https://www.reddit.com/r/6thForm/search.json?q=%22Olevels+paper%22&sort=relevance&limit=100&t=all&raw_json=1&restrict_sr=1
2026-05-05T23:23:18Z INFO    [INFO] no results on first page for sort=relevance sub=6thForm
2026-05-05T23:23:18Z INFO    [PHASE] SEARCH r/Cheatingclassmates  sort=relevance  variant=head:Olevels paper
2026-05-05T23:23:22Z INFO    [REQUEST] GET https://www.reddit.com/r/Cheatingclassmates/search.json?q=%22Olevels+paper%22&sort=relevance&limit=100&t=all&raw_json=1&restrict_sr=1
2026-05-05T23:23:22Z INFO    [RESPONSE] 200 541ms https://www.reddit.com/r/Cheatingclassmates/search.json?q=%22Olevels+paper%22&sort=relevance&limit=100&t=all&raw_json=1&restrict_sr=1
2026-05-05T23:23:22Z INFO    [INFO] no results on first page for sort=relevance sub=Cheatingclassmates
2026-05-05T23:23:22Z INFO    [PHASE] SEARCH r/GetStudying  sort=relevance  variant=head:Olevels paper
2026-05-05T23:23:26Z INFO    [REQUEST] GET https://www.reddit.com/r/GetStudying/search.json?q=%22Olevels+paper%22&sort=relevance&limit=100&t=all&raw_json=1&restrict_sr=1
2026-05-05T23:23:26Z INFO    [RESPONSE] 200 315ms https://www.reddit.com/r/GetStudying/search.json?q=%22Olevels+paper%22&sort=relevance&limit=100&t=all&raw_json=1&restrict_sr=1
2026-05-05T23:23:26Z INFO    [INFO] no results on first page for sort=relevance sub=GetStudying
2026-05-05T23:23:26Z INFO    [PHASE] SEARCH r/studytips  sort=relevance  variant=head:Olevels paper
2026-05-05T23:23:30Z INFO    [REQUEST] GET https://www.reddit.com/r/studytips/search.json?q=%22Olevels+paper%22&sort=relevance&limit=100&t=all&raw_json=1&restrict_sr=1
2026-05-05T23:23:31Z INFO    [RESPONSE] 200 333ms https://www.reddit.com/r/studytips/search.json?q=%22Olevels+paper%22&sort=relevance&limit=100&t=all&raw_json=1&restrict_sr=1
2026-05-05T23:23:31Z INFO    [INFO] no results on first page for sort=relevance sub=studytips
2026-05-05T23:23:31Z INFO    [PHASE] SEARCH r/Olevels  sort=relevance  variant=head:Olevels leak
2026-05-05T23:23:35Z INFO    [REQUEST] GET https://www.reddit.com/r/Olevels/search.json?q=%22Olevels+leak%22&sort=relevance&limit=100&t=all&raw_json=1&restrict_sr=1
2026-05-05T23:23:35Z INFO    [RESPONSE] 200 423ms https://www.reddit.com/r/Olevels/search.json?q=%22Olevels+leak%22&sort=relevance&limit=100&t=all&raw_json=1&restrict_sr=1
2026-05-05T23:23:35Z INFO    [HIT] #1 r/Olevels score=1 comments=20 title='Maths olevels LEAKED??'
2026-05-05T23:23:35Z INFO    [PHASE] SEARCH r/igcse  sort=relevance  variant=head:Olevels leak
2026-05-05T23:23:39Z INFO    [REQUEST] GET https://www.reddit.com/r/igcse/search.json?q=%22Olevels+leak%22&sort=relevance&limit=100&t=all&raw_json=1&restrict_sr=1
2026-05-05T23:23:40Z INFO    [RESPONSE] 200 451ms https://www.reddit.com/r/igcse/search.json?q=%22Olevels+leak%22&sort=relevance&limit=100&t=all&raw_json=1&restrict_sr=1
2026-05-05T23:23:40Z INFO    [INFO] no results on first page for sort=relevance sub=igcse
2026-05-05T23:23:40Z INFO    [PHASE] SEARCH r/IGCSE_helps  sort=relevance  variant=head:Olevels leak
2026-05-05T23:23:44Z INFO    [REQUEST] GET https://www.reddit.com/r/IGCSE_helps/search.json?q=%22Olevels+leak%22&sort=relevance&limit=100&t=all&raw_json=1&restrict_sr=1
2026-05-05T23:23:44Z INFO    [RESPONSE] 200 850ms https://www.reddit.com/r/IGCSE_helps/search.json?q=%22Olevels+leak%22&sort=relevance&limit=100&t=all&raw_json=1&restrict_sr=1
2026-05-05T23:23:44Z INFO    [PHASE] SEARCH r/Alevel  sort=relevance  variant=head:Olevels leak
2026-05-05T23:23:48Z INFO    [REQUEST] GET https://www.reddit.com/r/Alevel/search.json?q=%22Olevels+leak%22&sort=relevance&limit=100&t=all&raw_json=1&restrict_sr=1
2026-05-05T23:23:49Z INFO    [RESPONSE] 200 343ms https://www.reddit.com/r/Alevel/search.json?q=%22Olevels+leak%22&sort=relevance&limit=100&t=all&raw_json=1&restrict_sr=1
2026-05-05T23:23:49Z INFO    [INFO] no results on first page for sort=relevance sub=Alevel
2026-05-05T23:23:49Z INFO    [PHASE] SEARCH r/Alevels  sort=relevance  variant=head:Olevels leak
2026-05-05T23:23:53Z INFO    [REQUEST] GET https://www.reddit.com/r/Alevels/search.json?q=%22Olevels+leak%22&sort=relevance&limit=100&t=all&raw_json=1&restrict_sr=1
2026-05-05T23:23:53Z INFO    [RESPONSE] 200 323ms https://www.reddit.com/r/Alevels/search.json?q=%22Olevels+leak%22&sort=relevance&limit=100&t=all&raw_json=1&restrict_sr=1
2026-05-05T23:23:53Z INFO    [INFO] no results on first page for sort=relevance sub=Alevels
2026-05-05T23:23:53Z INFO    [PHASE] SEARCH r/CIE  sort=relevance  variant=head:Olevels leak
2026-05-05T23:23:57Z INFO    [REQUEST] GET https://www.reddit.com/r/CIE/search.json?q=%22Olevels+leak%22&sort=relevance&limit=100&t=all&raw_json=1&restrict_sr=1
2026-05-05T23:23:57Z INFO    [ERROR] GET https://www.reddit.com/r/CIE/search.json?q=%22Olevels+leak%22&sort=relevance&limit=100&t=all&raw_json=1&restrict_sr=1 → HTTP 404 (non-retryable)
2026-05-05T23:23:57Z INFO    [PHASE] SEARCH r/edexcel  sort=relevance  variant=head:Olevels leak
2026-05-05T23:24:01Z INFO    [REQUEST] GET https://www.reddit.com/r/edexcel/search.json?q=%22Olevels+leak%22&sort=relevance&limit=100&t=all&raw_json=1&restrict_sr=1
2026-05-05T23:24:02Z INFO    [RESPONSE] 200 281ms https://www.reddit.com/r/edexcel/search.json?q=%22Olevels+leak%22&sort=relevance&limit=100&t=all&raw_json=1&restrict_sr=1
2026-05-05T23:24:02Z INFO    [INFO] no results on first page for sort=relevance sub=edexcel
2026-05-05T23:24:02Z INFO    [PHASE] SEARCH r/GCSE  sort=relevance  variant=head:Olevels leak
2026-05-05T23:24:06Z INFO    [REQUEST] GET https://www.reddit.com/r/GCSE/search.json?q=%22Olevels+leak%22&sort=relevance&limit=100&t=all&raw_json=1&restrict_sr=1
2026-05-05T23:24:06Z INFO    [RESPONSE] 200 323ms https://www.reddit.com/r/GCSE/search.json?q=%22Olevels+leak%22&sort=relevance&limit=100&t=all&raw_json=1&restrict_sr=1
2026-05-05T23:24:06Z INFO    [INFO] no results on first page for sort=relevance sub=GCSE
2026-05-05T23:24:06Z INFO    [PHASE] SEARCH r/6thForm  sort=relevance  variant=head:Olevels leak
2026-05-05T23:24:10Z INFO    [REQUEST] GET https://www.reddit.com/r/6thForm/search.json?q=%22Olevels+leak%22&sort=relevance&limit=100&t=all&raw_json=1&restrict_sr=1
2026-05-05T23:24:10Z INFO    [RESPONSE] 200 304ms https://www.reddit.com/r/6thForm/search.json?q=%22Olevels+leak%22&sort=relevance&limit=100&t=all&raw_json=1&restrict_sr=1
2026-05-05T23:24:10Z INFO    [INFO] no results on first page for sort=relevance sub=6thForm
2026-05-05T23:24:10Z INFO    [PHASE] SEARCH r/Cheatingclassmates  sort=relevance  variant=head:Olevels leak
2026-05-05T23:24:14Z INFO    [REQUEST] GET https://www.reddit.com/r/Cheatingclassmates/search.json?q=%22Olevels+leak%22&sort=relevance&limit=100&t=all&raw_json=1&restrict_sr=1
2026-05-05T23:24:15Z INFO    [RESPONSE] 200 432ms https://www.reddit.com/r/Cheatingclassmates/search.json?q=%22Olevels+leak%22&sort=relevance&limit=100&t=all&raw_json=1&restrict_sr=1
2026-05-05T23:24:15Z INFO    [INFO] no results on first page for sort=relevance sub=Cheatingclassmates
2026-05-05T23:24:15Z INFO    [PHASE] SEARCH r/GetStudying  sort=relevance  variant=head:Olevels leak
2026-05-05T23:24:19Z INFO    [REQUEST] GET https://www.reddit.com/r/GetStudying/search.json?q=%22Olevels+leak%22&sort=relevance&limit=100&t=all&raw_json=1&restrict_sr=1
2026-05-05T23:24:19Z INFO    [RESPONSE] 200 323ms https://www.reddit.com/r/GetStudying/search.json?q=%22Olevels+leak%22&sort=relevance&limit=100&t=all&raw_json=1&restrict_sr=1
2026-05-05T23:24:19Z INFO    [INFO] no results on first page for sort=relevance sub=GetStudying
2026-05-05T23:24:19Z INFO    [PHASE] SEARCH r/studytips  sort=relevance  variant=head:Olevels leak
2026-05-05T23:24:23Z INFO    [REQUEST] GET https://www.reddit.com/r/studytips/search.json?q=%22Olevels+leak%22&sort=relevance&limit=100&t=all&raw_json=1&restrict_sr=1
2026-05-05T23:24:23Z INFO    [RESPONSE] 200 331ms https://www.reddit.com/r/studytips/search.json?q=%22Olevels+leak%22&sort=relevance&limit=100&t=all&raw_json=1&restrict_sr=1
2026-05-05T23:24:23Z INFO    [INFO] no results on first page for sort=relevance sub=studytips
2026-05-05T23:24:23Z INFO    [PHASE] SEARCH r/Olevels  sort=relevance  variant=head:Olevels discord
2026-05-05T23:24:27Z INFO    [REQUEST] GET https://www.reddit.com/r/Olevels/search.json?q=%22Olevels+discord%22&sort=relevance&limit=100&t=all&raw_json=1&restrict_sr=1
2026-05-05T23:24:28Z INFO    [RESPONSE] 200 566ms https://www.reddit.com/r/Olevels/search.json?q=%22Olevels+discord%22&sort=relevance&limit=100&t=all&raw_json=1&restrict_sr=1
2026-05-05T23:24:28Z INFO    [HIT] #1 r/Olevels score=14 comments=24 title='ANNOUNCEMENT: OFFICIAL LAUNCH OF THE r/OLEVEL DISCORD SERVER'
2026-05-05T23:24:28Z INFO    [HIT] #2 r/Olevels score=3 comments=17 title='Distinction response in O Level Islamiat'
2026-05-05T23:24:28Z INFO    [HIT] #3 r/Olevels score=1 comments=4 title='QUESTION FOR cs o levels!!'
2026-05-05T23:24:28Z INFO    [HIT] #4 r/Olevels score=3 comments=10 title="So i'm not giving CS in O levels but can I take it in a levels along with business economics and accounting??"
2026-05-05T23:24:28Z INFO    [HIT] #5 r/Olevels score=1 comments=4 title='What the hell is grade "G"?🤣'
2026-05-05T23:24:28Z INFO    [HIT] #6 r/Olevels score=2 comments=6 title='relied on guess paper????'
2026-05-05T23:24:28Z INFO    [HIT] #7 r/Olevels score=4 comments=10 title='Any good yt channel for Olevel physics?'
2026-05-05T23:24:28Z INFO    [HIT] #8 r/Olevels score=2 comments=4 title='Anything on Solutions to 4024'
2026-05-05T23:24:28Z INFO    [PHASE] SEARCH r/igcse  sort=relevance  variant=head:Olevels discord
2026-05-05T23:24:32Z INFO    [REQUEST] GET https://www.reddit.com/r/igcse/search.json?q=%22Olevels+discord%22&sort=relevance&limit=100&t=all&raw_json=1&restrict_sr=1
2026-05-05T23:24:32Z INFO    [RESPONSE] 200 316ms https://www.reddit.com/r/igcse/search.json?q=%22Olevels+discord%22&sort=relevance&limit=100&t=all&raw_json=1&restrict_sr=1
2026-05-05T23:24:32Z INFO    [INFO] no results on first page for sort=relevance sub=igcse
2026-05-05T23:24:32Z INFO    [PHASE] SEARCH r/IGCSE_helps  sort=relevance  variant=head:Olevels discord
2026-05-05T23:24:36Z INFO    [REQUEST] GET https://www.reddit.com/r/IGCSE_helps/search.json?q=%22Olevels+discord%22&sort=relevance&limit=100&t=all&raw_json=1&restrict_sr=1
2026-05-05T23:24:37Z INFO    [RESPONSE] 200 655ms https://www.reddit.com/r/IGCSE_helps/search.json?q=%22Olevels+discord%22&sort=relevance&limit=100&t=all&raw_json=1&restrict_sr=1
2026-05-05T23:24:37Z INFO    [PHASE] SEARCH r/Alevel  sort=relevance  variant=head:Olevels discord
2026-05-05T23:24:41Z INFO    [REQUEST] GET https://www.reddit.com/r/Alevel/search.json?q=%22Olevels+discord%22&sort=relevance&limit=100&t=all&raw_json=1&restrict_sr=1
2026-05-05T23:24:41Z INFO    [RESPONSE] 200 365ms https://www.reddit.com/r/Alevel/search.json?q=%22Olevels+discord%22&sort=relevance&limit=100&t=all&raw_json=1&restrict_sr=1
2026-05-05T23:24:41Z INFO    [HIT] #1 r/alevel score=1 comments=9 title='Do I have to study O level content of chemistry for A LEVEL? PLEASE READ AND HELP!'
2026-05-05T23:24:41Z INFO    [PHASE] SEARCH r/Alevels  sort=relevance  variant=head:Olevels discord
2026-05-05T23:24:45Z INFO    [REQUEST] GET https://www.reddit.com/r/Alevels/search.json?q=%22Olevels+discord%22&sort=relevance&limit=100&t=all&raw_json=1&restrict_sr=1
2026-05-05T23:24:46Z INFO    [RESPONSE] 200 340ms https://www.reddit.com/r/Alevels/search.json?q=%22Olevels+discord%22&sort=relevance&limit=100&t=all&raw_json=1&restrict_sr=1
2026-05-05T23:24:46Z INFO    [INFO] no results on first page for sort=relevance sub=Alevels
2026-05-05T23:24:46Z INFO    [PHASE] SEARCH r/CIE  sort=relevance  variant=head:Olevels discord
2026-05-05T23:24:50Z INFO    [REQUEST] GET https://www.reddit.com/r/CIE/search.json?q=%22Olevels+discord%22&sort=relevance&limit=100&t=all&raw_json=1&restrict_sr=1
2026-05-05T23:24:50Z INFO    [ERROR] GET https://www.reddit.com/r/CIE/search.json?q=%22Olevels+discord%22&sort=relevance&limit=100&t=all&raw_json=1&restrict_sr=1 → HTTP 404 (non-retryable)
2026-05-05T23:24:50Z INFO    [PHASE] SEARCH r/edexcel  sort=relevance  variant=head:Olevels discord
2026-05-05T23:24:54Z INFO    [REQUEST] GET https://www.reddit.com/r/edexcel/search.json?q=%22Olevels+discord%22&sort=relevance&limit=100&t=all&raw_json=1&restrict_sr=1
2026-05-05T23:24:54Z INFO    [RESPONSE] 200 261ms https://www.reddit.com/r/edexcel/search.json?q=%22Olevels+discord%22&sort=relevance&limit=100&t=all&raw_json=1&restrict_sr=1
2026-05-05T23:24:54Z INFO    [INFO] no results on first page for sort=relevance sub=edexcel
2026-05-05T23:24:54Z INFO    [PHASE] SEARCH r/GCSE  sort=relevance  variant=head:Olevels discord
2026-05-05T23:24:58Z INFO    [REQUEST] GET https://www.reddit.com/r/GCSE/search.json?q=%22Olevels+discord%22&sort=relevance&limit=100&t=all&raw_json=1&restrict_sr=1
2026-05-05T23:24:58Z INFO    [RESPONSE] 200 332ms https://www.reddit.com/r/GCSE/search.json?q=%22Olevels+discord%22&sort=relevance&limit=100&t=all&raw_json=1&restrict_sr=1
2026-05-05T23:24:58Z INFO    [INFO] no results on first page for sort=relevance sub=GCSE
2026-05-05T23:24:58Z INFO    [PHASE] SEARCH r/6thForm  sort=relevance  variant=head:Olevels discord
2026-05-05T23:25:02Z INFO    [REQUEST] GET https://www.reddit.com/r/6thForm/search.json?q=%22Olevels+discord%22&sort=relevance&limit=100&t=all&raw_json=1&restrict_sr=1
2026-05-05T23:25:03Z INFO    [RESPONSE] 200 270ms https://www.reddit.com/r/6thForm/search.json?q=%22Olevels+discord%22&sort=relevance&limit=100&t=all&raw_json=1&restrict_sr=1
2026-05-05T23:25:03Z INFO    [INFO] no results on first page for sort=relevance sub=6thForm
2026-05-05T23:25:03Z INFO    [PHASE] SEARCH r/Cheatingclassmates  sort=relevance  variant=head:Olevels discord
2026-05-05T23:25:07Z INFO    [REQUEST] GET https://www.reddit.com/r/Cheatingclassmates/search.json?q=%22Olevels+discord%22&sort=relevance&limit=100&t=all&raw_json=1&restrict_sr=1
2026-05-05T23:25:07Z INFO    [RESPONSE] 200 411ms https://www.reddit.com/r/Cheatingclassmates/search.json?q=%22Olevels+discord%22&sort=relevance&limit=100&t=all&raw_json=1&restrict_sr=1
2026-05-05T23:25:07Z INFO    [INFO] no results on first page for sort=relevance sub=Cheatingclassmates
2026-05-05T23:25:07Z INFO    [PHASE] SEARCH r/GetStudying  sort=relevance  variant=head:Olevels discord
2026-05-05T23:25:11Z INFO    [REQUEST] GET https://www.reddit.com/r/GetStudying/search.json?q=%22Olevels+discord%22&sort=relevance&limit=100&t=all&raw_json=1&restrict_sr=1
2026-05-05T23:25:11Z INFO    [RESPONSE] 200 314ms https://www.reddit.com/r/GetStudying/search.json?q=%22Olevels+discord%22&sort=relevance&limit=100&t=all&raw_json=1&restrict_sr=1
2026-05-05T23:25:11Z INFO    [INFO] no results on first page for sort=relevance sub=GetStudying
2026-05-05T23:25:11Z INFO    [PHASE] SEARCH r/studytips  sort=relevance  variant=head:Olevels discord
2026-05-05T23:25:15Z INFO    [REQUEST] GET https://www.reddit.com/r/studytips/search.json?q=%22Olevels+discord%22&sort=relevance&limit=100&t=all&raw_json=1&restrict_sr=1
2026-05-05T23:25:16Z INFO    [RESPONSE] 200 438ms https://www.reddit.com/r/studytips/search.json?q=%22Olevels+discord%22&sort=relevance&limit=100&t=all&raw_json=1&restrict_sr=1
2026-05-05T23:25:16Z INFO    [INFO] no results on first page for sort=relevance sub=studytips
2026-05-05T23:25:16Z INFO    [PHASE] SEARCH r/Olevels  sort=relevance  variant=head:Olevels
2026-05-05T23:25:20Z INFO    [REQUEST] GET https://www.reddit.com/r/Olevels/search.json?q=Olevels&sort=relevance&limit=100&t=all&raw_json=1&restrict_sr=1
2026-05-05T23:25:23Z INFO    [RESPONSE] 200 2712ms https://www.reddit.com/r/Olevels/search.json?q=Olevels&sort=relevance&limit=100&t=all&raw_json=1&restrict_sr=1
2026-05-05T23:25:23Z INFO    [HIT] #1 r/Olevels score=25 comments=36 title='cheating in olevels ‼️‼️'
2026-05-05T23:25:23Z INFO    [HIT] #2 r/Olevels score=6 comments=21 title='I GOT 8A*s IN MY OLEVELS, HERES HOW:'
2026-05-05T23:25:23Z INFO    [HIT] #3 r/Olevels score=24 comments=56 title='No O-Levels Paper has been leaked (yet)'
2026-05-05T23:25:23Z INFO    [HIT] #4 r/Olevels score=61 comments=39 title='Still feels like my eyes are deceiving me'
2026-05-05T23:25:23Z INFO    [HIT] #5 r/Olevels score=3 comments=26 title='Am I gonna fail olevel English?😭'
2026-05-05T23:25:23Z INFO    [HIT] #6 r/Olevels score=41 comments=50 title='WOWWWW I WISH 2028 SYLLABUS OF PAK STUDIES WOULD HAVE BEEN IN M/J 2026 😭💔'
2026-05-05T23:25:23Z INFO    [HIT] #7 r/Olevels score=9 comments=65 title='Should I just give up ? 😭'
2026-05-05T23:25:23Z INFO    [HIT] #8 r/Olevels score=0 comments=34 title='Olevels maths 4024'
2026-05-05T23:25:23Z INFO    [HIT] #9 r/Olevels score=1 comments=24 title='Maths p1/ olevel 4024'
2026-05-05T23:25:23Z INFO    [HIT] #10 r/Olevels score=2 comments=30 title='olevel urgent!!! or has anyone used this urdu book?? is this helpfulll???any guiudancee othervise what to use'
2026-05-05T23:25:23Z INFO    [HIT] #11 r/Olevels score=466 comments=672 title='I am concerned about my writing. Could you please tell me whether it is suitable for the Cambridge IGCSE May/June 2025 O2 examination?'
2026-05-05T23:25:23Z INFO    [HIT] #12 r/Olevels score=3 comments=19 title='DO WE HAVE TO MEMORIZE EXACT TRIG RATIOS FOR 4024 OLEVEL MATH'
2026-05-05T23:25:23Z INFO    [HIT] #13 r/Olevels score=1 comments=16 title='olevel chem paper'
2026-05-05T23:25:23Z INFO    [HIT] #14 r/Olevels score=3 comments=15 title='OLEVEL MATH PLS HELP'
2026-05-05T23:25:23Z INFO    [HIT] #15 r/Olevels score=2 comments=15 title='Math paper 2 olevel'
2026-05-05T23:25:23Z INFO    [HIT] #16 r/Olevels score=4 comments=83 title='Urdu 3248 Olevel'
2026-05-05T23:25:23Z INFO    [HIT] #17 r/Olevels score=2 comments=19 title='olevel urgent!!! or has anyone used this urdu book?? is this helpfulll???any guiudancee othervise what to use'
2026-05-05T23:25:23Z INFO    [HIT] #18 r/Olevels score=3 comments=18 title='Abdullah Ishaq youtube videos for Olevel Islamiyat'
2026-05-05T23:25:23Z INFO    [HIT] #19 r/Olevels score=7 comments=13 title='For olevel students'
2026-05-05T23:25:23Z INFO    [HIT] #20 r/Olevels score=6 comments=27 title='* URGENT*   geography olevel!!! 😭 Seniors , help plz!'
2026-05-05T23:25:23Z INFO    [HIT] #21 r/Olevels score=2 comments=14 title='calculaor is allowed in olevel paksitan studies exam??(in enviroment of pk/ geo)'
2026-05-05T23:25:23Z INFO    [HIT] #22 r/Olevels score=4 comments=10 title='Olevel 1123 guidance'
2026-05-05T23:25:23Z INFO    [HIT] #23 r/Olevels score=2 comments=9 title='olevels islamiyat'
2026-05-05T23:25:23Z INFO    [HIT] #24 r/Olevels score=1 comments=7 title='Physics olevels caie MJ 2026'
2026-05-05T23:25:23Z INFO    [HIT] #25 r/Olevels score=5 comments=14 title='battles olevel islamiyat 2058 urgent!!!'
2026-05-05T23:25:23Z INFO    [HIT] #26 r/Olevels score=2 comments=17 title='a good resource of IGCSE/olevel Islamiyat?!'
2026-05-05T23:25:23Z INFO    [HIT] #27 r/Olevels score=5 comments=7 title='PHYISICSSS OLEVELS HELP'
2026-05-05T23:25:23Z INFO    [HIT] #28 r/Olevels score=9 comments=6 title='Olevels suck😪'
2026-05-05T23:25:23Z INFO    [HIT] #29 r/Olevels score=1 comments=6 title='Maths olevels 4024 oct/Nov 2026'
2026-05-05T23:25:23Z INFO    [HIT] #30 r/Olevels score=1 comments=5 title="What's with the leaks about Urdu Olevel?"
2026-05-05T23:25:23Z INFO    [HIT] #31 r/Olevels score=3 comments=7 title='CIE OLEVEL Date sheet 2026.'
2026-05-05T23:25:23Z INFO    [HIT] #32 r/Olevels score=1 comments=6 title='STUDY HELP NEEDED FOR 9TH GRADE OLEVELS'
2026-05-05T23:25:23Z INFO    [HIT] #33 r/Olevels score=1 comments=5 title='Can I bring a calc in my olevel geo exam?'
2026-05-05T23:25:23Z INFO    [HIT] #34 r/Olevels score=4 comments=4 title='Olevels physics...any important topics plz'
2026-05-05T23:25:23Z INFO    [HIT] #35 r/Olevels score=1 comments=4 title='Math GEN1 help required!!!!! REPLY PLEASE (olevels MATH)'
2026-05-05T23:25:23Z INFO    [HIT] #36 r/Olevels score=0 comments=4 title='Olevel Hindusium exist??'
2026-05-05T23:25:23Z INFO    [HIT] #37 r/Olevels score=6 comments=97 title='Predict ur Olevel grades and then come back after 3 days to update'
2026-05-05T23:25:23Z INFO    [HIT] #38 r/Olevels score=2 comments=4 title='Need help with Cambridge Olevel physics'
2026-05-05T23:25:23Z INFO    [HIT] #39 r/Olevels score=1 comments=5 title='What to do abt Urdu Second language (olevels) past papers of before 2024?'
2026-05-05T23:25:23Z INFO    [HIT] #40 r/Olevels score=2 comments=4 title='OLEVELS CHEMISTRY MAYJUNE 2026'
2026-05-05T23:25:23Z INFO    [HIT] #41 r/Olevels score=1 comments=4 title='grade my directed writing ! olevel 1123 in a few hours'
2026-05-05T23:25:23Z INFO    [HIT] #42 r/Olevels score=2 comments=2 title='Olevel'
2026-05-05T23:25:23Z INFO    [HIT] #43 r/Olevels score=1 comments=2 title='Anyone who will give variant AX for olevel islamiat 2059 - 21 and 11 please reply'
2026-05-05T23:25:23Z INFO    [HIT] #44 r/Olevels score=1 comments=4 title='Are the olevels and igcse maths paper identical, like computer?'
2026-05-05T23:25:23Z INFO    [HIT] #45 r/Olevels score=1 comments=1 title='Physics olevels p2 2026'
2026-05-05T23:25:23Z INFO    [HIT] #46 r/Olevels score=2 comments=2 title='Please senior olevelers, HELP ME WITH URDU!'
2026-05-05T23:25:23Z INFO    [HIT] #47 r/Olevels score=2 comments=2 title='b parts olevel islamiyat'
2026-05-05T23:25:23Z INFO    [HIT] #48 r/Olevels score=3 comments=5 title='English Olevels Tips'
2026-05-05T23:25:23Z INFO    [HIT] #49 r/Olevels score=3 comments=1 title='Please share the question paper of yesterday’s olevel chemistry paper 22 with marking scheme🙏🏻🙏🏻🙏🏻'
2026-05-05T23:25:23Z INFO    [HIT] #50 r/Olevels score=3 comments=3 title='Olevel English (1123) queries'
2026-05-05T23:25:23Z INFO    [HIT] #51 r/Olevels score=1 comments=2 title='ABSOLUTELY URGENT, PLSS HELPP OLEVELS!!!'
2026-05-05T23:25:23Z INFO    [HIT] #52 r/Olevels score=1 comments=2 title='Can someone mark these olevel history answers?? (M/J 2025)'
2026-05-05T23:25:23Z INFO    [HIT] #53 r/Olevels score=4 comments=10 title='Olevel 2026'
2026-05-05T23:25:23Z INFO    [HIT] #54 r/Olevels score=2 comments=1 title='Guess Paper by sir iftikar islamiyat Olevel 2058 2026'
2026-05-05T23:25:23Z INFO    [HIT] #55 r/Olevels score=1 comments=1 title='Olevel GP scripts needed'
2026-05-05T23:25:23Z INFO    [HIT] #56 r/Olevels score=3 comments=10 title='syllabus olevel Islamiyat ,ps and urdu'
2026-05-05T23:25:23Z INFO    [HIT] #57 r/Olevels score=3 comments=4 title='OLEVEL ACCOUNTS'
2026-05-05T23:25:23Z INFO    [HIT] #58 r/Olevels score=83 comments=32 title='Olevels'
2026-05-05T23:25:23Z INFO    [HIT] #59 r/Olevels score=3 comments=1 title='Need olevel premium recorded lectures ? 👍'
2026-05-05T23:25:23Z INFO    [HIT] #60 r/Olevels score=1 comments=3 title='Help olevels accounting'
2026-05-05T23:25:23Z INFO    [HIT] #61 r/Olevels score=2 comments=3 title='Olevel urdu first language'
2026-05-05T23:25:23Z INFO    [HIT] #62 r/Olevels score=8 comments=31 title="Please pray for meeee...I am honestly scared my exams didn't go well...I literally cried after I sat in olevel cies"
2026-05-05T23:25:23Z INFO    [HIT] #63 r/Olevels score=1 comments=1 title='Olevel Computer Science Guide'
2026-05-05T23:25:23Z INFO    [HIT] #64 r/Olevels score=1 comments=6 title='Olevels islamyat'
2026-05-05T23:25:23Z INFO    [HIT] #65 r/Olevels score=3 comments=66 title='Physics 5054/12 olevels'
2026-05-05T23:25:23Z INFO    [HIT] #66 r/Olevels score=3 comments=3 title='battles olevel islamiyat 2058 urgent!!!'
2026-05-05T23:25:23Z INFO    [HIT] #67 r/Olevels score=1 comments=9 title='olevel urdu b, seniors!!!'
2026-05-05T23:25:23Z INFO    [HIT] #68 r/Olevels score=3 comments=8 title='URGENTTTT NEEEEDDD OFF OLEVEL PAKSTUDIES TEACHERR!!!!!!!!'
2026-05-05T23:25:23Z INFO    [HIT] #69 r/Olevels score=1 comments=1 title='People who have done Olevels Pls read'
2026-05-05T23:25:23Z INFO    [HIT] #70 r/Olevels score=1 comments=1 title='GUYS I HAVE LITR A MONTH LEFT IN MY PAK STUDIES OLEVELS PLUS ISLAMIYAT PAPER PLS HELP ME I HAVE DONE SECTION 1 AND 2 IS IT ENOUGH TIME PLS HELPPPPPPPPPP'
2026-05-05T23:25:23Z INFO    [HIT] #71 r/Olevels score=5 comments=12 title='English olevel'
2026-05-05T23:25:23Z INFO    [HIT] #72 r/Olevels score=1 comments=10 title='Olevels biology'
2026-05-05T23:25:23Z INFO    [HIT] #73 r/Olevels score=2 comments=1 title='battles olevel islamiyat 2058 urgent!!!'
2026-05-05T23:25:23Z INFO    [HIT] #74 r/Olevels score=4 comments=13 title='Guys I’m wanting to drop Pakistan studies Urdu in my olevels course and I don’t plan to study or do my alevels from here either or my uni so plz give advice'
2026-05-05T23:25:23Z INFO    [HIT] #75 r/Olevels score=5 comments=4 title='Pro tip for olevel/igcse maths'
2026-05-05T23:25:23Z INFO    [HIT] #76 r/Olevels score=2 comments=10 title='OLEVEL PDF READ AND WRITE TOPICALS!!'
2026-05-05T23:25:23Z INFO    [HIT] #77 r/Olevels score=1 comments=17 title='Which Physics/Chemistry books should be used in OLevels?'
2026-05-05T23:25:23Z INFO    [HIT] #78 r/Olevels score=9 comments=19 title='I got 6A*s 2As in my Olevels/IGCSES this year and i’d like to help y’all out. AMA'
2026-05-05T23:25:23Z INFO    [HIT] #79 r/Olevels score=1 comments=4 title='Do you need specialized notes for islamiat or is the book alright? The MYM notes I wanna print are like massive and will cost alot; the books with me, and for like concepts like namaz not too hard for p2, so can I just do that off the classic islamiat for olevels red and green book?'
2026-05-05T23:25:23Z INFO    [HIT] #80 r/Olevels score=1 comments=1 title='Commerce Olevel 7100 Notes Needed!'
2026-05-05T23:25:23Z INFO    [HIT] #81 r/Olevels score=2 comments=5 title='Need to pass olevel maths'
2026-05-05T23:25:23Z INFO    [HIT] #82 r/Olevels score=3 comments=2 title='I made another mind map reviewer for Olevel physics, hope this helps!'
2026-05-05T23:25:23Z INFO    [HIT] #83 r/Olevels score=1 comments=2 title='Sme Chemistry Olevel Notes'
2026-05-05T23:25:23Z INFO    [HIT] #84 r/Olevels score=2 comments=3 title='physics olevels'
2026-05-05T23:25:23Z INFO    [HIT] #85 r/Olevels score=5 comments=11 title='OLEVEL PAK STUDIES AND ISLAMIAT HELP'
2026-05-05T23:25:23Z INFO    [HIT] #86 r/Olevels score=6 comments=15 title='need help with olevel pak studies or anys ubject'
2026-05-05T23:25:23Z INFO    [HIT] #87 r/Olevels score=1 comments=5 title='GCE Olevel and IGCSE certificates for the same session'
2026-05-05T23:25:23Z INFO    [HIT] #88 r/Olevels score=4 comments=2 title='I made another mind map for Olevel Biology, hope this helps!'
2026-05-05T23:25:23Z INFO    [HIT] #89 r/Olevels score=3 comments=4 title='Olevel urdu B'
2026-05-05T23:25:23Z INFO    [HIT] #90 r/Olevels score=1 comments=1 title='syllabus olevel Islamiyat ,ps and urdu'
2026-05-05T23:25:23Z INFO    [HIT] #91 r/Olevels score=1 comments=1 title='syllabus olevel Islamiyat ,ps and urdu'
2026-05-05T23:25:23Z INFO    [HIT] #92 r/Olevels score=3 comments=5 title='Need advice on how to prepare for olevels subjects'
2026-05-05T23:25:23Z INFO    [HIT] #93 r/Olevels score=11 comments=81 title='[OLEVEL] combined science practical 2023'
2026-05-05T23:25:23Z INFO    [HIT] #94 r/Olevels score=1 comments=1 title="Guys I'm gonna fail olevels HELP ME PLS"
2026-05-05T23:25:23Z INFO    [HIT] #95 r/Olevels score=3 comments=23 title='Cs olevel'
2026-05-05T23:25:23Z INFO    [HIT] #96 r/Olevels score=2 comments=5 title='Pls help in olevel accounting'
2026-05-05T23:25:23Z INFO    [HIT] #97 r/Olevels score=4 comments=23 title='Can someone recommend teachers for olevel physics and chemistry???'
2026-05-05T23:25:23Z INFO    [HIT] #98 r/Olevels score=2 comments=2 title='english olevel tuition online'
2026-05-05T23:25:23Z INFO    [HIT] #99 r/Olevels score=2 comments=6 title='PLEASE GUYS I NEED CS OLEVEL SAVE MY EXAMS NOTES PLS IVE GOT MIDS IN 5 DAYS'
2026-05-05T23:25:27Z INFO    [REQUEST] GET https://www.reddit.com/r/Olevels/search.json?q=Olevels&sort=relevance&limit=100&t=all&raw_json=1&restrict_sr=1&after=t3_1p80tuj
2026-05-05T23:25:28Z INFO    [RESPONSE] 200 1734ms https://www.reddit.com/r/Olevels/search.json?q=Olevels&sort=relevance&limit=100&t=all&raw_json=1&restrict_sr=1&after=t3_1p80tuj
2026-05-05T23:25:28Z INFO    [HIT] #100 r/Olevels score=1 comments=1 title='* URGENT*   geography olevel!!! 😭 Seniors , help plz!'
2026-05-05T23:25:28Z INFO    [HIT] #101 r/Olevels score=1 comments=2 title='Can you get into like an ivy or any other good uni abroad with a C or B in Olevels?'
2026-05-05T23:25:28Z INFO    [HIT] #102 r/Olevels score=2 comments=1 title='Olevel physics Oct Nov 2025 12'
2026-05-05T23:25:28Z INFO    [HIT] #103 r/Olevels score=8 comments=7 title='Offering Free Olevels CS and Physics Mentorship :)'
2026-05-05T23:25:28Z INFO    [HIT] #104 r/Olevels score=2 comments=13 title='Best notes/books for igcse olevel islamiat'
2026-05-05T23:25:28Z INFO    [HIT] #105 r/Olevels score=2 comments=14 title="ISLAMIAT O'LEVEL ADVICEE"
2026-05-05T23:25:28Z INFO    [HIT] #106 r/Olevels score=4 comments=1 title='Olevels.com by juanid mansoor'
2026-05-05T23:25:28Z INFO    [HIT] #107 r/Olevels score=1 comments=5 title='olevel soc'
2026-05-05T23:25:28Z INFO    [HIT] #108 r/Olevels score=1 comments=4 title='3247 Olevels Urdu'
2026-05-05T23:25:28Z INFO    [HIT] #109 r/Olevels score=3 comments=20 title='Easiest olevel subs'
2026-05-05T23:25:28Z INFO    [HIT] #110 r/Olevels score=9 comments=16 title='FSC after Olevels'
2026-05-05T23:25:28Z INFO    [HIT] #111 r/Olevels score=4 comments=14 title="what if i give half o'level exam in may June and then give other half in oct nov from different school"
2026-05-05T23:25:28Z INFO    [HIT] #112 r/Olevels score=13 comments=16 title='done with olevels, what should i do in summer break?'
2026-05-05T23:25:28Z INFO    [HIT] #113 r/Olevels score=1 comments=12 title='Olevel 2025 May June Computer Exam'
2026-05-05T23:25:28Z INFO    [HIT] #114 r/Olevels score=3 comments=9 title='Olevel english'
2026-05-05T23:25:28Z INFO    [HIT] #115 r/Olevels score=56 comments=361 title='math answers'
2026-05-05T23:25:28Z INFO    [HIT] #116 r/Olevels score=7 comments=19 title='Olevels Math 4024 paper 2 may/june 2025 Question Paper n Marking Scheme?'
2026-05-05T23:25:28Z INFO    [HIT] #117 r/Olevels score=1 comments=14 title='Plzzz find good olevels academy in karachi'
2026-05-05T23:25:28Z INFO    [HIT] #118 r/Olevels score=1 comments=1 title='IS IGCSE MATHS 0580 (extended) HARDER THAN OLEVELS 4024'
2026-05-05T23:25:28Z INFO    [HIT] #119 r/Olevels score=1 comments=2 title='Any body who is taking English literature in olevels (drama Antony and Cleopatra, mid summers night dream , prose: Pride and prejudice)'
2026-05-05T23:25:28Z INFO    [HIT] #120 r/Olevels score=1 comments=9 title='Can I get some reassurance on olevel prep? Pls?'
2026-05-05T23:25:28Z INFO    [HIT] #121 r/Olevels score=1 comments=7 title='Is this playlist applicable for olevels chemistry?'
2026-05-05T23:25:28Z INFO    [HIT] #122 r/Olevels score=1 comments=3 title='is someone up for giving me the sociology book for free for olevel ( green one ) ? pls'
2026-05-05T23:25:28Z INFO    [HIT] #123 r/Olevels score=1 comments=6 title='islamiyat olevels'
2026-05-05T23:25:28Z INFO    [HIT] #124 r/Olevels score=7 comments=26 title='biggest struggle of a middle class olevel student  '
2026-05-05T23:25:28Z INFO    [HIT] #125 r/Olevels score=1 comments=4 title='URGENT PAK STUDIES HELP OLEVELS'
2026-05-05T23:25:28Z INFO    [HIT] #126 r/Olevels score=1 comments=10 title='HELP URGENT CHEM OLEVELS PAKISTAN'
2026-05-05T23:25:28Z INFO    [HIT] #127 r/Olevels score=1 comments=1 title='Can anyone suggest some really good olevel economics notes? The best'
2026-05-05T23:25:28Z INFO    [HIT] #128 r/Olevels score=2 comments=15 title="Help for o'levels 2026 English"
2026-05-05T23:25:28Z INFO    [HIT] #129 r/Olevels score=1 comments=11 title='private olevels in karachi?'
2026-05-05T23:25:28Z INFO    [HIT] #130 r/Olevels score=6 comments=9 title='Maths Olevels'
2026-05-05T23:25:28Z INFO    [HIT] #131 r/Olevels score=202 comments=192 title='💔'
2026-05-05T23:25:28Z INFO    [HIT] #132 r/Olevels score=356 comments=127 title='ASKING FOR LEAKS? Here’s your reality'
2026-05-05T23:25:28Z INFO    [HIT] #133 r/Olevels score=1 comments=9 title='ALL OLEVEL RESOURCE U NEED'
2026-05-05T23:25:28Z INFO    [HIT] #134 r/Olevels score=1 comments=7 title='ISLAMIAT HELP OLEVEL IGCSE'
2026-05-05T23:25:28Z INFO    [HIT] #135 r/Olevels score=0 comments=15 title='What are the expected grade thresholds for Olevel Mathematics 4024?'
2026-05-05T23:25:28Z INFO    [HIT] #136 r/Olevels score=1 comments=1 title='Literature/economics students !! I havent done either of these in olevel but have taken them for alevel . Is there a chance ill get an A? I will be doing them at nixor'
2026-05-05T23:25:28Z INFO    [HIT] #137 r/Olevels score=1 comments=6 title='as an o2 student, planning on taking olevel EM. i want to give my exams in the may june sess alongside pst, isl and urdu. what resources should i use, as i am running out of timeeee also is it easy to secure an a star'
2026-05-05T23:25:28Z INFO    [HIT] #138 r/Olevels score=5 comments=8 title='People who are done with olevel'
2026-05-05T23:25:28Z INFO    [HIT] #139 r/Olevels score=1 comments=4 title='Bilal hameed olevel chemistry notes'
2026-05-05T23:25:28Z INFO    [HIT] #140 r/Olevels score=1 comments=1 title='Olevel survey'
2026-05-05T23:25:28Z INFO    [HIT] #141 r/Olevels score=5 comments=11 title='are extracurricular activites imp in olevels ?'
2026-05-05T23:25:28Z INFO    [HIT] #142 r/Olevels score=1 comments=7 title="O'levels urdu tutor needed"
2026-05-05T23:25:28Z INFO    [HIT] #143 r/Olevels score=1 comments=1 title='Olevel ATP Chem notes'
2026-05-05T23:25:28Z INFO    [HIT] #144 r/Olevels score=1 comments=4 title="Which calculator for o'level math syllabus D and sime advice on math"
2026-05-05T23:25:28Z INFO    [HIT] #145 r/Olevels score=2 comments=13 title='Is olevels only given by Pakistanis?'
2026-05-05T23:25:28Z INFO    [HIT] #146 r/Olevels score=1 comments=1 title='recorded lectures working for olevel exam pak studies'
2026-05-05T23:25:28Z INFO    [HIT] #147 r/Olevels score=2 comments=1 title='Olevel urdu 3248/01 give answers of all questions plز'
2026-05-05T23:25:28Z INFO    [HIT] #148 r/Olevels score=3 comments=3 title='Tips for olevel commerce pls reply'
2026-05-05T23:25:28Z INFO    [HIT] #149 r/Olevels score=3 comments=4 title="Ya'll I got my O'level (O2)results"
2026-05-05T23:25:28Z INFO    [HIT] #150 r/Olevels score=1 comments=4 title='Olevel'
2026-05-05T23:25:28Z INFO    [HIT] #151 r/Olevels score=1 comments=4 title='Olevel results'
2026-05-05T23:25:28Z INFO    [HIT] #152 r/Olevels score=2 comments=4 title='Olevels'
2026-05-05T23:25:28Z INFO    [HIT] #153 r/Olevels score=1 comments=1 title='Olevel maths 7th & 15th Oct!'
2026-05-05T23:25:28Z INFO    [HIT] #154 r/Olevels score=1 comments=7 title='Need help for olevels'
2026-05-05T23:25:28Z INFO    [HIT] #155 r/Olevels score=1 comments=5 title='HELPP ISLAMIAT IGCSE OLEVELS'
2026-05-05T23:25:28Z INFO    [HIT] #156 r/Olevels score=1 comments=4 title='OLEVEl C.S AnD urdu b'
2026-05-05T23:25:28Z INFO    [HIT] #157 r/Olevels score=1 comments=4 title='Olevels business'
2026-05-05T23:25:28Z INFO    [HIT] #158 r/Olevels score=1 comments=3 title='Recheck for Olevel Urdu'
2026-05-05T23:25:28Z INFO    [HIT] #159 r/Olevels score=1 comments=3 title='Please recommend good schools for 2yr olevel programme..'
2026-05-05T23:25:28Z INFO    [HIT] #160 r/Olevels score=2 comments=4 title='Can I use IGCSE Pastpapers for olevels'
2026-05-05T23:25:28Z INFO    [HIT] #161 r/Olevels score=1 comments=6 title='Need help for olevels'
2026-05-05T23:25:28Z INFO    [HIT] #162 r/Olevels score=2 comments=2 title='14 marker spt olevel'
2026-05-05T23:25:28Z INFO    [HIT] #163 r/Olevels score=9 comments=8 title='2 WEEKS GAP OLEVELS'
2026-05-05T23:25:28Z INFO    [HIT] #164 r/Olevels score=1 comments=2 title='OLEVEL CHEM HELP'
2026-05-05T23:25:28Z INFO    [HIT] #165 r/Olevels score=1 comments=2 title='Olevels grade'
2026-05-05T23:25:28Z INFO    [HIT] #166 r/Olevels score=2 comments=10 title='this fr? #olevels'
2026-05-05T23:25:28Z INFO    [HIT] #167 r/Olevels score=1 comments=1 title='Can we combine olevel and igsce ?'
2026-05-05T23:25:28Z INFO    [HIT] #168 r/Olevels score=2 comments=9 title='olevels students going to ssl?'
2026-05-05T23:25:28Z INFO    [HIT] #169 r/Olevels score=1 comments=10 title='Pak Studies Olevel'
2026-05-05T23:25:28Z INFO    [HIT] #170 r/Olevels score=1 comments=1 title='offering help for olevels and AS'
2026-05-05T23:25:28Z INFO    [HIT] #171 r/Olevels score=1 comments=7 title='Online olevel Tution'
2026-05-05T23:25:28Z INFO    [HIT] #172 r/Olevels score=4 comments=6 title='How much is a cm on olevels 4024 maths graphs?'
2026-05-05T23:25:28Z INFO    [HIT] #173 r/Olevels score=2 comments=6 title='Is business olevel easy subject??'
2026-05-05T23:25:28Z INFO    [HIT] #174 r/Olevels score=2 comments=1 title='Tutoring for olevels biology'
2026-05-05T23:25:28Z INFO    [HIT] #175 r/Olevels score=5 comments=19 title='I Have My school mid terms coming up (10th grade Olevels) I needed some help (I would be extremely grateful if you just took a minute to comment)'
2026-05-05T23:25:28Z INFO    [HIT] #176 r/Olevels score=5 comments=7 title='DISTINCTION IN BIO olevel 5090'
2026-05-05T23:25:28Z INFO    [HIT] #177 r/Olevels score=3 comments=5 title='Need help. Suggest a olevel computer science YouTube channel'
2026-05-05T23:25:28Z INFO    [HIT] #178 r/Olevels score=1 comments=6 title='I’m appearing in olevel Oct Nov'
2026-05-05T23:25:28Z INFO    [HIT] #179 r/Olevels score=2 comments=1 title='Recent Olevel Urdu exam 2024 Oct nov paper'
2026-05-05T23:25:28Z INFO    [HIT] #180 r/Olevels score=1 comments=1 title='Orientation for IGCSE/Olevel Computer Science (in Urdu)'
2026-05-05T23:25:28Z INFO    [HIT] #181 r/Olevels score=2 comments=3 title='Is there any difference between olevels 1120, IGCSE 0478 and IGCSE 0984?'
2026-05-05T23:25:28Z INFO    [HIT] #182 r/Olevels score=2 comments=1 title='Olevel biology notes by dr Noor'
2026-05-05T23:25:28Z INFO    [HIT] #183 r/Olevels score=2 comments=2 title='i am looking to join an academy teaching olevels, preferably during morning time following a school routine. Help needed. (from karachi, pak)'
2026-05-05T23:25:28Z INFO    [HIT] #184 r/Olevels score=2 comments=4 title='Olevel add maths'
2026-05-05T23:25:28Z INFO    [HIT] #185 r/Olevels score=1 comments=3 title='Olevel computer science'
2026-05-05T23:25:28Z INFO    [HIT] #186 r/Olevels score=3 comments=2 title='Going from olevels to AKUB'
2026-05-05T23:25:28Z INFO    [HIT] #187 r/Olevels score=4 comments=3 title='Tutoring olevels students'
2026-05-05T23:25:28Z INFO    [HIT] #188 r/Olevels score=3 comments=13 title='oct nov 2024 result olevel'
2026-05-05T23:25:28Z INFO    [HIT] #189 r/Olevels score=1 comments=1 title='Need help for olevels'
2026-05-05T23:25:28Z INFO    [HIT] #190 r/Olevels score=4 comments=23 title="Should I sell or giveaway my old O'level notes?"
2026-05-05T23:25:28Z INFO    [HIT] #191 r/Olevels score=20 comments=235 title='physics'
2026-05-05T23:25:28Z INFO    [HIT] #192 r/Olevels score=3 comments=3 title='Olevel mcqs'
2026-05-05T23:25:28Z INFO    [HIT] #193 r/Olevels score=1 comments=2 title='Internship for students who just got over w olevels'
2026-05-05T23:25:28Z INFO    [HIT] #194 r/Olevels score=12 comments=9 title='OLevels Physics - 45 day Roadmap!'
2026-05-05T23:25:28Z INFO    [HIT] #195 r/Olevels score=1 comments=3 title='study in usa after olevels'
2026-05-05T23:25:28Z INFO    [HIT] #196 r/Olevels score=3 comments=3 title='Accounting olevels'
2026-05-05T23:25:28Z INFO    [HIT] #197 r/Olevels score=2 comments=1 title='Want to do productive these summers by teaching Olevels'
2026-05-05T23:25:28Z INFO    [HIT] #198 r/Olevels score=1 comments=20 title='Should I give Add Maths (olevel)'
2026-05-05T23:25:32Z INFO    [REQUEST] GET https://www.reddit.com/r/Olevels/search.json?q=Olevels&sort=relevance&limit=100&t=all&raw_json=1&restrict_sr=1&after=t3_1etlz4v
2026-05-05T23:25:33Z INFO    [RESPONSE] 200 794ms https://www.reddit.com/r/Olevels/search.json?q=Olevels&sort=relevance&limit=100&t=all&raw_json=1&restrict_sr=1&after=t3_1etlz4v
2026-05-05T23:25:33Z INFO    [HIT] #199 r/Olevels score=1 comments=3 title='Phsyics p4 olevels'
2026-05-05T23:25:33Z INFO    [HIT] #200 r/Olevels score=1 comments=16 title='Does doing olevels In 3 years effect universities admissions'
2026-05-05T23:25:33Z INFO    [HIT] #201 r/Olevels score=5 comments=1 title='FOR THE GRADUATING CLASS OF R/OLEVELS , ask!'
2026-05-05T23:25:33Z INFO    [HIT] #202 r/Olevels score=3 comments=1 title='Olevel books available'
2026-05-05T23:25:33Z INFO    [HIT] #203 r/Olevels score=7 comments=3 title='OFFICIAL cambridge formats : Olevel & IGCSE English 1123/0500'
2026-05-05T23:25:33Z INFO    [HIT] #204 r/Olevels score=2 comments=3 title='olevel p1'
2026-05-05T23:25:33Z INFO    [HIT] #205 r/Olevels score=2 comments=2 title='sociology olevels'
2026-05-05T23:25:33Z INFO    [HIT] #206 r/Olevels score=6 comments=3 title='Most important topics in olevels chemistry especially for p2?'
2026-05-05T23:25:33Z INFO    [HIT] #207 r/Olevels score=5 comments=14 title='REALLY NEED ISLAMIAT OLEVEL STUDY GUIDE!!! '
2026-05-05T23:25:33Z INFO    [HIT] #208 r/Olevels score=2 comments=2 title='OLevels Physics Syllabus Revision!'
2026-05-05T23:25:33Z INFO    [HIT] #209 r/Olevels score=1 comments=1 title='Olevels business p2'
2026-05-05T23:25:33Z INFO    [HIT] #210 r/Olevels score=3 comments=11 title='If anyone needs help with any Olevel subjects and topics they can reach out'
2026-05-05T23:25:33Z INFO    [HIT] #211 r/Olevels score=0 comments=1 title='Olevel Physics atp read and write notes'
2026-05-05T23:25:33Z INFO    [HIT] #212 r/Olevels score=1 comments=1 title='Physics gce olevel 2025'
2026-05-05T23:25:33Z INFO    [HIT] #213 r/Olevels score=3 comments=20 title='ADD MATHS ANSWERS P2 OLEVEL'
2026-05-05T23:25:33Z INFO    [HIT] #214 r/Olevels score=3 comments=4 title="urgent need help | O'level"
2026-05-05T23:25:33Z INFO    [HIT] #215 r/Olevels score=1 comments=1 title='Olevel'
2026-05-05T23:25:33Z INFO    [HIT] #216 r/Olevels score=1 comments=7 title='Olevels Tips that actually work or things that helped you or Things you shouldve done '
2026-05-05T23:25:33Z INFO    [HIT] #217 r/Olevels score=3 comments=2 title='Olevels.com'
2026-05-05T23:25:33Z INFO    [HIT] #218 r/Olevels score=2 comments=2 title='Olevels Physics ATP Q4 Guide'
2026-05-05T23:25:33Z INFO    [HIT] #219 r/Olevels score=1 comments=1 title='Olevel Online Tuition'
2026-05-05T23:25:33Z INFO    [HIT] #220 r/Olevels score=3 comments=1 title='Guess paper for Olevel Pakistan Studies'
2026-05-05T23:25:33Z INFO    [HIT] #221 r/Olevels score=43 comments=179 title='4024 p1💔'
2026-05-05T23:25:33Z INFO    [HIT] #222 r/Olevels score=3 comments=2 title="O'level English 1123 syllabus changed"
2026-05-05T23:25:33Z INFO    [HIT] #223 r/Olevels score=3 comments=2 title='Olevel biology Classes!'
2026-05-05T23:25:33Z INFO    [HIT] #224 r/Olevels score=1 comments=1 title='Olevel Online Tuition'
2026-05-05T23:25:33Z INFO    [HIT] #225 r/Olevels score=62 comments=158 title='Urdu P2 scripts'
2026-05-05T23:25:33Z INFO    [HIT] #226 r/Olevels score=64 comments=159 title='ISLAMIAT PAPER 1. (💔)'
2026-05-05T23:25:33Z INFO    [HIT] #227 r/Olevels score=5 comments=10 title='Chemistry olevel '
2026-05-05T23:25:33Z INFO    [HIT] #228 r/Olevels score=1 comments=5 title='Need confirmation for Olevel / IG maths!'
2026-05-05T23:25:33Z INFO    [HIT] #229 r/Olevels score=3 comments=7 title='History Olevel 10 marks '
2026-05-05T23:25:33Z INFO    [HIT] #230 r/Olevels score=1 comments=16 title='PHYSICS OLEVEL '
2026-05-05T23:25:33Z INFO    [HIT] #231 r/Olevels score=3 comments=3 title='Addmaths olevel 2024 Oct/Nov Threshold'
2026-05-05T23:25:33Z INFO    [PHASE] SEARCH r/igcse  sort=relevance  variant=head:Olevels
2026-05-05T23:25:37Z INFO    [REQUEST] GET https://www.reddit.com/r/igcse/search.json?q=Olevels&sort=relevance&limit=100&t=all&raw_json=1&restrict_sr=1
2026-05-05T23:25:39Z INFO    [RESPONSE] 200 1543ms https://www.reddit.com/r/igcse/search.json?q=Olevels&sort=relevance&limit=100&t=all&raw_json=1&restrict_sr=1
2026-05-05T23:25:39Z INFO    [HIT] #1 r/igcse score=19 comments=41 title='Feb March papers(2026) All here (olevels and Alevels)'
2026-05-05T23:25:39Z INFO    [HIT] #2 r/igcse score=1 comments=8 title='pick an olevel for me combined or computer science'
2026-05-05T23:25:39Z INFO    [HIT] #3 r/igcse score=1 comments=0 title='Feb/mar 2026 papers (both Olevel & Alevel)'
2026-05-05T23:25:39Z INFO    [HIT] #4 r/igcse score=0 comments=0 title='Olevel Hindusium exist??'
2026-05-05T23:25:39Z INFO    [HIT] #5 r/igcse score=1 comments=1 title='FULL SYLLABUS REVISION (IGCSE AND OLEVEL)'
2026-05-05T23:25:39Z INFO    [HIT] #6 r/igcse score=1 comments=0 title='Olevel igcse islamiyat'
2026-05-05T23:25:39Z INFO    [HIT] #7 r/igcse score=1 comments=1 title='olevels islamiyat'
2026-05-05T23:25:39Z INFO    [HIT] #8 r/igcse score=2 comments=3 title='Im taking may/june 2026 olevel exams v1'
2026-05-05T23:25:39Z INFO    [HIT] #9 r/igcse score=4 comments=10 title='i GOT 8A*s IN MY OLEVELS: HERES THE SECRET!'
2026-05-05T23:25:39Z INFO    [HIT] #10 r/igcse score=3 comments=12 title='IS IGCSE MATHS 0580 (extended) HARDER THAN OLEVELS 4024'
2026-05-05T23:25:39Z INFO    [HIT] #11 r/igcse score=1 comments=1 title='Badbane urdu (second lang olevel igcse book) by dr faizuddin'
2026-05-05T23:25:39Z INFO    [HIT] #12 r/igcse score=1 comments=1 title='Pro tip for olevel/igcse maths'
2026-05-05T23:25:39Z INFO    [HIT] #13 r/igcse score=1 comments=1 title='should i take cambridge psychology in olevels?'
2026-05-05T23:25:39Z INFO    [HIT] #14 r/igcse score=3 comments=6 title='IGCSE OR OLEVEL'
2026-05-05T23:25:39Z INFO    [HIT] #15 r/igcse score=1 comments=1 title='GCE Olevel and IGCSE certificates for the same session'
2026-05-05T23:25:39Z INFO    [HIT] #16 r/igcse score=2 comments=1 title='Olevels.com by juanid mansoor'
2026-05-05T23:25:39Z INFO    [HIT] #17 r/igcse score=3 comments=2 title='Anyone took human biology Cambridge as one of their olevels???'
2026-05-05T23:25:39Z INFO    [HIT] #18 r/igcse score=3 comments=23 title='what do u think of this if im aiming for A* in all olevels and A* in al bio, also arabic is my first language & will start studying for nov immediately after june examinations '
2026-05-05T23:25:39Z INFO    [HIT] #19 r/igcse score=3 comments=5 title='Is there any difference between olevels 1120, IGCSE 0478 and IGCSE 0984?'
2026-05-05T23:25:39Z INFO    [HIT] #20 r/igcse score=0 comments=1 title='Help guys i need the chemistry mark scheme for variant 1 Olevel i saw it here like two months ago but I can’t find it but i need it rn urgent pls guyss💓'
2026-05-05T23:25:39Z INFO    [HIT] #21 r/igcse score=1 comments=2 title='Olevel notes'
2026-05-05T23:25:39Z INFO    [HIT] #22 r/igcse score=1 comments=1 title='Orientation for IGCSE/Olevel Computer Science (in Urdu)'
2026-05-05T23:25:39Z INFO    [HIT] #23 r/igcse score=2 comments=2 title='switching from igcse to olevel'
2026-05-05T23:25:39Z INFO    [HIT] #24 r/igcse score=3 comments=1 title='FREE OLEVEL RESOURCES'
2026-05-05T23:25:39Z INFO    [HIT] #25 r/igcse score=2 comments=3 title='IGCSE in Pakistan pre olevel year'
2026-05-05T23:25:39Z INFO    [HIT] #26 r/igcse score=3 comments=4 title='Olevel Accounts Prediction 7707/0452'
2026-05-05T23:25:39Z INFO    [HIT] #27 r/igcse score=1 comments=1 title='OLEVELS ENGLISH OXFORD AQA ENGLISH'
2026-05-05T23:25:39Z INFO    [HIT] #28 r/igcse score=1 comments=4 title='olevels privately'
2026-05-05T23:25:39Z INFO    [HIT] #29 r/igcse score=2 comments=2 title='olevel or igcse'
2026-05-05T23:25:39Z INFO    [HIT] #30 r/igcse score=1 comments=2 title='olevel phy paper'
2026-05-05T23:25:39Z INFO    [HIT] #31 r/igcse score=1 comments=1 title='Olevel 0580/42'
2026-05-05T23:25:39Z INFO    [HIT] #32 r/igcse score=1 comments=2 title='Biology igcse olevel past papers'
2026-05-05T23:25:39Z INFO    [HIT] #33 r/igcse score=1 comments=1 title='PHYSICS OLEVEL HELPPPPP'
2026-05-05T23:25:39Z INFO    [HIT] #34 r/igcse score=2 comments=1 title='Olevels vs igcses'
2026-05-05T23:25:39Z INFO    [HIT] #35 r/igcse score=1 comments=0 title='English literature olevel'
2026-05-05T23:25:39Z INFO    [HIT] #36 r/igcse score=1 comments=1 title='Cambridge olevel 2025 batch help '
2026-05-05T23:25:39Z INFO    [HIT] #37 r/igcse score=2 comments=6 title='Am taking 7 olevels and i need help!!!'
2026-05-05T23:25:39Z INFO    [HIT] #38 r/igcse score=5 comments=29 title='these are my fourth reset for olevels with the same results as always i am lost and idk what to do atm i feel really disappointed... can someone help guid me please i am an Egyptian student and need to go to Egypt soon for uni'
2026-05-05T23:25:39Z INFO    [HIT] #39 r/igcse score=4 comments=7 title='Teachers of IGCSE, Olevel etc. for Cambridge International. What do you guys recieve on results day?'
2026-05-05T23:25:39Z INFO    [HIT] #40 r/igcse score=3 comments=1 title='igcse\\olevel community whatsapp group'
2026-05-05T23:25:39Z INFO    [HIT] #41 r/igcse score=3 comments=3 title='Where to study dentistry with only OLevels?'
2026-05-05T23:25:39Z INFO    [HIT] #42 r/igcse score=1 comments=0 title='Olevel biology coursebook 4th edition'
2026-05-05T23:25:39Z INFO    [HIT] #43 r/igcse score=5 comments=17 title='I really need the opinion of people who have finished olevel, What do I take, Chem or Bio?? I want to take only one.'
2026-05-05T23:25:39Z INFO    [HIT] #44 r/igcse score=1 comments=0 title="Brilliance Awards in O'Levels"
2026-05-05T23:25:39Z INFO    [HIT] #45 r/igcse score=2 comments=5 title='0511 English Olevel'
2026-05-05T23:25:39Z INFO    [HIT] #46 r/igcse score=1 comments=6 title='Maths olevel nov papers 4ma1'
2026-05-05T23:25:39Z INFO    [HIT] #47 r/igcse score=6 comments=0 title='Even though im expected to, I dont know anything about studying, going to university, olevels, etc.'
2026-05-05T23:25:39Z INFO    [HIT] #48 r/igcse score=1 comments=7 title='Question about printing in Word (ICT OLEVEL)'
2026-05-05T23:25:39Z INFO    [HIT] #49 r/igcse score=1 comments=0 title='olevel '
2026-05-05T23:25:39Z INFO    [HIT] #50 r/igcse score=17 comments=5 title="Olevel's Result"
2026-05-05T23:25:39Z INFO    [HIT] #51 r/igcse score=0 comments=4 title='Olevels'
2026-05-05T23:25:39Z INFO    [HIT] #52 r/igcse score=4 comments=4 title='Olevel cambridge results'
2026-05-05T23:25:39Z INFO    [HIT] #53 r/igcse score=1 comments=1 title='Cambridge accounting igcse and olevels'
2026-05-05T23:25:39Z INFO    [HIT] #54 r/igcse score=2 comments=0 title='Olevel edexcel math nov 23 1h and 2h'
2026-05-05T23:25:39Z INFO    [HIT] #55 r/igcse score=3 comments=0 title='Can someone share olevel 5090 biology p4 of oct/nov 2023'
2026-05-05T23:25:39Z INFO    [HIT] #56 r/igcse score=1 comments=5 title='I have final exam Olevel start from 31Oct. IDK ANYTHING SO WELL WHAT hell I do 😭'
2026-05-05T23:25:39Z INFO    [HIT] #57 r/igcse score=1 comments=3 title='Where to get electronic statement of Olevel results?'
2026-05-05T23:25:39Z INFO    [HIT] #58 r/igcse score=1 comments=1 title='Sociology igcse and olevels'
2026-05-05T23:25:39Z INFO    [HIT] #59 r/igcse score=0 comments=0 title='Olevels'
2026-05-05T23:25:39Z INFO    [HIT] #60 r/igcse score=1 comments=0 title='Any 4024 Olevel hard papers!?'
2026-05-05T23:25:39Z INFO    [HIT] #61 r/igcse score=2 comments=1 title='IGCSE Olevel grades to GPA'
2026-05-05T23:25:39Z INFO    [HIT] #62 r/igcse score=1 comments=1 title='Olevels ict students'
2026-05-05T23:25:39Z INFO    [HIT] #63 r/igcse score=8 comments=18 title='I study chemistry 0620, but I came across this question in olevel gcse... I thought the answer is C, yet the correct answer is B... Why? And is that a difference in the syllabus between 0620 and 5070?'
2026-05-05T23:25:39Z INFO    [HIT] #64 r/igcse score=1 comments=5 title='Olevel Universities in Egypt'
2026-05-05T23:25:39Z INFO    [HIT] #65 r/igcse score=4 comments=1 title='Exam paper for OLEVEL 2023'
2026-05-05T23:25:39Z INFO    [HIT] #66 r/igcse score=3 comments=8 title='can i take a subjects alevel/As without taking its olevel?'
2026-05-05T23:25:39Z INFO    [HIT] #67 r/igcse score=3 comments=4 title='how many subjects are compulsory for as an olevel for biology side?'
2026-05-05T23:25:39Z INFO    [HIT] #68 r/igcse score=4 comments=9 title="How different is IGCSE Physics from O'Levels physics?"
2026-05-05T23:25:39Z INFO    [HIT] #69 r/igcse score=3 comments=3 title='Igcse/olevel Addmath'
2026-05-05T23:25:39Z INFO    [HIT] #70 r/igcse score=1 comments=1 title='igcse and olevel cs study and revision guide 2nd edition'
2026-05-05T23:25:39Z INFO    [HIT] #71 r/igcse score=3 comments=11 title='Any predictions for physics and Cs olevel curves in june 2021?!'
2026-05-05T23:25:39Z INFO    [HIT] #72 r/igcse score=1 comments=2 title='can anybody provide me resource for olevel nutrition and food?'
2026-05-05T23:25:39Z INFO    [HIT] #73 r/igcse score=6 comments=5 title='I’ll finish my olevels in may June , but I just wanted to know whether I can finish Maths Alevel to take it in November'
2026-05-05T23:25:39Z INFO    [HIT] #74 r/igcse score=1 comments=4 title='Recommend subjects in Olevel'
2026-05-05T23:25:39Z INFO    [HIT] #75 r/igcse score=5 comments=2 title='OLEVEL IGCSE MAY JUNE 2022 GRADE THRESHOLD'
2026-05-05T23:25:39Z INFO    [HIT] #76 r/igcse score=3 comments=0 title='Olevel 1123 English Tips and suggestions for paper 1'
2026-05-05T23:25:39Z INFO    [HIT] #77 r/igcse score=10 comments=7 title='I lost around 76 marks in Physics OLEVEL does anyone know if that could be a 9 or 8?'
2026-05-05T23:25:39Z INFO    [HIT] #78 r/igcse score=1 comments=7 title='Which is harder olevel or as'
2026-05-05T23:25:39Z INFO    [HIT] #79 r/igcse score=1 comments=0 title='0970 Biology OLevel'
2026-05-05T23:25:39Z INFO    [HIT] #80 r/igcse score=2 comments=5 title='Olevel cie exams'
2026-05-05T23:25:39Z INFO    [HIT] #81 r/igcse score=5 comments=5 title='IF I LOST 28 MARKS IN CS OLEVEL WILL IT BE AN 8??'
2026-05-05T23:25:39Z INFO    [HIT] #82 r/igcse score=3 comments=0 title='guys how many of you exempted practicals in olevels and got A or A*?'
2026-05-05T23:25:39Z INFO    [HIT] #83 r/igcse score=5 comments=5 title='Need some help choosing my next Olevel subject !!!'
2026-05-05T23:25:39Z INFO    [HIT] #84 r/igcse score=1 comments=5 title='I lost around 27 marks in CS olevel in june 2021 does anyone know if that will be an 8 or 9?'
2026-05-05T23:25:39Z INFO    [HIT] #85 r/igcse score=2 comments=2 title="Anyone got the Chemistry Question Paper for O'level O/N 2021"
2026-05-05T23:25:39Z INFO    [HIT] #86 r/igcse score=1 comments=1 title='Is there university that I can join with Olevel by foundation'
2026-05-05T23:25:39Z INFO    [HIT] #87 r/igcse score=2 comments=5 title='Addmath CIE olevel'
2026-05-05T23:25:39Z INFO    [HIT] #88 r/igcse score=3 comments=1 title='Do you think the grade threshold of Cs and physics olevel will be lower in june 2021 than Nov 2020?'
2026-05-05T23:25:39Z INFO    [HIT] #89 r/igcse score=2 comments=0 title="What's the highest curve that ever came in Cs olevel (for the 8)"
2026-05-05T23:25:39Z INFO    [HIT] #90 r/igcse score=1 comments=2 title='OLEVElS'
2026-05-05T23:25:39Z INFO    [HIT] #91 r/igcse score=6 comments=2 title='Does anyone have olevel/igcse physics textbook pdf?'
2026-05-05T23:25:39Z INFO    [HIT] #92 r/igcse score=1 comments=0 title='Can someone explain to me real quick how to solve momentum in paper 2 physics olevel'
2026-05-05T23:25:39Z INFO    [HIT] #93 r/igcse score=2 comments=0 title='Edexcel Paper 1 Chemistry Olevel 2021 June'
2026-05-05T23:25:39Z INFO    [HIT] #94 r/igcse score=2 comments=0 title="Importance of native language in O'Levels for uni application"
2026-05-05T23:25:39Z INFO    [HIT] #95 r/igcse score=1 comments=0 title='Biology olevel'
2026-05-05T23:25:39Z INFO    [HIT] #96 r/igcse score=42 comments=25 title='notes for sciences'
2026-05-05T23:25:39Z INFO    [HIT] #97 r/igcse score=1 comments=13 title='is 6As and 2Bs good enough for igcse?'
2026-05-05T23:25:39Z INFO    [HIT] #98 r/igcse score=4 comments=14 title='I HATEE EVERYTHING PLS ADVICE'
2026-05-05T23:25:39Z INFO    [HIT] #99 r/igcse score=40 comments=7 title='I think I’m failing math. Should I take it in Alevel?'
2026-05-05T23:25:43Z INFO    [REQUEST] GET https://www.reddit.com/r/igcse/search.json?q=Olevels&sort=relevance&limit=100&t=all&raw_json=1&restrict_sr=1&after=t3_1sywafd
2026-05-05T23:25:44Z INFO    [RESPONSE] 200 1457ms https://www.reddit.com/r/igcse/search.json?q=Olevels&sort=relevance&limit=100&t=all&raw_json=1&restrict_sr=1&after=t3_1sywafd
2026-05-05T23:25:44Z INFO    [HIT] #100 r/igcse score=8 comments=10 title='I need more motivation...'
2026-05-05T23:25:44Z INFO    [HIT] #101 r/igcse score=29 comments=12 title='Cambridge, why do you hate us?'
2026-05-05T23:25:44Z INFO    [HIT] #102 r/igcse score=39 comments=49 title='Biology paper 4 variant 1 may/June mark scheme'
2026-05-05T23:25:44Z INFO    [HIT] #103 r/igcse score=3 comments=14 title='MEGA DRIVE (resources for nearly all subjs)'
2026-05-05T23:25:44Z INFO    [HIT] #104 r/igcse score=3 comments=4 title='A levels plan'
2026-05-05T23:25:44Z INFO    [HIT] #105 r/igcse score=8 comments=7 title='A Gift for all students! 🎁'
2026-05-05T23:25:44Z INFO    [HIT] #106 r/igcse score=1 comments=7 title='Update'
2026-05-05T23:25:44Z INFO    [HIT] #107 r/igcse score=2 comments=36 title='PLEASE OPINIONS ON EVM(ENVIRONMENTAL MANAGMENTT)'
2026-05-05T23:25:44Z INFO    [HIT] #108 r/igcse score=1 comments=4 title='non calc for maths 0580'
2026-05-05T23:25:44Z INFO    [HIT] #109 r/igcse score=1 comments=3 title='Thinking of transferring to igcse'
2026-05-05T23:25:44Z INFO    [HIT] #110 r/igcse score=3 comments=4 title='0580 p2 wat do i dooo'
2026-05-05T23:25:44Z INFO    [HIT] #111 r/igcse score=5 comments=8 title='Classroom'
2026-05-05T23:25:44Z INFO    [HIT] #112 r/igcse score=2 comments=8 title='Free past paper site for Edexcel and Cambridge IGCSE and IAL students'
2026-05-05T23:25:44Z INFO    [HIT] #113 r/igcse score=2 comments=2 title='Help need for IGCSE Urdu 0539'
2026-05-05T23:25:44Z INFO    [HIT] #114 r/igcse score=15 comments=126 title='Chemistry v2 discussion paper'
2026-05-05T23:25:44Z INFO    [HIT] #115 r/igcse score=12 comments=21 title='Math 0580 urgent!!!'
2026-05-05T23:25:44Z INFO    [HIT] #116 r/igcse score=5 comments=70 title='what were your predicted Vs real? '
2026-05-05T23:25:44Z INFO    [HIT] #117 r/igcse score=13 comments=23 title='should i remark?'
2026-05-05T23:25:44Z INFO    [HIT] #118 r/igcse score=7 comments=3 title='How to relearn the syllabus before may june'
2026-05-05T23:25:44Z INFO    [HIT] #119 r/igcse score=34 comments=119 title='IGCSE/O Level M/J 2022 - General Discussion Megathread'
2026-05-05T23:25:44Z INFO    [HIT] #120 r/igcse score=2 comments=5 title='O/n & m/j'
2026-05-05T23:25:44Z INFO    [HIT] #121 r/igcse score=1 comments=5 title='0625 topical'
2026-05-05T23:25:44Z INFO    [HIT] #122 r/igcse score=3 comments=8 title='Pls help'
2026-05-05T23:25:44Z INFO    [HIT] #123 r/igcse score=1 comments=2 title='Feb match 2026 exams'
2026-05-05T23:25:44Z INFO    [HIT] #124 r/igcse score=64 comments=19 title='EVERYONE WHO HAS PHYSICS P2 TMRW!!!'
2026-05-05T23:25:44Z INFO    [HIT] #125 r/igcse score=57 comments=11 title='Chill out, children'
2026-05-05T23:25:44Z INFO    [HIT] #126 r/igcse score=11 comments=14 title='Someone HELP!!'
2026-05-05T23:25:44Z INFO    [HIT] #127 r/igcse score=1 comments=1 title='Am I eligible for ICE?'
2026-05-05T23:25:44Z INFO    [HIT] #128 r/igcse score=2 comments=1 title='Access to scripts help'
2026-05-05T23:25:44Z INFO    [HIT] #129 r/igcse score=1 comments=2 title='Advice needed on IGCSE Islamiyat'
2026-05-05T23:25:44Z INFO    [HIT] #130 r/igcse score=16 comments=14 title='Fucked'
2026-05-05T23:25:44Z INFO    [HIT] #131 r/igcse score=20 comments=32 title='0580 non calculator paper'
2026-05-05T23:25:44Z INFO    [HIT] #132 r/igcse score=2 comments=2 title='Hi..Give me tips'
2026-05-05T23:25:44Z INFO    [HIT] #133 r/igcse score=0 comments=3 title="5 IGCSE's?"
2026-05-05T23:25:44Z INFO    [HIT] #134 r/igcse score=4 comments=8 title='What does evaluate really mean? 1123 igcse English'
2026-05-05T23:25:44Z INFO    [HIT] #135 r/igcse score=15 comments=8 title='binglebongleboom'
2026-05-05T23:25:44Z INFO    [HIT] #136 r/igcse score=20 comments=38 title='Horrid school'
2026-05-05T23:25:44Z INFO    [HIT] #137 r/igcse score=1 comments=3 title='any advice pls'
2026-05-05T23:25:44Z INFO    [HIT] #138 r/igcse score=1 comments=5 title='Help!'
2026-05-05T23:25:44Z INFO    [HIT] #139 r/igcse score=1 comments=12 title='How many A-levels and O-levels do Chinese unis require?'
2026-05-05T23:25:44Z INFO    [HIT] #140 r/igcse score=1 comments=4 title='Help pls😭'
2026-05-05T23:25:44Z INFO    [HIT] #141 r/igcse score=1 comments=13 title='Accouting'
2026-05-05T23:25:44Z INFO    [HIT] #142 r/igcse score=1 comments=3 title='IGCSE PPL HELP'
2026-05-05T23:25:44Z INFO    [HIT] #143 r/igcse score=1 comments=1 title='Selling books and notes!'
2026-05-05T23:25:44Z INFO    [HIT] #144 r/igcse score=0 comments=6 title='O LEVEL RESULTS'
2026-05-05T23:25:44Z INFO    [HIT] #145 r/igcse score=1 comments=2 title='Can i prepare for socio in this time'
2026-05-05T23:25:44Z INFO    [HIT] #146 r/igcse score=10 comments=9 title='THE TOP TWO RESOURCES OUT OF THE app 100 IVE USED'
2026-05-05T23:25:44Z INFO    [HIT] #147 r/igcse score=2 comments=16 title='All Physics in 2 weeks? (PANICKING)'
2026-05-05T23:25:44Z INFO    [HIT] #148 r/igcse score=1 comments=9 title='TOPICAL PAST PAPERS CHEMISTRY'
2026-05-05T23:25:44Z INFO    [HIT] #149 r/igcse score=2 comments=1 title='egypt public uni'
2026-05-05T23:25:44Z INFO    [HIT] #150 r/igcse score=1 comments=7 title='online tutor prices for O levels in kuwait and qatar'
2026-05-05T23:25:44Z INFO    [HIT] #151 r/igcse score=5 comments=3 title='help me decide my future subjects'
2026-05-05T23:25:44Z INFO    [HIT] #152 r/igcse score=1 comments=4 title='how to study for math'
2026-05-05T23:25:44Z INFO    [HIT] #153 r/igcse score=1 comments=1 title='UM GUYS'
2026-05-05T23:25:44Z INFO    [HIT] #154 r/igcse score=1 comments=1 title='HELPP'
2026-05-05T23:25:44Z INFO    [HIT] #155 r/igcse score=1 comments=3 title='SOE POST RESULTS'
2026-05-05T23:25:44Z INFO    [HIT] #156 r/igcse score=27 comments=21 title='Mocks are coming… are you ready?'
2026-05-05T23:25:44Z INFO    [HIT] #157 r/igcse score=7 comments=12 title='How to prepare for p2 math?? Without calc 😭'
2026-05-05T23:25:44Z INFO    [HIT] #158 r/igcse score=0 comments=9 title='HELPP PLZZ😭'
2026-05-05T23:25:44Z INFO    [HIT] #159 r/igcse score=3 comments=3 title='Looking for college insight in Egypt'
2026-05-05T23:25:44Z INFO    [HIT] #160 r/igcse score=4 comments=6 title='Looking for a Study Buddy for IGCSEs'
2026-05-05T23:25:44Z INFO    [HIT] #161 r/igcse score=2 comments=2 title='Alevel bio'
2026-05-05T23:25:44Z INFO    [HIT] #162 r/igcse score=2 comments=1 title='What do I take in June 2026'
2026-05-05T23:25:44Z INFO    [HIT] #163 r/igcse score=2 comments=2 title="Results how do I proceed if I'm doing medical in Pakistan"
2026-05-05T23:25:44Z INFO    [HIT] #164 r/igcse score=1 comments=1 title='Need help'
2026-05-05T23:25:44Z INFO    [HIT] #165 r/igcse score=3 comments=6 title='Cairo uni requirements ,'
2026-05-05T23:25:44Z INFO    [HIT] #166 r/igcse score=2 comments=1 title='AUC scholarships in Egypt for igcse'
2026-05-05T23:25:44Z INFO    [HIT] #167 r/igcse score=3 comments=1 title='Chemistry MJ 26'
2026-05-05T23:25:44Z INFO    [HIT] #168 r/igcse score=0 comments=1 title='second hand igcse books'
2026-05-05T23:25:44Z INFO    [HIT] #169 r/igcse score=1 comments=6 title='Need econ definitions'
2026-05-05T23:25:44Z INFO    [HIT] #170 r/igcse score=2 comments=4 title='IGCSE books'
2026-05-05T23:25:44Z INFO    [HIT] #171 r/igcse score=2 comments=1 title='FREE  ONLINE demo for OL PHYSICS AND MATHS'
2026-05-05T23:25:44Z INFO    [HIT] #172 r/igcse score=5 comments=12 title="sitting for M/J 2025, what's the perfect way to get all a*s?"
2026-05-05T23:25:44Z INFO    [HIT] #173 r/igcse score=2 comments=1 title='Notes, Video Lectures, Ebooks, etc. (O Levels, IGCSE)'
2026-05-05T23:25:44Z INFO    [HIT] #174 r/igcse score=1 comments=7 title='helpp'
2026-05-05T23:25:44Z INFO    [HIT] #175 r/igcse score=0 comments=2 title='Books and past papers available'
2026-05-05T23:25:44Z INFO    [HIT] #176 r/igcse score=2 comments=3 title='IGCSE [All boards] Computer Science Paper Discussion Thread'
2026-05-05T23:25:44Z INFO    [HIT] #177 r/igcse score=1 comments=7 title='im in utter confusion and loss 😭😭😭'
2026-05-05T23:25:44Z INFO    [HIT] #178 r/igcse score=1 comments=3 title='HELP PLEASE!! !'
2026-05-05T23:25:44Z INFO    [HIT] #179 r/igcse score=1 comments=3 title='0493 Islamiyat P2 Help'
2026-05-05T23:25:44Z INFO    [HIT] #180 r/igcse score=3 comments=2 title='Offering help for IGCSE/O Level Computer Science 0478/0984/2210 Paper 2 (Pseudocode)'
2026-05-05T23:25:44Z INFO    [HIT] #181 r/igcse score=1 comments=3 title='Chem!!!'
2026-05-05T23:25:44Z INFO    [HIT] #182 r/igcse score=1 comments=1 title='NEED HELP AND GUIDANCE'
2026-05-05T23:25:44Z INFO    [HIT] #183 r/igcse score=2 comments=2 title='Need help'
2026-05-05T23:25:44Z INFO    [HIT] #184 r/igcse score=1 comments=2 title='Free Class for Computer Science P2 (Pseudocode)'
2026-05-05T23:25:44Z INFO    [HIT] #185 r/igcse score=3 comments=7 title='Uni applications'
2026-05-05T23:25:44Z INFO    [HIT] #186 r/igcse score=2 comments=2 title='Phy help plzzzzz'
2026-05-05T23:25:44Z INFO    [HIT] #187 r/igcse score=1 comments=1 title='tips for incoming sciences batch'
2026-05-05T23:25:44Z INFO    [HIT] #188 r/igcse score=1 comments=2 title='Plzzzz help in phyy'
2026-05-05T23:25:44Z INFO    [HIT] #189 r/igcse score=11 comments=25 title='Two Weeks Left!!!'
2026-05-05T23:25:44Z INFO    [HIT] #190 r/igcse score=1 comments=6 title='BURNT OUT, PLEASE HELP, FEB/MARCH SOON !!'
2026-05-05T23:25:44Z INFO    [HIT] #191 r/igcse score=1 comments=1 title='ENGLISH 1123 NARRATIVE HELP'
2026-05-05T23:25:44Z INFO    [HIT] #192 r/igcse score=1 comments=2 title='Speaking exam only in 6 days 😭'
2026-05-05T23:25:44Z INFO    [HIT] #193 r/igcse score=18 comments=20 title='Math help'
2026-05-05T23:25:44Z INFO    [HIT] #194 r/igcse score=4 comments=5 title='MATHS NON CALCULATOR'
2026-05-05T23:25:44Z INFO    [HIT] #195 r/igcse score=1 comments=3 title='What papers can I use to study for non-calculator papers?'
2026-05-05T23:25:44Z INFO    [HIT] #196 r/igcse score=2 comments=0 title='Physics p4'
2026-05-05T23:25:44Z INFO    [HIT] #197 r/igcse score=27 comments=10 title='Pray for me to get A*s in ALL 5 subjects please '
2026-05-05T23:25:48Z INFO    [REQUEST] GET https://www.reddit.com/r/igcse/search.json?q=Olevels&sort=relevance&limit=100&t=all&raw_json=1&restrict_sr=1&after=t3_1eqi7x6
2026-05-05T23:25:49Z INFO    [RESPONSE] 200 699ms https://www.reddit.com/r/igcse/search.json?q=Olevels&sort=relevance&limit=100&t=all&raw_json=1&restrict_sr=1&after=t3_1eqi7x6
2026-05-05T23:25:49Z INFO    [HIT] #198 r/igcse score=0 comments=2 title='I need study resources'
2026-05-05T23:25:49Z INFO    [HIT] #199 r/igcse score=2 comments=4 title='I need notes plz '
2026-05-05T23:25:49Z INFO    [HIT] #200 r/igcse score=1 comments=9 title='yall i need help'
2026-05-05T23:25:49Z INFO    [HIT] #201 r/igcse score=15 comments=13 title='My school says calculator is not allowed'
2026-05-05T23:25:49Z INFO    [HIT] #202 r/igcse score=7 comments=35 title='Just curious to know what is your favorite subject and your worst subject for igcse?'
2026-05-05T23:25:49Z INFO    [HIT] #203 r/igcse score=6 comments=6 title='What time is a morning exam? '
2026-05-05T23:25:49Z INFO    [HIT] #204 r/igcse score=1 comments=4 title='Maths tutoring'
2026-05-05T23:25:49Z INFO    [HIT] #205 r/igcse score=1 comments=24 title='Igcse study buddy needed'
2026-05-05T23:25:49Z INFO    [HIT] #206 r/igcse score=0 comments=0 title='Online tuition'
2026-05-05T23:25:49Z INFO    [HIT] #207 r/igcse score=1 comments=4 title='Beacon House Margallla H-8? how is it?'
2026-05-05T23:25:49Z INFO    [HIT] #208 r/igcse score=4 comments=3 title='Exam Papers of  ovember'
2026-05-05T23:25:49Z INFO    [HIT] #209 r/igcse score=2 comments=10 title='easiest alevels '
2026-05-05T23:25:49Z INFO    [HIT] #210 r/igcse score=1 comments=0 title='Igcse maths retake '
2026-05-05T23:25:49Z INFO    [HIT] #211 r/igcse score=1 comments=0 title='IGCSE results '
2026-05-05T23:25:49Z INFO    [HIT] #212 r/igcse score=3 comments=6 title='What to do about biology'
2026-05-05T23:25:49Z INFO    [HIT] #213 r/igcse score=7 comments=9 title='When is actually the right time to take the SAT?\n'
2026-05-05T23:25:49Z INFO    [HIT] #214 r/igcse score=7 comments=22 title='(EGYPT) changing exam boards + uni apps'
2026-05-05T23:25:49Z INFO    [HIT] #215 r/igcse score=3 comments=2 title='Slight help required!'
2026-05-05T23:25:49Z INFO    [HIT] #216 r/igcse score=1 comments=4 title='Ict and cs'
2026-05-05T23:25:49Z INFO    [HIT] #217 r/igcse score=0 comments=1 title='IGCSE'
2026-05-05T23:25:49Z INFO    [HIT] #218 r/igcse score=2 comments=0 title='Igcse new format mathematics '
2026-05-05T23:25:49Z INFO    [HIT] #219 r/igcse score=2 comments=2 title="Study Partner for Edexcel IGCSE O' Levels "
2026-05-05T23:25:49Z INFO    [HIT] #220 r/igcse score=65 comments=33 title='resource folders'
2026-05-05T23:25:49Z INFO    [HIT] #221 r/igcse score=2 comments=9 title="Islamiyat is in 12 days. How're y'all studying for it?"
2026-05-05T23:25:49Z INFO    [PHASE] SEARCH r/IGCSE_helps  sort=relevance  variant=head:Olevels
2026-05-05T23:25:53Z INFO    [REQUEST] GET https://www.reddit.com/r/IGCSE_helps/search.json?q=Olevels&sort=relevance&limit=100&t=all&raw_json=1&restrict_sr=1
2026-05-05T23:25:53Z INFO    [RESPONSE] 200 460ms https://www.reddit.com/r/IGCSE_helps/search.json?q=Olevels&sort=relevance&limit=100&t=all&raw_json=1&restrict_sr=1
2026-05-05T23:25:53Z INFO    [PHASE] SEARCH r/Alevel  sort=relevance  variant=head:Olevels
2026-05-05T23:25:57Z INFO    [REQUEST] GET https://www.reddit.com/r/Alevel/search.json?q=Olevels&sort=relevance&limit=100&t=all&raw_json=1&restrict_sr=1
2026-05-05T23:25:59Z INFO    [RESPONSE] 200 1493ms https://www.reddit.com/r/Alevel/search.json?q=Olevels&sort=relevance&limit=100&t=all&raw_json=1&restrict_sr=1
2026-05-05T23:25:59Z INFO    [HIT] #1 r/alevel score=2 comments=1 title='HOW IMP ARE IGCSE/OLEVEL GRADES FOR UNI'
2026-05-05T23:25:59Z INFO    [HIT] #2 r/alevel score=0 comments=4 title='How did you all got A* in english olevel'
2026-05-05T23:25:59Z INFO    [HIT] #3 r/alevel score=1 comments=1 title='Olevel books ( lahore )'
2026-05-05T23:25:59Z INFO    [HIT] #4 r/alevel score=1 comments=1 title='An olevel student looking for some guidence on prep'
2026-05-05T23:25:59Z INFO    [HIT] #5 r/alevel score=2 comments=2 title='want 8 A*s (olevels)'
2026-05-05T23:25:59Z INFO    [HIT] #6 r/alevel score=2 comments=1 title="Will Olevel add maths help me in Alevel maths if I'm taking S1 and S2?"
2026-05-05T23:25:59Z INFO    [HIT] #7 r/alevel score=0 comments=14 title="Is it possible to do A level physics if I haven't done it in IGCSE/Olevels (Want to do computer Science at UNI)"
2026-05-05T23:25:59Z INFO    [HIT] #8 r/alevel score=17 comments=5 title='Best of luck guys 🥹for your result (A/olevel)'
2026-05-05T23:25:59Z INFO    [HIT] #9 r/alevel score=1 comments=1 title='Olevel 1123'
2026-05-05T23:25:59Z INFO    [HIT] #10 r/alevel score=1 comments=5 title='Need help for olevels'
2026-05-05T23:25:59Z INFO    [HIT] #11 r/alevel score=2 comments=1 title='offering help for olevels and AS'
2026-05-05T23:25:59Z INFO    [HIT] #12 r/alevel score=2 comments=1 title='Is there any one who got bad grades in olevels and then got good grades in as is this possible'
2026-05-05T23:25:59Z INFO    [HIT] #13 r/alevel score=0 comments=2 title='IGCSE/OLEVEL BOOKS, RESOURCES AT LOW PRICE!! UNUSED'
2026-05-05T23:25:59Z INFO    [HIT] #14 r/alevel score=1 comments=1 title='Tutoring for olevels biology'
2026-05-05T23:25:59Z INFO    [HIT] #15 r/alevel score=1 comments=1 title="I want to apply to stipendium Hungaricum as a pakistani student but I did my IGCSES (olevels) from UAE and I don't have pakistan studies and did my A levels from Pakistan currently started A2 so I saw the rules and it says equivalencey is required how can I get it becs I don't have pak studies."
2026-05-05T23:25:59Z INFO    [HIT] #16 r/alevel score=3 comments=2 title='Lost my Olevel results'
2026-05-05T23:25:59Z INFO    [HIT] #17 r/alevel score=2 comments=4 title='Teaching Alevels Maths , Olevels Maths , Olevels Physics , Olevels Chemistry'
2026-05-05T23:25:59Z INFO    [HIT] #18 r/alevel score=1 comments=1 title='ibcc olevel equivalance application'
2026-05-05T23:25:59Z INFO    [HIT] #19 r/alevel score=2 comments=2 title="O'Level Tuition"
2026-05-05T23:25:59Z INFO    [HIT] #20 r/alevel score=3 comments=5 title="Would it be stupid to take biology in a levels if I didn't study it in olevels?"
2026-05-05T23:25:59Z INFO    [HIT] #21 r/alevel score=143 comments=7 title='Made this in olevels still relevant today '
2026-05-05T23:25:59Z INFO    [HIT] #22 r/alevel score=0 comments=1 title='done with olevels, what should i do in summer break?'
2026-05-05T23:25:59Z INFO    [HIT] #23 r/alevel score=1 comments=12 title='Should I give olevels or alevels?'
2026-05-05T23:25:59Z INFO    [HIT] #24 r/alevel score=4 comments=3 title='Procrastinated during my olevels and still am, wondering if i can do something'
2026-05-05T23:25:59Z INFO    [HIT] #25 r/alevel score=6 comments=9 title='did anyone get an A in maths a levels after a B in olevels/gcse in maths '
2026-05-05T23:25:59Z INFO    [HIT] #26 r/alevel score=1 comments=6 title='What olevel and alevel grades do you need for art schools in the US?'
2026-05-05T23:25:59Z INFO    [HIT] #27 r/alevel score=1 comments=10 title='Has anyone with 6A*s and 2As in Olevels gotten their IBCC equivalence marks this past year???'
2026-05-05T23:25:59Z INFO    [HIT] #28 r/alevel score=3 comments=13 title='How hard are Alevels compared to Olevels'
2026-05-05T23:25:59Z INFO    [HIT] #29 r/alevel score=1 comments=11 title='olevel English language 1123'
2026-05-05T23:25:59Z INFO    [HIT] #30 r/alevel score=1 comments=2 title="I got a B in physics in olevels i worked hard i expected an A or an A* my papers went really well I'm finding it hard to pick physics in a levels knowing it's going to be harder to get an A in a levels if i have failed to gain one in gcse"
2026-05-05T23:25:59Z INFO    [HIT] #31 r/alevel score=1 comments=1 title='A levels English Lang i got an A in Olevels English i was expecting an A* but i want to take it as a 4th subject in a levels how different is it from. GCSE and how long does it take to do it'
2026-05-05T23:25:59Z INFO    [HIT] #32 r/alevel score=1 comments=3 title='Hi so I just finish olevel /igcse and I want to take artificial intelligence and machine learning in uni so what subjects should I chose ..help'
2026-05-05T23:25:59Z INFO    [HIT] #33 r/alevel score=0 comments=5 title='does olevel grade count in alevels'
2026-05-05T23:25:59Z INFO    [HIT] #34 r/alevel score=1 comments=1 title='does taking extra subj in olevels helps in future?'
2026-05-05T23:25:59Z INFO    [HIT] #35 r/alevel score=6 comments=6 title='How do I estimate/convert my Olevel and Alevels grade into GPA'
2026-05-05T23:25:59Z INFO    [HIT] #36 r/alevel score=2 comments=1 title='NEED URGENT HELP!! Ok so my uni application requires transcripts. Does that mean my school results like of 9th, 10th grade etc? Also, when Alevel students apply as international students do they apply with the ( Alevel and olevel )certificates only?'
2026-05-05T23:25:59Z INFO    [HIT] #37 r/alevel score=0 comments=7 title='Is there a chance I’ll be rejected from med school in Germany for an 8 in business olevel ?'
2026-05-05T23:25:59Z INFO    [HIT] #38 r/alevel score=1 comments=0 title='Hello, im going to finish my olevels in this session'
2026-05-05T23:25:59Z INFO    [HIT] #39 r/alevel score=3 comments=0 title='Where are the grade thresholds for Olevels?!!'
2026-05-05T23:25:59Z INFO    [HIT] #40 r/alevel score=42 comments=59 title='Wtf am I supposed to do?'
2026-05-05T23:25:59Z INFO    [HIT] #41 r/alevel score=5 comments=54 title='WHAT SHOULD I TAKE FOR MY THIRD A LEVEL !??'
2026-05-05T23:25:59Z INFO    [HIT] #42 r/alevel score=7 comments=14 title='9609 BUSINESS'
2026-05-05T23:25:59Z INFO    [HIT] #43 r/alevel score=15 comments=13 title='I think i am fucked for my a levels in less than 3 weeks'
2026-05-05T23:25:59Z INFO    [HIT] #44 r/alevel score=3 comments=12 title='can i cover entire sociology AS level course in 5 days and get an A'
2026-05-05T23:25:59Z INFO    [HIT] #45 r/alevel score=10 comments=10 title='repeating as level'
2026-05-05T23:25:59Z INFO    [HIT] #46 r/alevel score=3 comments=9 title='I£@k fiasco what to do next?'
2026-05-05T23:25:59Z INFO    [HIT] #47 r/alevel score=76 comments=44 title="Hello I'm a GCSE refugee just finished my GCSES are there anymore refugees like me emigrating from r/GCSE?"
2026-05-05T23:25:59Z INFO    [HIT] #48 r/alevel score=7 comments=63 title='9618/32 9618/42 computer science p3 and p4'
2026-05-05T23:25:59Z INFO    [HIT] #49 r/alevel score=17 comments=13 title='I 😂😂😂😂 hate 😂😂😂 computer 😂😂😂😂 science 😂😂😂😂 especially 😂😂 p2😂😂😂✌️✌️✌️'
2026-05-05T23:25:59Z INFO    [HIT] #50 r/alevel score=1 comments=7 title='Economics essay'
2026-05-05T23:25:59Z INFO    [HIT] #51 r/alevel score=18 comments=16 title='I thought math was eásy'
2026-05-05T23:25:59Z INFO    [HIT] #52 r/alevel score=1 comments=44 title='Failing my o level ❤️\u200d🩹'
2026-05-05T23:25:59Z INFO    [HIT] #53 r/alevel score=1 comments=4 title='I need Advice plzz'
2026-05-05T23:25:59Z INFO    [HIT] #54 r/alevel score=1 comments=5 title='Help find alevels subjects'
2026-05-05T23:25:59Z INFO    [HIT] #55 r/alevel score=1 comments=7 title='chat am i cooked?'
2026-05-05T23:25:59Z INFO    [HIT] #56 r/alevel score=2 comments=5 title='IBCC equivalence'
2026-05-05T23:25:59Z INFO    [HIT] #57 r/alevel score=153 comments=45 title='4 papers in one day ? '
2026-05-05T23:25:59Z INFO    [HIT] #58 r/alevel score=7 comments=6 title='chat am i fried ?'
2026-05-05T23:25:59Z INFO    [HIT] #59 r/alevel score=3 comments=6 title='mathelete by saad or zainematics for alevel math?'
2026-05-05T23:25:59Z INFO    [HIT] #60 r/alevel score=1 comments=3 title='Js pray for me.'
2026-05-05T23:25:59Z INFO    [HIT] #61 r/alevel score=1 comments=2 title='Alevels English literature'
2026-05-05T23:25:59Z INFO    [HIT] #62 r/alevel score=3 comments=9 title='What subjects should I take for finance ?'
2026-05-05T23:25:59Z INFO    [HIT] #63 r/alevel score=1 comments=2 title='Kindly help me out'
2026-05-05T23:25:59Z INFO    [HIT] #64 r/alevel score=3 comments=8 title='Can someone pls help cus IG and OL subs are ignoring me ;('
2026-05-05T23:25:59Z INFO    [HIT] #65 r/alevel score=0 comments=25 title='Guys Alevels is a piece of cake.'
2026-05-05T23:25:59Z INFO    [HIT] #66 r/alevel score=5 comments=8 title='Advise please'
2026-05-05T23:25:59Z INFO    [HIT] #67 r/alevel score=7 comments=7 title='Economics results !!!'
2026-05-05T23:25:59Z INFO    [HIT] #68 r/alevel score=1 comments=4 title='A Level CS without an O Level foundation'
2026-05-05T23:25:59Z INFO    [HIT] #69 r/alevel score=5 comments=25 title='Lowkey stressed i need help'
2026-05-05T23:25:59Z INFO    [HIT] #70 r/alevel score=22 comments=9 title='am i cooked'
2026-05-05T23:25:59Z INFO    [HIT] #71 r/alevel score=10 comments=20 title='I still hate physics'
2026-05-05T23:25:59Z INFO    [HIT] #72 r/alevel score=0 comments=29 title="thinking of doing 6 subjects in A'levels"
2026-05-05T23:25:59Z INFO    [HIT] #73 r/alevel score=1 comments=5 title='AS SOCIO'
2026-05-05T23:25:59Z INFO    [HIT] #74 r/alevel score=3 comments=19 title='I got a bad result'
2026-05-05T23:25:59Z INFO    [HIT] #75 r/alevel score=2 comments=12 title='Going private'
2026-05-05T23:25:59Z INFO    [HIT] #76 r/alevel score=14 comments=7 title='Sad'
2026-05-05T23:25:59Z INFO    [HIT] #77 r/alevel score=1 comments=2 title='Alevels Admission'
2026-05-05T23:25:59Z INFO    [HIT] #78 r/alevel score=1 comments=26 title='Can i study a level business in 3 months'
2026-05-05T23:25:59Z INFO    [HIT] #79 r/alevel score=9 comments=16 title='Honestly is AS physics hard'
2026-05-05T23:25:59Z INFO    [HIT] #80 r/alevel score=3 comments=5 title='A-levels computer science.'
2026-05-05T23:25:59Z INFO    [HIT] #81 r/alevel score=1 comments=5 title='need guidance on business 9609!!'
2026-05-05T23:25:59Z INFO    [HIT] #82 r/alevel score=15 comments=35 title='Anyone would care to give me advice and be totally honest? :('
2026-05-05T23:25:59Z INFO    [HIT] #83 r/alevel score=0 comments=22 title='Should i keep maths in alevel?'
2026-05-05T23:25:59Z INFO    [HIT] #84 r/alevel score=1 comments=4 title='if any grown up or tutor can help me with this issue ill be very grateful'
2026-05-05T23:25:59Z INFO    [HIT] #85 r/alevel score=0 comments=13 title='Alevel subjects'
2026-05-05T23:25:59Z INFO    [HIT] #86 r/alevel score=1 comments=1 title='Did I Mess Up Or Play Right?'
2026-05-05T23:25:59Z INFO    [HIT] #87 r/alevel score=1 comments=1 title='Access to scripts help.'
2026-05-05T23:25:59Z INFO    [HIT] #88 r/alevel score=1 comments=10 title='PLEASE HELP ME IN DECIDING'
2026-05-05T23:25:59Z INFO    [HIT] #89 r/alevel score=1 comments=1 title='Anyone else confused by their component marks???'
2026-05-05T23:25:59Z INFO    [HIT] #90 r/alevel score=3 comments=1 title='Alevels result'
2026-05-05T23:25:59Z INFO    [HIT] #91 r/alevel score=0 comments=2 title='Shifting from sciences to business subjects'
2026-05-05T23:25:59Z INFO    [HIT] #92 r/alevel score=1 comments=5 title='Alevels'
2026-05-05T23:25:59Z INFO    [HIT] #93 r/alevel score=16 comments=5 title='I hate studying at school.'
2026-05-05T23:25:59Z INFO    [HIT] #94 r/alevel score=1 comments=1 title='uni admissions but i got no clue'
2026-05-05T23:25:59Z INFO    [HIT] #95 r/alevel score=3 comments=50 title='are they out ?'
2026-05-05T23:25:59Z INFO    [HIT] #96 r/alevel score=1 comments=15 title='Am i cooked?'
2026-05-05T23:25:59Z INFO    [HIT] #97 r/alevel score=3 comments=5 title='English language or English literature'
2026-05-05T23:25:59Z INFO    [HIT] #98 r/alevel score=2 comments=5 title='2 alevels from scratch in 5 months?'
2026-05-05T23:25:59Z INFO    [HIT] #99 r/alevel score=7 comments=6 title='Tips for studying these subjects plsss!!'
2026-05-05T23:26:03Z INFO    [REQUEST] GET https://www.reddit.com/r/Alevel/search.json?q=Olevels&sort=relevance&limit=100&t=all&raw_json=1&restrict_sr=1&after=t3_1osdvfv
2026-05-05T23:26:04Z INFO    [RESPONSE] 200 1366ms https://www.reddit.com/r/Alevel/search.json?q=Olevels&sort=relevance&limit=100&t=all&raw_json=1&restrict_sr=1&after=t3_1osdvfv
2026-05-05T23:26:04Z INFO    [HIT] #100 r/alevel score=1 comments=4 title='PHY MATH FURTHER MATH COMPUTER SCIENCE COMBO FOR ENGINEERING'
2026-05-05T23:26:04Z INFO    [HIT] #101 r/alevel score=5 comments=16 title='HELLPP.can’t decide my subjectssss'
2026-05-05T23:26:04Z INFO    [HIT] #102 r/alevel score=1 comments=1 title='Please help me decidee'
2026-05-05T23:26:04Z INFO    [HIT] #103 r/alevel score=3 comments=10 title='manging alevels'
2026-05-05T23:26:04Z INFO    [HIT] #104 r/alevel score=3 comments=10 title='Sciences + Math'
2026-05-05T23:26:04Z INFO    [HIT] #105 r/alevel score=1 comments=11 title='how hard is sciences in alevels (i am an o3 student currently)?'
2026-05-05T23:26:04Z INFO    [HIT] #106 r/alevel score=1 comments=11 title='Should I take bio?'
2026-05-05T23:26:04Z INFO    [HIT] #107 r/alevel score=3 comments=14 title='Should I give a retake?'
2026-05-05T23:26:04Z INFO    [HIT] #108 r/alevel score=3 comments=11 title="I'll make notes for you"
2026-05-05T23:26:04Z INFO    [HIT] #109 r/alevel score=2 comments=6 title='All to know about fm before starting alevels plss'
2026-05-05T23:26:04Z INFO    [HIT] #110 r/alevel score=5 comments=10 title='PLEASE HELP ME MAKE A DECISION I DONT KNOW WHAT TO DO WITH MY LIFE.'
2026-05-05T23:26:04Z INFO    [HIT] #111 r/alevel score=1 comments=12 title='Alevel Economics'
2026-05-05T23:26:04Z INFO    [HIT] #112 r/alevel score=1 comments=8 title='A LEVEL SUBJECT COMBO'
2026-05-05T23:26:04Z INFO    [HIT] #113 r/alevel score=1 comments=2 title='RESEARCH OPPORTUNITY!!'
2026-05-05T23:26:04Z INFO    [HIT] #114 r/alevel score=7 comments=9 title='I have to retake all three subject for m/j next year'
2026-05-05T23:26:04Z INFO    [HIT] #115 r/alevel score=4 comments=5 title='Dropping cs'
2026-05-05T23:26:04Z INFO    [HIT] #116 r/alevel score=2 comments=1 title='Choosing b/w Alpha and Credo College'
2026-05-05T23:26:04Z INFO    [HIT] #117 r/alevel score=1 comments=8 title='LOST MY AS RESULT!'
2026-05-05T23:26:04Z INFO    [HIT] #118 r/alevel score=1 comments=7 title='Registration'
2026-05-05T23:26:04Z INFO    [HIT] #119 r/alevel score=1 comments=3 title='Can I take further maths or am I just delusional?'
2026-05-05T23:26:04Z INFO    [HIT] #120 r/alevel score=2 comments=8 title='As bio'
2026-05-05T23:26:04Z INFO    [HIT] #121 r/alevel score=1 comments=4 title='Can a good A level result compensate for my bad O Level'
2026-05-05T23:26:04Z INFO    [HIT] #122 r/alevel score=2 comments=6 title='Should I switch out CS for chemistry?'
2026-05-05T23:26:04Z INFO    [HIT] #123 r/alevel score=79 comments=7 title="Y'all we got the big three avengers"
2026-05-05T23:26:04Z INFO    [HIT] #124 r/alevel score=2 comments=10 title='alevel subject choices(helpp)🔥'
2026-05-05T23:26:04Z INFO    [HIT] #125 r/alevel score=3 comments=3 title='Alevel maths'
2026-05-05T23:26:04Z INFO    [HIT] #126 r/alevel score=2 comments=7 title='Please help'
2026-05-05T23:26:04Z INFO    [HIT] #127 r/alevel score=1 comments=5 title='Need help for economics'
2026-05-05T23:26:04Z INFO    [HIT] #128 r/alevel score=1 comments=3 title='chem issue'
2026-05-05T23:26:04Z INFO    [HIT] #129 r/alevel score=15 comments=6 title='I’m really upset about my A1 result. (rant)'
2026-05-05T23:26:04Z INFO    [HIT] #130 r/alevel score=63 comments=6 title='9701/12'
2026-05-05T23:26:04Z INFO    [HIT] #131 r/alevel score=4 comments=6 title='Is A level possible?'
2026-05-05T23:26:04Z INFO    [HIT] #132 r/alevel score=13 comments=9 title='How to self study/study over the summer'
2026-05-05T23:26:04Z INFO    [HIT] #133 r/alevel score=2 comments=8 title='MDCAT help'
2026-05-05T23:26:04Z INFO    [HIT] #134 r/alevel score=1 comments=7 title='Alevels Required?'
2026-05-05T23:26:04Z INFO    [HIT] #135 r/alevel score=1 comments=3 title='is my school at fault or me?'
2026-05-05T23:26:04Z INFO    [HIT] #136 r/alevel score=1 comments=3 title='confused abt uni'
2026-05-05T23:26:04Z INFO    [HIT] #137 r/alevel score=1 comments=6 title='Is this real???????'
2026-05-05T23:26:04Z INFO    [HIT] #138 r/alevel score=2 comments=11 title='Physics A level'
2026-05-05T23:26:04Z INFO    [HIT] #139 r/alevel score=16 comments=5 title='Result ptsd'
2026-05-05T23:26:04Z INFO    [HIT] #140 r/alevel score=1 comments=2 title='Can i keep these subjects?'
2026-05-05T23:26:04Z INFO    [HIT] #141 r/alevel score=5 comments=7 title='I am so dead'
2026-05-05T23:26:04Z INFO    [HIT] #142 r/alevel score=3 comments=1 title="Took a levels as a private candidate (kinda) and now don't know what to insert in transcript."
2026-05-05T23:26:04Z INFO    [HIT] #143 r/alevel score=3 comments=22 title='Can I do Urdu(9686) in 3months?'
2026-05-05T23:26:04Z INFO    [HIT] #144 r/alevel score=5 comments=5 title='i genuinely need help i’m on verge of tears'
2026-05-05T23:26:04Z INFO    [HIT] #145 r/alevel score=1 comments=5 title='oct nov PREP FOR MATHS RETAKE ASLEVELS I ONLY NEED TO JUMP ONE GRADE UP PLS HELP WRITE DOWN YOUR EXPERIENCE WITH RETAKES any help u took any good teachers resources etc'
2026-05-05T23:26:04Z INFO    [HIT] #146 r/alevel score=1 comments=5 title='Recheck'
2026-05-05T23:26:04Z INFO    [HIT] #147 r/alevel score=3 comments=3 title='Pls give me tips guys'
2026-05-05T23:26:04Z INFO    [HIT] #148 r/alevel score=1 comments=8 title='Help out plzzz'
2026-05-05T23:26:04Z INFO    [HIT] #149 r/alevel score=9 comments=4 title='RESULTS AAAAAAA'
2026-05-05T23:26:04Z INFO    [HIT] #150 r/alevel score=1 comments=4 title='GENUINE ADVICE PLSSSS'
2026-05-05T23:26:04Z INFO    [HIT] #151 r/alevel score=1 comments=2 title='I need your advice.'
2026-05-05T23:26:04Z INFO    [HIT] #152 r/alevel score=5 comments=9 title='Are lë@ks common among other boards?'
2026-05-05T23:26:04Z INFO    [HIT] #153 r/alevel score=2 comments=13 title='Help urgent'
2026-05-05T23:26:04Z INFO    [HIT] #154 r/alevel score=1 comments=2 title='Retakes or new subjects? Some serious counselling needed - Help'
2026-05-05T23:26:04Z INFO    [HIT] #155 r/alevel score=3 comments=4 title='Pakistani students'
2026-05-05T23:26:04Z INFO    [HIT] #156 r/alevel score=1 comments=4 title="Computer science (A's)"
2026-05-05T23:26:04Z INFO    [HIT] #157 r/alevel score=4 comments=6 title='Tutors, help me set a price'
2026-05-05T23:26:04Z INFO    [HIT] #158 r/alevel score=1 comments=2 title='Advice required to prepare for Maths AS levels exam'
2026-05-05T23:26:04Z INFO    [HIT] #159 r/alevel score=1 comments=3 title='SAT AFTER AS , HELP MAH'
2026-05-05T23:26:04Z INFO    [HIT] #160 r/alevel score=1 comments=1 title='Helpppppp'
2026-05-05T23:26:04Z INFO    [HIT] #161 r/alevel score=1 comments=11 title='A Level Help'
2026-05-05T23:26:04Z INFO    [HIT] #162 r/alevel score=1 comments=3 title='Pakistani students please helppp'
2026-05-05T23:26:04Z INFO    [HIT] #163 r/alevel score=91 comments=34 title="What's your pre result strat"
2026-05-05T23:26:04Z INFO    [HIT] #164 r/alevel score=1 comments=1 title='Help with alevel and year 12(American Year12)'
2026-05-05T23:26:04Z INFO    [HIT] #165 r/alevel score=1 comments=2 title='ALEVEL COMPOSITE'
2026-05-05T23:26:04Z INFO    [HIT] #166 r/alevel score=1 comments=2 title='further maths???? NEED HELP PLZ'
2026-05-05T23:26:04Z INFO    [HIT] #167 r/alevel score=24 comments=15 title='I hate school'
2026-05-05T23:26:04Z INFO    [HIT] #168 r/alevel score=2 comments=2 title='tutoring for free'
2026-05-05T23:26:04Z INFO    [HIT] #169 r/alevel score=9 comments=2 title='Has anybody gotten their papers rechecked? If so how was the experience did your grade move up?'
2026-05-05T23:26:04Z INFO    [HIT] #170 r/alevel score=3 comments=2 title='Is it possible to do CAIE A levels Further Maths?'
2026-05-05T23:26:04Z INFO    [HIT] #171 r/alevel score=2 comments=1 title='CAIE A level Further Maths'
2026-05-05T23:26:04Z INFO    [HIT] #172 r/alevel score=1 comments=1 title='Subject choice and Grades'
2026-05-05T23:26:04Z INFO    [HIT] #173 r/alevel score=1 comments=6 title='Accounting 9706'
2026-05-05T23:26:04Z INFO    [HIT] #174 r/alevel score=1 comments=4 title='SAT'
2026-05-05T23:26:04Z INFO    [HIT] #175 r/alevel score=1 comments=1 title='How long should I self study every day for Alevels?'
2026-05-05T23:26:04Z INFO    [HIT] #176 r/alevel score=2 comments=8 title='A Level Law/Economics'
2026-05-05T23:26:04Z INFO    [HIT] #177 r/alevel score=2 comments=1 title='Notes'
2026-05-05T23:26:04Z INFO    [HIT] #178 r/alevel score=11 comments=8 title='ScamBridge can really make an announcement of continuation during war but cant swap a l e a k e d paper 12 hours prior? Total BS'
2026-05-05T23:26:04Z INFO    [HIT] #179 r/alevel score=0 comments=1 title='help'
2026-05-05T23:26:04Z INFO    [HIT] #180 r/alevel score=1 comments=7 title='MBBS'
2026-05-05T23:26:04Z INFO    [HIT] #181 r/alevel score=6 comments=3 title='How do I pick myself up?'
2026-05-05T23:26:04Z INFO    [HIT] #182 r/alevel score=1 comments=4 title='Advice'
2026-05-05T23:26:04Z INFO    [HIT] #183 r/alevel score=1 comments=1 title='Need help with the General Paper (8021)!'
2026-05-05T23:26:04Z INFO    [HIT] #184 r/alevel score=2 comments=1 title='Suggestions for abroad university scholarships'
2026-05-05T23:26:04Z INFO    [HIT] #185 r/alevel score=1 comments=1 title='DM for bio help'
2026-05-05T23:26:04Z INFO    [HIT] #186 r/alevel score=1 comments=1 title='Tell me will I get admission in UCL Lahore'
2026-05-05T23:26:04Z INFO    [HIT] #187 r/alevel score=2 comments=3 title='Save my exams for Alevels??'
2026-05-05T23:26:04Z INFO    [HIT] #188 r/alevel score=3 comments=1 title='Need help for Tutoring opportunities'
2026-05-05T23:26:04Z INFO    [HIT] #189 r/alevel score=1 comments=1 title='result and any advice what i should do next?'
2026-05-05T23:26:04Z INFO    [HIT] #190 r/alevel score=2 comments=1 title='Guys can I score 40 marks in alevel business'
2026-05-05T23:26:04Z INFO    [HIT] #191 r/alevel score=2 comments=1 title='I am very stressful please hear me out'
2026-05-05T23:26:04Z INFO    [HIT] #192 r/alevel score=1 comments=3 title='ALEVEL ECONOMICS  9708 ONLINE CLASS OF SIR DANIYAL ASLAM'
2026-05-05T23:26:04Z INFO    [HIT] #193 r/alevel score=1 comments=2 title='people who took gp and had their p1 cancelled (probably 2022 or 2023)'
2026-05-05T23:26:04Z INFO    [HIT] #194 r/alevel score=2 comments=7 title='Would A level Economics be worth it?'
2026-05-05T23:26:04Z INFO    [HIT] #195 r/alevel score=5 comments=18 title='What would you select? Chemistry or computer science? '
2026-05-05T23:26:04Z INFO    [HIT] #196 r/alevel score=8 comments=7 title='This was posted an hour ago'
2026-05-05T23:26:04Z INFO    [HIT] #197 r/alevel score=2 comments=1 title='English speaking and Writing issue'
2026-05-05T23:26:04Z INFO    [HIT] #198 r/alevel score=1 comments=7 title='Batch start time'
2026-05-05T23:26:08Z INFO    [REQUEST] GET https://www.reddit.com/r/Alevel/search.json?q=Olevels&sort=relevance&limit=100&t=all&raw_json=1&restrict_sr=1&after=t3_1knyvu7
2026-05-05T23:26:09Z INFO    [RESPONSE] 200 695ms https://www.reddit.com/r/Alevel/search.json?q=Olevels&sort=relevance&limit=100&t=all&raw_json=1&restrict_sr=1&after=t3_1knyvu7
2026-05-05T23:26:09Z INFO    [HIT] #199 r/alevel score=43 comments=5 title="Why these Cambridge exams aren't cambridging like previous Cambridge exams Cambridged"
2026-05-05T23:26:09Z INFO    [HIT] #200 r/alevel score=1 comments=6 title='alevel subject selection'
2026-05-05T23:26:09Z INFO    [HIT] #201 r/alevel score=1 comments=1 title='economics or physics?help.'
2026-05-05T23:26:09Z INFO    [HIT] #202 r/alevel score=1 comments=2 title='Alevel Campus suggestion in Lahore'
2026-05-05T23:26:09Z INFO    [HIT] #203 r/alevel score=0 comments=14 title='is there anyone has cheated in a levels cies? or o levels'
2026-05-05T23:26:09Z INFO    [HIT] #204 r/alevel score=1 comments=1 title='Can somebody help me in 9680 Arabic?'
2026-05-05T23:26:09Z INFO    [HIT] #205 r/alevel score=4 comments=4 title='alevel computer science is not real'
2026-05-05T23:26:09Z INFO    [HIT] #206 r/alevel score=2 comments=15 title='Question to who finished A2 this year'
2026-05-05T23:26:09Z INFO    [HIT] #207 r/alevel score=3 comments=4 title='Need advice on A Levels – subject choices + how different is it from O Levels?'
2026-05-05T23:26:09Z INFO    [HIT] #208 r/alevel score=16 comments=13 title='Can I get into US universities with A level but without O level?'
2026-05-05T23:26:09Z INFO    [HIT] #209 r/alevel score=1 comments=1 title='Willing to guide'
2026-05-05T23:26:09Z INFO    [HIT] #210 r/alevel score=7 comments=12 title='Help'
2026-05-05T23:26:09Z INFO    [HIT] #211 r/alevel score=2 comments=5 title='9618 cs'
2026-05-05T23:26:09Z INFO    [HIT] #212 r/alevel score=85 comments=7 title='Its never too late'
2026-05-05T23:26:09Z INFO    [HIT] #213 r/alevel score=4 comments=5 title='Physics a2 cie tips?'
2026-05-05T23:26:09Z INFO    [HIT] #214 r/alevel score=2 comments=3 title='Guys'
2026-05-05T23:26:09Z INFO    [HIT] #215 r/alevel score=3 comments=21 title='Alevel equivalency in Pakistan!!'
2026-05-05T23:26:09Z INFO    [HIT] #216 r/alevel score=1 comments=1 title='I need helpppppp !!!!!!!!'
2026-05-05T23:26:09Z INFO    [HIT] #217 r/alevel score=1 comments=1 title='Subjects selection'
2026-05-05T23:26:09Z INFO    [HIT] #218 r/alevel score=16 comments=22 title='Should I take A-level computer science?'
2026-05-05T23:26:09Z INFO    [HIT] #219 r/alevel score=4 comments=5 title='Grade threshold'
2026-05-05T23:26:09Z INFO    [HIT] #220 r/alevel score=9 comments=21 title='should i give SAT exam even if i wanna stay in Pak for university'
2026-05-05T23:26:09Z INFO    [HIT] #221 r/alevel score=1 comments=4 title='A2 help -cs paper 2 cancelled'
2026-05-05T23:26:09Z INFO    [HIT] #222 r/alevel score=0 comments=9 title='Confused'
2026-05-05T23:26:09Z INFO    [HIT] #223 r/alevel score=1 comments=1 title='English Literature'
2026-05-05T23:26:09Z INFO    [HIT] #224 r/alevel score=2 comments=2 title='whats the process for applying into A-Colleges?'
2026-05-05T23:26:09Z INFO    [HIT] #225 r/alevel score=2 comments=8 title='Need an A-Level Maths Tutor'
2026-05-05T23:26:09Z INFO    [HIT] #226 r/alevel score=1 comments=6 title='Study buddy AS level business accounting sociology Cambridge'
2026-05-05T23:26:09Z INFO    [HIT] #227 r/alevel score=1 comments=5 title='[AS CS paper 2] Can you use two RETURN(s) in one function?'
2026-05-05T23:26:09Z INFO    [HIT] #228 r/alevel score=6 comments=21 title='confused on what subjects to choose'
2026-05-05T23:26:09Z INFO    [HIT] #229 r/alevel score=1 comments=3 title='Am i cooked?'
2026-05-05T23:26:09Z INFO    [HIT] #230 r/alevel score=7 comments=11 title='I’m having a burnout '
2026-05-05T23:26:09Z INFO    [HIT] #231 r/alevel score=7 comments=1 title='a2 physics cie😭🙏'
2026-05-05T23:26:09Z INFO    [HIT] #232 r/alevel score=4 comments=2 title='9700'
2026-05-05T23:26:09Z INFO    [HIT] #233 r/alevel score=4 comments=7 title='helpp pls'
2026-05-05T23:26:09Z INFO    [HIT] #234 r/alevel score=1 comments=5 title='DO I NEED CHEM FOR A CS/SOFT. ENGINEERING DERGREE???'
2026-05-05T23:26:09Z INFO    [HIT] #235 r/alevel score=2 comments=2 title="I am aiming to be a psychiatrist, but i don't know the first step to take."
2026-05-05T23:26:09Z INFO    [HIT] #236 r/alevel score=5 comments=13 title='Should I drop any?'
2026-05-05T23:26:09Z INFO    [HIT] #237 r/alevel score=3 comments=13 title='when are thresholds being released???'
2026-05-05T23:26:09Z INFO    [HIT] #238 r/alevel score=1 comments=4 title='I want to tuitor'
2026-05-05T23:26:09Z INFO    [HIT] #239 r/alevel score=11 comments=12 title='alevel thresholds '
2026-05-05T23:26:09Z INFO    [PHASE] SEARCH r/Alevels  sort=relevance  variant=head:Olevels
2026-05-05T23:26:13Z INFO    [REQUEST] GET https://www.reddit.com/r/Alevels/search.json?q=Olevels&sort=relevance&limit=100&t=all&raw_json=1&restrict_sr=1
2026-05-05T23:26:14Z INFO    [RESPONSE] 200 969ms https://www.reddit.com/r/Alevels/search.json?q=Olevels&sort=relevance&limit=100&t=all&raw_json=1&restrict_sr=1
2026-05-05T23:26:14Z INFO    [HIT] #1 r/alevels score=3 comments=16 title='I can make extremely fake good electronic statement of result of olevel and alevel'
2026-05-05T23:26:14Z INFO    [HIT] #2 r/alevels score=1 comments=15 title="THERE'S A SERVER WHICH I WONT NAME SO IT DOESNT GAIN MORE POPULARITY BUT IT HAS ALMOST 7K MEMBERS AND CLAIMS THAT THEY HAVE OLEVELS,IGCSE AND ALEVELS L**KS, IS THIS A SCAM OR IF ITS REAL WHY ISNT IT BEING REPORTED??"
2026-05-05T23:26:14Z INFO    [HIT] #3 r/alevels score=2 comments=1 title='I can make extremely good fake electronic statement of result for olevel and alevel'
2026-05-05T23:26:14Z INFO    [HIT] #4 r/alevels score=1 comments=0 title='Help me out in olevels'
2026-05-05T23:26:14Z INFO    [HIT] #5 r/alevels score=1 comments=0 title='urdu olevels p2 paper leaked , petition against scambridge'
2026-05-05T23:26:14Z INFO    [HIT] #6 r/alevels score=2 comments=1 title="Will Olevel add maths help me in Alevel maths if I'm taking S1 and S2?"
2026-05-05T23:26:14Z INFO    [HIT] #7 r/alevels score=1 comments=8 title="Nixor/Cedar Admission Hi guys I appeared for olevels privately buy now I'm looking to join a college for a levels but the issue is my olevel grades are not very good Pak studies B Urdu B Islamiyat B English A Biology E Business Studies A Accounts C Maths D Economics B What are the chances I g"
2026-05-05T23:26:14Z INFO    [HIT] #8 r/alevels score=0 comments=6 title='Olevel addmaths and alevel maths'
2026-05-05T23:26:14Z INFO    [HIT] #9 r/alevels score=1 comments=0 title='offering help for olevels and AS'
2026-05-05T23:26:14Z INFO    [HIT] #10 r/alevels score=162 comments=148 title='Maths M1'
2026-05-05T23:26:14Z INFO    [HIT] #11 r/alevels score=1 comments=0 title='Olevels'
2026-05-05T23:26:14Z INFO    [HIT] #12 r/alevels score=1 comments=3 title='Olevel age requirement '
2026-05-05T23:26:14Z INFO    [HIT] #13 r/alevels score=1 comments=3 title='Did anyone here get a good scholarship (like 50 60 percent) without any extracariculars, and solely based on olevels grades?'
2026-05-05T23:26:14Z INFO    [HIT] #14 r/alevels score=2 comments=3 title='Can I do olevel maths in a month?'
2026-05-05T23:26:14Z INFO    [HIT] #15 r/alevels score=1 comments=0 title='How should someone pass acounts olevels?'
2026-05-05T23:26:14Z INFO    [HIT] #16 r/alevels score=5 comments=1 title='How to calculate my Alevels and Olevels into percentage for Canadian Universities?'
2026-05-05T23:26:14Z INFO    [HIT] #17 r/alevels score=3 comments=0 title='Will my predicted olevels result and As level result play a part in getting into an university?'
2026-05-05T23:26:14Z INFO    [HIT] #18 r/alevels score=15 comments=25 title='rove papers is shutting down :((('
2026-05-05T23:26:14Z INFO    [HIT] #19 r/alevels score=2 comments=5 title='Alevel subject choice'
2026-05-05T23:26:14Z INFO    [HIT] #20 r/alevels score=1 comments=9 title='I need help in As accounting'
2026-05-05T23:26:14Z INFO    [HIT] #21 r/alevels score=2 comments=1 title='about the results'
2026-05-05T23:26:14Z INFO    [HIT] #22 r/alevels score=2 comments=0 title='need a tutor?'
2026-05-05T23:26:14Z INFO    [HIT] #23 r/alevels score=1 comments=0 title='Extra subjects in a-levels'
2026-05-05T23:26:14Z INFO    [HIT] #24 r/alevels score=3 comments=6 title='100 days left in CIEs, how to boost your grade?'
2026-05-05T23:26:14Z INFO    [HIT] #25 r/alevels score=1 comments=0 title='Tuition available'
2026-05-05T23:26:14Z INFO    [HIT] #26 r/alevels score=1 comments=3 title='S2 or M1'
2026-05-05T23:26:14Z INFO    [HIT] #27 r/alevels score=2 comments=1 title='AS SOCIO'
2026-05-05T23:26:14Z INFO    [HIT] #28 r/alevels score=0 comments=6 title='Admission in medical college'
2026-05-05T23:26:14Z INFO    [HIT] #29 r/alevels score=1 comments=13 title='a level subs'
2026-05-05T23:26:14Z INFO    [HIT] #30 r/alevels score=5 comments=0 title='Ayloti / educate a change / Hunain zia'
2026-05-05T23:26:14Z INFO    [HIT] #31 r/alevels score=0 comments=9 title='A level options'
2026-05-05T23:26:14Z INFO    [HIT] #32 r/alevels score=1 comments=6 title="why don't counselors recommend law"
2026-05-05T23:26:14Z INFO    [HIT] #33 r/alevels score=2 comments=7 title='Alevel English'
2026-05-05T23:26:14Z INFO    [HIT] #34 r/alevels score=1 comments=5 title='Registration'
2026-05-05T23:26:14Z INFO    [HIT] #35 r/alevels score=2 comments=3 title='are business sociology and economics a good subject combo?'
2026-05-05T23:26:14Z INFO    [HIT] #36 r/alevels score=1 comments=4 title='Is Mathematics, Economics and Sociology good choices for alevels?'
2026-05-05T23:26:14Z INFO    [HIT] #37 r/alevels score=1 comments=4 title='main subjects workload ?'
2026-05-05T23:26:14Z INFO    [HIT] #38 r/alevels score=1 comments=3 title='Suggestions for abroad university scholarships'
2026-05-05T23:26:14Z INFO    [HIT] #39 r/alevels score=1 comments=1 title='A levels to uni'
2026-05-05T23:26:14Z INFO    [HIT] #40 r/alevels score=1 comments=2 title='AS accounting'
2026-05-05T23:26:14Z INFO    [HIT] #41 r/alevels score=1 comments=0 title='HELP ALEVELS MATHS'
2026-05-05T23:26:14Z INFO    [HIT] #42 r/alevels score=1 comments=2 title='Help me out with subject selection'
2026-05-05T23:26:14Z INFO    [HIT] #43 r/alevels score=2 comments=5 title='Help to choose alevels college'
2026-05-05T23:26:14Z INFO    [HIT] #44 r/alevels score=2 comments=3 title='Help with IBCC form'
2026-05-05T23:26:14Z INFO    [HIT] #45 r/alevels score=1 comments=1 title='further maths? how should i?'
2026-05-05T23:26:14Z INFO    [HIT] #46 r/alevels score=1 comments=9 title='admission in lahore garrison university'
2026-05-05T23:26:14Z INFO    [HIT] #47 r/alevels score=1 comments=0 title='Taking up Biology in Yr 2 to pursue Dentistry (BDS)'
2026-05-05T23:26:14Z INFO    [HIT] #48 r/alevels score=3 comments=4 title='Results are a month away and I feel too stressed'
2026-05-05T23:26:14Z INFO    [HIT] #49 r/alevels score=2 comments=1 title='CAIE a level further math'
2026-05-05T23:26:14Z INFO    [HIT] #50 r/alevels score=2 comments=1 title='suggestion for A-level subjects'
2026-05-05T23:26:14Z INFO    [HIT] #51 r/alevels score=1 comments=0 title='Is it possible to do CAIE A level Further Maths?'
2026-05-05T23:26:14Z INFO    [HIT] #52 r/alevels score=5 comments=6 title='ADVICE NEEDED PLS'
2026-05-05T23:26:14Z INFO    [HIT] #53 r/alevels score=6 comments=7 title='I AM COOKED'
2026-05-05T23:26:14Z INFO    [HIT] #54 r/alevels score=1 comments=0 title='how does as level  work ?'
2026-05-05T23:26:14Z INFO    [HIT] #55 r/alevels score=1 comments=5 title='Free econ maths and English help'
2026-05-05T23:26:14Z INFO    [HIT] #56 r/alevels score=1 comments=2 title='Alevels subject combination'
2026-05-05T23:26:14Z INFO    [HIT] #57 r/alevels score=1 comments=0 title='Looking For Good Online Media studies Alevel Teachers In Pakistan'
2026-05-05T23:26:14Z INFO    [HIT] #58 r/alevels score=2 comments=1 title='English Literature'
2026-05-05T23:26:14Z INFO    [HIT] #59 r/alevels score=2 comments=2 title='9702 electromagnetic spectrum'
2026-05-05T23:26:14Z INFO    [HIT] #60 r/alevels score=2 comments=20 title='NEED HELP FOR CHOOSING A LEVELS SCHOOL (LAHORE) IM COOKED'
2026-05-05T23:26:14Z INFO    [HIT] #61 r/alevels score=0 comments=3 title='affordable alevel colleges in islamabad'
2026-05-05T23:26:14Z INFO    [HIT] #62 r/alevels score=1 comments=2 title='confused, pls help!'
2026-05-05T23:26:14Z INFO    [HIT] #63 r/alevels score=5 comments=11 title='confused and fucked '
2026-05-05T23:26:14Z INFO    [HIT] #64 r/alevels score=2 comments=3 title='alevel accounting '
2026-05-05T23:26:14Z INFO    [HIT] #65 r/alevels score=2 comments=5 title='Uni advise '
2026-05-05T23:26:14Z INFO    [HIT] #66 r/alevels score=7 comments=5 title='Good luck tomorrow everyone🙏'
2026-05-05T23:26:14Z INFO    [HIT] #67 r/alevels score=1 comments=0 title='ALEVELS NOTES AND SOLVED QP(IN BANGLADESH ONLY)'
2026-05-05T23:26:14Z INFO    [HIT] #68 r/alevels score=3 comments=3 title='a level combination'
2026-05-05T23:26:14Z INFO    [HIT] #69 r/alevels score=1 comments=0 title='Is sociology a full credit subject? '
2026-05-05T23:26:14Z INFO    [HIT] #70 r/alevels score=3 comments=1 title='Pakistan Equivalence '
2026-05-05T23:26:14Z INFO    [HIT] #71 r/alevels score=5 comments=2 title="Subject's decision plz"
2026-05-05T23:26:14Z INFO    [HIT] #72 r/alevels score=1 comments=1 title='help '
2026-05-05T23:26:14Z INFO    [HIT] #73 r/alevels score=1 comments=2 title='which subject should i take in ASlevel '
2026-05-05T23:26:14Z INFO    [HIT] #74 r/alevels score=1 comments=5 title='Alevel Physics Crash Course'
2026-05-05T23:26:14Z INFO    [HIT] #75 r/alevels score=2 comments=2 title='Just a lil q'
2026-05-05T23:26:14Z INFO    [HIT] #76 r/alevels score=2 comments=1 title='Maths, Further Maths , Computer Science Alevels Tutoring'
2026-05-05T23:26:14Z INFO    [PHASE] SEARCH r/CIE  sort=relevance  variant=head:Olevels
2026-05-05T23:26:18Z INFO    [REQUEST] GET https://www.reddit.com/r/CIE/search.json?q=Olevels&sort=relevance&limit=100&t=all&raw_json=1&restrict_sr=1
2026-05-05T23:26:18Z INFO    [ERROR] GET https://www.reddit.com/r/CIE/search.json?q=Olevels&sort=relevance&limit=100&t=all&raw_json=1&restrict_sr=1 → HTTP 404 (non-retryable)
2026-05-05T23:26:18Z INFO    [PHASE] SEARCH r/edexcel  sort=relevance  variant=head:Olevels
2026-05-05T23:26:22Z INFO    [REQUEST] GET https://www.reddit.com/r/edexcel/search.json?q=Olevels&sort=relevance&limit=100&t=all&raw_json=1&restrict_sr=1
2026-05-05T23:26:23Z INFO    [RESPONSE] 200 712ms https://www.reddit.com/r/edexcel/search.json?q=Olevels&sort=relevance&limit=100&t=all&raw_json=1&restrict_sr=1
2026-05-05T23:26:23Z INFO    [HIT] #1 r/Edexcel score=3 comments=10 title='2025 Olevel Oct/Nov Accounting'
2026-05-05T23:26:23Z INFO    [HIT] #2 r/Edexcel score=2 comments=3 title='I want to find the oct nov chemistry olevel 1c and 2C papers'
2026-05-05T23:26:23Z INFO    [HIT] #3 r/Edexcel score=1 comments=0 title='Maths B Olevels'
2026-05-05T23:26:23Z INFO    [HIT] #4 r/Edexcel score=1 comments=1 title='I dont which subject i should take for olevels.'
2026-05-05T23:26:23Z INFO    [HIT] #5 r/Edexcel score=6 comments=1 title='GRADES BOUNDEIES 2025 JUNE OLEVELS'
2026-05-05T23:26:23Z INFO    [HIT] #6 r/Edexcel score=1 comments=15 title='Thoughts about macroeconomic paper,economics igcse olevel '
2026-05-05T23:26:23Z INFO    [HIT] #7 r/Edexcel score=1 comments=2 title='YouTubers for Pysics math and chem OLevel explanation'
2026-05-05T23:26:23Z INFO    [HIT] #8 r/Edexcel score=3 comments=0 title='Any idea about Olevel math paper boundaries '
2026-05-05T23:26:23Z INFO    [HIT] #9 r/Edexcel score=39 comments=21 title='WHY WHY just whyyyyy'
2026-05-05T23:26:23Z INFO    [HIT] #10 r/Edexcel score=1 comments=8 title='Edexcel Economics Students — this one’s for you.'
2026-05-05T23:26:23Z INFO    [HIT] #11 r/Edexcel score=20 comments=12 title='MARK SCHEMES JAN 2026'
2026-05-05T23:26:23Z INFO    [HIT] #12 r/Edexcel score=0 comments=2 title='May June 2026'
2026-05-05T23:26:23Z INFO    [HIT] #13 r/Edexcel score=6 comments=9 title='u1 physics jan paper results next week'
2026-05-05T23:26:23Z INFO    [HIT] #14 r/Edexcel score=4 comments=5 title='AS student, homeschooled, lost all discipline. Should I go abroad the brutal way?'
2026-05-05T23:26:23Z INFO    [HIT] #15 r/Edexcel score=4 comments=6 title='Hey Edexcel people over here. is edexcel harder then CIAE?'
2026-05-05T23:26:23Z INFO    [HIT] #16 r/Edexcel score=2 comments=3 title='are there any free resources where i can get all the diagrams for economics a levels?'
2026-05-05T23:26:23Z INFO    [HIT] #17 r/Edexcel score=11 comments=8 title='P3'
2026-05-05T23:26:23Z INFO    [HIT] #18 r/Edexcel score=3 comments=1 title='how do I keep going?'
2026-05-05T23:26:23Z INFO    [HIT] #19 r/Edexcel score=11 comments=9 title='OCTOBER 2025 PAPERS FOR CHEM,BIO,PHYSICS&MATH'
2026-05-05T23:26:23Z INFO    [HIT] #20 r/Edexcel score=1 comments=23 title='Plzzzz helppppppp im struggling'
2026-05-05T23:26:23Z INFO    [HIT] #21 r/Edexcel score=3 comments=2 title='Avoidance'
2026-05-05T23:26:23Z INFO    [HIT] #22 r/Edexcel score=2 comments=2 title='please help'
2026-05-05T23:26:23Z INFO    [HIT] #23 r/Edexcel score=3 comments=25 title='igcse geography'
2026-05-05T23:26:23Z INFO    [HIT] #24 r/Edexcel score=2 comments=32 title='Save my exams for free?'
2026-05-05T23:26:23Z INFO    [HIT] #25 r/Edexcel score=1 comments=4 title='Seeking advice for efficiency'
2026-05-05T23:26:23Z INFO    [HIT] #26 r/Edexcel score=1 comments=0 title='French'
2026-05-05T23:26:23Z INFO    [HIT] #27 r/Edexcel score=5 comments=14 title='I cant solve this type of questions.'
2026-05-05T23:26:23Z INFO    [HIT] #28 r/Edexcel score=7 comments=11 title='june 2025 papers'
2026-05-05T23:26:23Z INFO    [HIT] #29 r/Edexcel score=2 comments=5 title='boioioioing'
2026-05-05T23:26:23Z INFO    [HIT] #30 r/Edexcel score=2 comments=3 title='IGCSE'
2026-05-05T23:26:23Z INFO    [HIT] #31 r/Edexcel score=0 comments=1 title='Help please!🙏'
2026-05-05T23:26:23Z INFO    [HIT] #32 r/Edexcel score=1 comments=1 title='Travel and tourism or enviromental managment , I really need advice on my next subjects ill take in june so please help if you took those subjects before'
2026-05-05T23:26:23Z INFO    [HIT] #33 r/Edexcel score=1 comments=0 title='Biology AS'
2026-05-05T23:26:23Z INFO    [HIT] #34 r/Edexcel score=1 comments=3 title='Help required'
2026-05-05T23:26:23Z INFO    [HIT] #35 r/Edexcel score=1 comments=3 title='Need opinions'
2026-05-05T23:26:23Z INFO    [HIT] #36 r/Edexcel score=2 comments=0 title='Online Tutoring'
2026-05-05T23:26:23Z INFO    [HIT] #37 r/Edexcel score=3 comments=1 title='Im scared about accounting mj 25 As'
2026-05-05T23:26:23Z INFO    [HIT] #38 r/Edexcel score=7 comments=2 title='Study methods'
2026-05-05T23:26:23Z INFO    [HIT] #39 r/Edexcel score=3 comments=5 title='RESULTS DATE '
2026-05-05T23:26:23Z INFO    [HIT] #40 r/Edexcel score=5 comments=9 title='Save My Exams Account'
2026-05-05T23:26:23Z INFO    [HIT] #41 r/Edexcel score=2 comments=10 title='How was the papers so far?'
2026-05-05T23:26:23Z INFO    [HIT] #42 r/Edexcel score=2 comments=1 title='MATHS HELP NEEDED'
2026-05-05T23:26:23Z INFO    [HIT] #43 r/Edexcel score=2 comments=4 title='Helppp'
2026-05-05T23:26:23Z INFO    [HIT] #44 r/Edexcel score=2 comments=1 title='For new candidates'
2026-05-05T23:26:23Z INFO    [HIT] #45 r/Edexcel score=1 comments=2 title='Question'
2026-05-05T23:26:23Z INFO    [PHASE] SEARCH r/GCSE  sort=relevance  variant=head:Olevels
2026-05-05T23:26:27Z INFO    [REQUEST] GET https://www.reddit.com/r/GCSE/search.json?q=Olevels&sort=relevance&limit=100&t=all&raw_json=1&restrict_sr=1
2026-05-05T23:26:27Z INFO    [RESPONSE] 200 529ms https://www.reddit.com/r/GCSE/search.json?q=Olevels&sort=relevance&limit=100&t=all&raw_json=1&restrict_sr=1
2026-05-05T23:26:27Z INFO    [HIT] #1 r/GCSE score=1 comments=0 title="Looking for Business O'level topical past papers!"
2026-05-05T23:26:27Z INFO    [HIT] #2 r/GCSE score=2 comments=1 title='Olevel business topics'
2026-05-05T23:26:27Z INFO    [HIT] #3 r/GCSE score=3 comments=1 title='Hi guys, I am doing a research on student preparedness vs their actual results and factors that influence this (e.g. stress/ level of fitness e.g.) and want to identify potential correlations. If you guys are willing to help me, could you please fill out this google form. ( FOR POST OLEVEL STUDENTS)'
2026-05-05T23:26:27Z INFO    [HIT] #4 r/GCSE score=2 comments=3 title='Olevel Chemistry '
2026-05-05T23:26:27Z INFO    [HIT] #5 r/GCSE score=2 comments=0 title='Is enviromental managment Olevel easy?'
2026-05-05T23:26:27Z INFO    [HIT] #6 r/GCSE score=2 comments=1 title="I am giving o'levels not GCSEs but I think there kinda same,so I wanted to ask is there something similar to olevel additional math and is someone giving that exam."
2026-05-05T23:26:27Z INFO    [HIT] #7 r/GCSE score=2 comments=0 title="Hey Guys, Does anybody knows anything about the delay of O'level exams due to COVID-19 all over the world? Or Zone 4?"
2026-05-05T23:26:27Z INFO    [HIT] #8 r/GCSE score=2 comments=0 title='Can I repeat my olevels two years after giving the exam?'
2026-05-05T23:26:27Z INFO    [HIT] #9 r/GCSE score=119 comments=106 title='Hate my teachers'
2026-05-05T23:26:27Z INFO    [HIT] #10 r/GCSE score=2 comments=0 title='CAIE prep(helpp)'
2026-05-05T23:26:27Z INFO    [HIT] #11 r/GCSE score=3 comments=3 title='IGCSE 1: I got a bad grade'
2026-05-05T23:26:27Z INFO    [HIT] #12 r/GCSE score=1 comments=5 title='how to get 100% on boards in a month ?'
2026-05-05T23:26:27Z INFO    [HIT] #13 r/GCSE score=1 comments=3 title='Im in grade 8 rn and in gcse or o levels we have to chose between cambridge or pearson edexcel and i heard edexcel is easier BUT IDK'
2026-05-05T23:26:27Z INFO    [HIT] #14 r/GCSE score=1 comments=1 title='Free Class for Computer Science P2 (Pseudocode)'
2026-05-05T23:26:27Z INFO    [HIT] #15 r/GCSE score=9 comments=18 title="I'm so cooked please help"
2026-05-05T23:26:27Z INFO    [HIT] #16 r/GCSE score=1 comments=6 title='What subjects do I need at O level to study psychology?'
2026-05-05T23:26:27Z INFO    [HIT] #17 r/GCSE score=2 comments=4 title='IS THERE ANY SCHOOL IN THAILAND OR SINGAPORE THAT ACCEPT PRIVATE CANDIDATES?'
2026-05-05T23:26:27Z INFO    [HIT] #18 r/GCSE score=3 comments=1 title='What even is A levels? (no, seriously i have no idea-- i feel like im crazy)'
2026-05-05T23:26:27Z INFO    [HIT] #19 r/GCSE score=2 comments=0 title='GCSE Science Practicals'
2026-05-05T23:26:27Z INFO    [HIT] #20 r/GCSE score=1 comments=4 title='help for college admissions'
2026-05-05T23:26:27Z INFO    [HIT] #21 r/GCSE score=2 comments=5 title='[O levels] How to study'
2026-05-05T23:26:27Z INFO    [HIT] #22 r/GCSE score=0 comments=3 title='Maths o level book'
2026-05-05T23:26:27Z INFO    [PHASE] SEARCH r/6thForm  sort=relevance  variant=head:Olevels
2026-05-05T23:26:31Z INFO    [REQUEST] GET https://www.reddit.com/r/6thForm/search.json?q=Olevels&sort=relevance&limit=100&t=all&raw_json=1&restrict_sr=1
2026-05-05T23:26:32Z INFO    [RESPONSE] 200 686ms https://www.reddit.com/r/6thForm/search.json?q=Olevels&sort=relevance&limit=100&t=all&raw_json=1&restrict_sr=1
2026-05-05T23:26:32Z INFO    [HIT] #1 r/6thForm score=0 comments=17 title='Is it weird to do olevels alongside alevels'
2026-05-05T23:26:32Z INFO    [HIT] #2 r/6thForm score=1 comments=0 title='Olevels'
2026-05-05T23:26:32Z INFO    [HIT] #3 r/6thForm score=2 comments=1 title='How do University Course Exams for the following Subjects Compare to their Olevels/Alevels counter-part ?'
2026-05-05T23:26:32Z INFO    [HIT] #4 r/6thForm score=0 comments=1 title='IGCSE/Olevel and AS/Alevel free notes and handouts and other resources'
2026-05-05T23:26:32Z INFO    [HIT] #5 r/6thForm score=1 comments=1 title='[Update] Olevel Mathematics Topical Paper'
2026-05-05T23:26:32Z INFO    [HIT] #6 r/6thForm score=367 comments=81 title='rejected for exams i didnt even do. damn'
2026-05-05T23:26:32Z INFO    [HIT] #7 r/6thForm score=170 comments=30 title="I can't get into any colleges"
2026-05-05T23:26:32Z INFO    [HIT] #8 r/6thForm score=0 comments=11 title='Thinking about a gap year after Alevels'
2026-05-05T23:26:32Z INFO    [HIT] #9 r/6thForm score=1 comments=8 title='Need help in Further Maths!!!!'
2026-05-05T23:26:32Z INFO    [HIT] #10 r/6thForm score=129 comments=9 title='Just cant take it anymore'
2026-05-05T23:26:32Z INFO    [HIT] #11 r/6thForm score=42 comments=21 title="Is it true that unis weigh 8's and 9's at GCSE the same?"
2026-05-05T23:26:32Z INFO    [HIT] #12 r/6thForm score=1 comments=1 title="So I can't get into any uni with these grades ?"
2026-05-05T23:26:32Z INFO    [HIT] #13 r/6thForm score=1 comments=6 title='Should i drop any?'
2026-05-05T23:26:32Z INFO    [HIT] #14 r/6thForm score=1 comments=5 title='What to do to get an A* in Alevel maths '
2026-05-05T23:26:32Z INFO    [HIT] #15 r/6thForm score=8 comments=15 title='LSE APPLICATION'
2026-05-05T23:26:32Z INFO    [HIT] #16 r/6thForm score=3 comments=2 title='yt channels for edexel maths and aqa fm'
2026-05-05T23:26:32Z INFO    [HIT] #17 r/6thForm score=1 comments=4 title='Wrong exam board'
2026-05-05T23:26:32Z INFO    [HIT] #18 r/6thForm score=1 comments=3 title='uni application'
2026-05-05T23:26:32Z INFO    [HIT] #19 r/6thForm score=10 comments=2 title='need help with my a level subjects'
2026-05-05T23:26:32Z INFO    [HIT] #20 r/6thForm score=3 comments=4 title='Wishing to do my undergrad from Oxford as an international mature student'
2026-05-05T23:26:32Z INFO    [HIT] #21 r/6thForm score=2 comments=1 title='what Jobs can I get?'
2026-05-05T23:26:32Z INFO    [HIT] #22 r/6thForm score=19 comments=29 title='How to make sixth form life more fun?'
2026-05-05T23:26:32Z INFO    [HIT] #23 r/6thForm score=6 comments=8 title='FM, Business or Law at my third subject?'
2026-05-05T23:26:32Z INFO    [HIT] #24 r/6thForm score=2 comments=0 title='recheck 2022'
2026-05-05T23:26:32Z INFO    [HIT] #25 r/6thForm score=1 comments=4 title='Help with university admissions'
2026-05-05T23:26:32Z INFO    [HIT] #26 r/6thForm score=1 comments=13 title='6th form inquiry'
2026-05-05T23:26:32Z INFO    [HIT] #27 r/6thForm score=6 comments=3 title='Which Topical Should I Make?'
2026-05-05T23:26:32Z INFO    [HIT] #28 r/6thForm score=13 comments=2 title='I have somewhat prepared O levels Mathematics Topical Past Papers'
2026-05-05T23:26:32Z INFO    [HIT] #29 r/6thForm score=2 comments=0 title="I'm giving *composite* for A level. Do universities accept O Levels and predicted final grades by referee?"
2026-05-05T23:26:32Z INFO    [PHASE] SEARCH r/Cheatingclassmates  sort=relevance  variant=head:Olevels
2026-05-05T23:26:36Z INFO    [REQUEST] GET https://www.reddit.com/r/Cheatingclassmates/search.json?q=Olevels&sort=relevance&limit=100&t=all&raw_json=1&restrict_sr=1
2026-05-05T23:26:36Z INFO    [RESPONSE] 200 393ms https://www.reddit.com/r/Cheatingclassmates/search.json?q=Olevels&sort=relevance&limit=100&t=all&raw_json=1&restrict_sr=1
2026-05-05T23:26:36Z INFO    [INFO] no results on first page for sort=relevance sub=Cheatingclassmates
2026-05-05T23:26:36Z INFO    [PHASE] SEARCH r/GetStudying  sort=relevance  variant=head:Olevels
2026-05-05T23:26:40Z INFO    [REQUEST] GET https://www.reddit.com/r/GetStudying/search.json?q=Olevels&sort=relevance&limit=100&t=all&raw_json=1&restrict_sr=1
2026-05-05T23:26:41Z INFO    [RESPONSE] 200 381ms https://www.reddit.com/r/GetStudying/search.json?q=Olevels&sort=relevance&limit=100&t=all&raw_json=1&restrict_sr=1
2026-05-05T23:26:41Z INFO    [HIT] #1 r/GetStudying score=2 comments=5 title='guys, m doing self study for my olevels exams but i lack consistency and i feel like not doing it as m not accountable to anyone'
2026-05-05T23:26:41Z INFO    [HIT] #2 r/GetStudying score=5 comments=0 title='i have a exam tmr, and i still havent completed a single topic.. yet i dont feel any panic .. dk y'
2026-05-05T23:26:41Z INFO    [HIT] #3 r/GetStudying score=1 comments=1 title='Notes or flashcards?'
2026-05-05T23:26:41Z INFO    [HIT] #4 r/GetStudying score=2 comments=0 title='University test'
2026-05-05T23:26:41Z INFO    [HIT] #5 r/GetStudying score=5 comments=2 title='**VERY IMPORTANT**'
2026-05-05T23:26:41Z INFO    [HIT] #6 r/GetStudying score=7 comments=9 title='HELP ME GUYS'
2026-05-05T23:26:41Z INFO    [HIT] #7 r/GetStudying score=3 comments=3 title='Anyone want a tutor?'
2026-05-05T23:26:41Z INFO    [HIT] #8 r/GetStudying score=0 comments=1 title='Anyone want a tutor?'
2026-05-05T23:26:41Z INFO    [HIT] #9 r/GetStudying score=5 comments=0 title='Anyone want a tutor?'
2026-05-05T23:26:41Z INFO    [HIT] #10 r/GetStudying score=54 comments=25 title='things to study during the summer'
2026-05-05T23:26:41Z INFO    [HIT] #11 r/GetStudying score=2 comments=1 title='TwT PLS SEND HELP'
2026-05-05T23:26:41Z INFO    [HIT] #12 r/GetStudying score=1 comments=3 title='I thought it would be cool to share this with you guys. How I managed to get from the last class from my cohort to the first position in the second class (I think i did great?)'
2026-05-05T23:26:41Z INFO    [HIT] #13 r/GetStudying score=17 comments=4 title='Former/Current A-level students, any tips or advice? Need help.'
2026-05-05T23:26:41Z INFO    [PHASE] SEARCH r/studytips  sort=relevance  variant=head:Olevels
2026-05-05T23:26:45Z INFO    [REQUEST] GET https://www.reddit.com/r/studytips/search.json?q=Olevels&sort=relevance&limit=100&t=all&raw_json=1&restrict_sr=1
2026-05-05T23:26:45Z INFO    [RESPONSE] 200 337ms https://www.reddit.com/r/studytips/search.json?q=Olevels&sort=relevance&limit=100&t=all&raw_json=1&restrict_sr=1
2026-05-05T23:26:45Z INFO    [HIT] #1 r/studytips score=1 comments=0 title='hey evrryone olevels student here ,,its urgent!!plz guide (about ai,,plz provide as many good options you can)'
2026-05-05T23:26:45Z INFO    [HIT] #2 r/studytips score=2 comments=0 title="Who else is going for an O'LEVEL RETAKE in November?"
2026-05-05T23:26:45Z INFO    [HIT] #3 r/studytips score=1 comments=1 title='Study advice'
2026-05-05T23:26:45Z INFO    [HIT] #4 r/studytips score=3 comments=2 title='strategies to cramp for olvl in 4 months?'
2026-05-05T23:26:45Z INFO    [SECTION] PHASE 2 — FETCH-COMMENTS
2026-05-05T23:26:45Z INFO    [PHASE] FETCH-COMMENTS 913 unique post(s)
2026-05-05T23:26:49Z INFO    [REQUEST] GET https://www.reddit.com/comments/1d39c10.json?raw_json=1&limit=20
2026-05-05T23:26:49Z INFO    [RESPONSE] 200 307ms https://www.reddit.com/comments/1d39c10.json?raw_json=1&limit=20
2026-05-05T23:26:49Z INFO    [INFO] r/Olevels  1d39c10  +1 comment(s)
2026-05-05T23:26:53Z INFO    [REQUEST] GET https://www.reddit.com/comments/13fu8zw.json?raw_json=1&limit=20
2026-05-05T23:26:54Z INFO    [RESPONSE] 200 294ms https://www.reddit.com/comments/13fu8zw.json?raw_json=1&limit=20
2026-05-05T23:26:58Z INFO    [REQUEST] GET https://www.reddit.com/comments/1sx50x4.json?raw_json=1&limit=20
2026-05-05T23:26:58Z INFO    [RESPONSE] 200 251ms https://www.reddit.com/comments/1sx50x4.json?raw_json=1&limit=20
2026-05-05T23:26:58Z INFO    [INFO] r/Olevels  1sx50x4  +3 comment(s)
2026-05-05T23:27:02Z INFO    [REQUEST] GET https://www.reddit.com/comments/1rki5li.json?raw_json=1&limit=20
2026-05-05T23:27:02Z INFO    [RESPONSE] 200 266ms https://www.reddit.com/comments/1rki5li.json?raw_json=1&limit=20
2026-05-05T23:27:02Z INFO    [INFO] r/Olevels  1rki5li  +6 comment(s)
2026-05-05T23:27:06Z INFO    [REQUEST] GET https://www.reddit.com/comments/1hjd8b2.json?raw_json=1&limit=20
2026-05-05T23:27:07Z INFO    [RESPONSE] 200 287ms https://www.reddit.com/comments/1hjd8b2.json?raw_json=1&limit=20
2026-05-05T23:27:07Z INFO    [INFO] r/Olevels  1hjd8b2  +2 comment(s)
2026-05-05T23:27:11Z INFO    [REQUEST] GET https://www.reddit.com/comments/1d6b7py.json?raw_json=1&limit=20
2026-05-05T23:27:11Z INFO    [RESPONSE] 200 300ms https://www.reddit.com/comments/1d6b7py.json?raw_json=1&limit=20
2026-05-05T23:27:11Z INFO    [INFO] r/Olevels  1d6b7py  +2 comment(s)
2026-05-05T23:27:15Z INFO    [REQUEST] GET https://www.reddit.com/comments/1d3b5s2.json?raw_json=1&limit=20
2026-05-05T23:27:15Z INFO    [RESPONSE] 200 320ms https://www.reddit.com/comments/1d3b5s2.json?raw_json=1&limit=20
2026-05-05T23:27:19Z INFO    [REQUEST] GET https://www.reddit.com/comments/18j1nn5.json?raw_json=1&limit=20
2026-05-05T23:27:20Z INFO    [RESPONSE] 200 439ms https://www.reddit.com/comments/18j1nn5.json?raw_json=1&limit=20
2026-05-05T23:27:20Z INFO    [INFO] r/Olevels  18j1nn5  +1 comment(s)
2026-05-05T23:27:24Z INFO    [REQUEST] GET https://www.reddit.com/comments/1b9fmbz.json?raw_json=1&limit=20
2026-05-05T23:27:24Z INFO    [RESPONSE] 200 323ms https://www.reddit.com/comments/1b9fmbz.json?raw_json=1&limit=20
2026-05-05T23:27:24Z INFO    [INFO] r/Olevels  1b9fmbz  +1 comment(s)
2026-05-05T23:27:28Z INFO    [REQUEST] GET https://www.reddit.com/comments/13uld7l.json?raw_json=1&limit=20
2026-05-05T23:27:28Z INFO    [RESPONSE] 200 322ms https://www.reddit.com/comments/13uld7l.json?raw_json=1&limit=20
2026-05-05T23:27:28Z INFO    [INFO] r/Olevels  13uld7l  +1 comment(s)
2026-05-05T23:27:32Z INFO    [REQUEST] GET https://www.reddit.com/comments/1qjswpm.json?raw_json=1&limit=20
2026-05-05T23:27:33Z INFO    [RESPONSE] 200 360ms https://www.reddit.com/comments/1qjswpm.json?raw_json=1&limit=20
2026-05-05T23:27:33Z INFO    [INFO] r/igcse  1qjswpm  +5 comment(s)
2026-05-05T23:27:37Z INFO    [REQUEST] GET https://www.reddit.com/comments/1mxyms4.json?raw_json=1&limit=20
2026-05-05T23:27:37Z INFO    [RESPONSE] 200 357ms https://www.reddit.com/comments/1mxyms4.json?raw_json=1&limit=20
2026-05-05T23:27:37Z INFO    [INFO] r/igcse  1mxyms4  +2 comment(s)
2026-05-05T23:27:41Z INFO    [REQUEST] GET https://www.reddit.com/comments/1jos0op.json?raw_json=1&limit=20
2026-05-05T23:27:41Z INFO    [RESPONSE] 200 352ms https://www.reddit.com/comments/1jos0op.json?raw_json=1&limit=20
2026-05-05T23:27:41Z INFO    [INFO] r/igcse  1jos0op  +1 comment(s)
2026-05-05T23:27:45Z INFO    [REQUEST] GET https://www.reddit.com/comments/1e63pbh.json?raw_json=1&limit=20
2026-05-05T23:27:46Z INFO    [RESPONSE] 200 405ms https://www.reddit.com/comments/1e63pbh.json?raw_json=1&limit=20
2026-05-05T23:27:46Z INFO    [INFO] r/igcse  1e63pbh  +1 comment(s)
2026-05-05T23:27:50Z INFO    [REQUEST] GET https://www.reddit.com/comments/15eq3fu.json?raw_json=1&limit=20
2026-05-05T23:27:50Z INFO    [RESPONSE] 200 418ms https://www.reddit.com/comments/15eq3fu.json?raw_json=1&limit=20
2026-05-05T23:27:50Z INFO    [INFO] r/igcse  15eq3fu  +7 comment(s)
2026-05-05T23:27:54Z INFO    [REQUEST] GET https://www.reddit.com/comments/ttmi27.json?raw_json=1&limit=20
2026-05-05T23:27:55Z INFO    [RESPONSE] 200 361ms https://www.reddit.com/comments/ttmi27.json?raw_json=1&limit=20
2026-05-05T23:27:55Z INFO    [INFO] r/igcse  ttmi27  +4 comment(s)
2026-05-05T23:27:59Z INFO    [REQUEST] GET https://www.reddit.com/comments/utqt6y.json?raw_json=1&limit=20
2026-05-05T23:28:00Z INFO    [RESPONSE] 200 1542ms https://www.reddit.com/comments/utqt6y.json?raw_json=1&limit=20
2026-05-05T23:28:04Z INFO    [REQUEST] GET https://www.reddit.com/comments/1mw52b8.json?raw_json=1&limit=20
2026-05-05T23:28:04Z INFO    [RESPONSE] 200 423ms https://www.reddit.com/comments/1mw52b8.json?raw_json=1&limit=20
2026-05-05T23:28:04Z INFO    [INFO] r/alevel  1mw52b8  +1 comment(s)
2026-05-05T23:28:08Z INFO    [REQUEST] GET https://www.reddit.com/comments/1t2pc6u.json?raw_json=1&limit=20
2026-05-05T23:28:09Z INFO    [RESPONSE] 200 339ms https://www.reddit.com/comments/1t2pc6u.json?raw_json=1&limit=20
2026-05-05T23:28:13Z INFO    [REQUEST] GET https://www.reddit.com/comments/1cnqco2.json?raw_json=1&limit=20
2026-05-05T23:28:13Z INFO    [RESPONSE] 200 261ms https://www.reddit.com/comments/1cnqco2.json?raw_json=1&limit=20
2026-05-05T23:28:17Z INFO    [REQUEST] GET https://www.reddit.com/comments/1pp5e5a.json?raw_json=1&limit=20
2026-05-05T23:28:17Z INFO    [RESPONSE] 200 304ms https://www.reddit.com/comments/1pp5e5a.json?raw_json=1&limit=20
2026-05-05T23:28:21Z INFO    [REQUEST] GET https://www.reddit.com/comments/1lk018g.json?raw_json=1&limit=20
2026-05-05T23:28:22Z INFO    [RESPONSE] 200 357ms https://www.reddit.com/comments/1lk018g.json?raw_json=1&limit=20
2026-05-05T23:28:22Z INFO    [INFO] r/Edexcel  1lk018g  +3 comment(s)
2026-05-05T23:28:26Z INFO    [REQUEST] GET https://www.reddit.com/comments/8zvove.json?raw_json=1&limit=20
2026-05-05T23:28:26Z INFO    [RESPONSE] 200 429ms https://www.reddit.com/comments/8zvove.json?raw_json=1&limit=20
2026-05-05T23:28:26Z INFO    [INFO] r/GCSE  8zvove  +2 comment(s)
2026-05-05T23:28:30Z INFO    [REQUEST] GET https://www.reddit.com/comments/1syczfv.json?raw_json=1&limit=20
2026-05-05T23:28:31Z INFO    [RESPONSE] 200 431ms https://www.reddit.com/comments/1syczfv.json?raw_json=1&limit=20
2026-05-05T23:28:31Z INFO    [INFO] r/Olevels  1syczfv  +9 comment(s)
2026-05-05T23:28:35Z INFO    [REQUEST] GET https://www.reddit.com/comments/1dv8tp6.json?raw_json=1&limit=20
2026-05-05T23:28:35Z INFO    [RESPONSE] 200 411ms https://www.reddit.com/comments/1dv8tp6.json?raw_json=1&limit=20
2026-05-05T23:28:35Z INFO    [INFO] r/Olevels  1dv8tp6  +11 comment(s)
2026-05-05T23:28:39Z INFO    [REQUEST] GET https://www.reddit.com/comments/1rrxl62.json?raw_json=1&limit=20
2026-05-05T23:28:39Z INFO    [RETRY] 1/3 wait=1.0s HTTP 429
2026-05-05T23:28:43Z INFO    [REQUEST] GET https://www.reddit.com/comments/1rrxl62.json?raw_json=1&limit=20
2026-05-05T23:28:43Z INFO    [RETRY] 2/3 wait=2.0s HTTP 429
2026-05-05T23:28:47Z INFO    [REQUEST] GET https://www.reddit.com/comments/1rrxl62.json?raw_json=1&limit=20
2026-05-05T23:28:47Z INFO    [ERROR] GET https://www.reddit.com/comments/1rrxl62.json?raw_json=1&limit=20 → HTTP 429 after 3 attempts; giving up
2026-05-05T23:28:51Z INFO    [REQUEST] GET https://www.reddit.com/comments/1qws830.json?raw_json=1&limit=20
2026-05-05T23:28:52Z INFO    [RETRY] 1/3 wait=1.0s HTTP 429
2026-05-05T23:28:56Z INFO    [REQUEST] GET https://www.reddit.com/comments/1qws830.json?raw_json=1&limit=20
2026-05-05T23:28:56Z INFO    [RETRY] 2/3 wait=2.0s HTTP 429
2026-05-05T23:29:00Z INFO    [REQUEST] GET https://www.reddit.com/comments/1qws830.json?raw_json=1&limit=20
2026-05-05T23:29:00Z INFO    [ERROR] GET https://www.reddit.com/comments/1qws830.json?raw_json=1&limit=20 → HTTP 429 after 3 attempts; giving up
2026-05-05T23:29:04Z INFO    [REQUEST] GET https://www.reddit.com/comments/1ln9pjv.json?raw_json=1&limit=20
2026-05-05T23:29:04Z INFO    [RETRY] 1/3 wait=1.0s HTTP 429
2026-05-05T23:29:08Z INFO    [REQUEST] GET https://www.reddit.com/comments/1ln9pjv.json?raw_json=1&limit=20
2026-05-05T23:29:08Z INFO    [RETRY] 2/3 wait=2.0s HTTP 429
2026-05-05T23:29:12Z INFO    [REQUEST] GET https://www.reddit.com/comments/1ln9pjv.json?raw_json=1&limit=20
2026-05-05T23:29:12Z INFO    [ERROR] GET https://www.reddit.com/comments/1ln9pjv.json?raw_json=1&limit=20 → HTTP 429 after 3 attempts; giving up
2026-05-05T23:29:16Z INFO    [REQUEST] GET https://www.reddit.com/comments/1mukj39.json?raw_json=1&limit=20
2026-05-05T23:29:17Z INFO    [RETRY] 1/3 wait=1.0s HTTP 429
2026-05-05T23:29:21Z INFO    [REQUEST] GET https://www.reddit.com/comments/1mukj39.json?raw_json=1&limit=20
2026-05-05T23:29:21Z INFO    [RETRY] 2/3 wait=2.0s HTTP 429
2026-05-05T23:29:25Z INFO    [REQUEST] GET https://www.reddit.com/comments/1mukj39.json?raw_json=1&limit=20
2026-05-05T23:29:25Z INFO    [ERROR] GET https://www.reddit.com/comments/1mukj39.json?raw_json=1&limit=20 → HTTP 429 after 3 attempts; giving up
2026-05-05T23:29:29Z INFO    [REQUEST] GET https://www.reddit.com/comments/1kfyy0e.json?raw_json=1&limit=20
2026-05-05T23:29:29Z INFO    [RETRY] 1/3 wait=1.0s HTTP 429
2026-05-05T23:29:33Z INFO    [REQUEST] GET https://www.reddit.com/comments/1kfyy0e.json?raw_json=1&limit=20
2026-05-05T23:29:33Z INFO    [RETRY] 2/3 wait=2.0s HTTP 429
2026-05-05T23:29:37Z INFO    [REQUEST] GET https://www.reddit.com/comments/1kfyy0e.json?raw_json=1&limit=20
2026-05-05T23:29:37Z INFO    [ERROR] GET https://www.reddit.com/comments/1kfyy0e.json?raw_json=1&limit=20 → HTTP 429 after 3 attempts; giving up
2026-05-05T23:29:41Z INFO    [REQUEST] GET https://www.reddit.com/comments/1fito0h.json?raw_json=1&limit=20
2026-05-05T23:29:42Z INFO    [RETRY] 1/3 wait=1.0s HTTP 429
2026-05-05T23:29:46Z INFO    [REQUEST] GET https://www.reddit.com/comments/1fito0h.json?raw_json=1&limit=20
2026-05-05T23:29:46Z INFO    [RETRY] 2/3 wait=2.0s HTTP 429
2026-05-05T23:29:50Z INFO    [REQUEST] GET https://www.reddit.com/comments/1fito0h.json?raw_json=1&limit=20
2026-05-05T23:29:50Z INFO    [ERROR] GET https://www.reddit.com/comments/1fito0h.json?raw_json=1&limit=20 → HTTP 429 after 3 attempts; giving up
2026-05-05T23:29:54Z INFO    [REQUEST] GET https://www.reddit.com/comments/1gj9mj6.json?raw_json=1&limit=20
2026-05-05T23:29:54Z INFO    [RETRY] 1/3 wait=1.0s HTTP 429
2026-05-05T23:29:58Z INFO    [REQUEST] GET https://www.reddit.com/comments/1gj9mj6.json?raw_json=1&limit=20
2026-05-05T23:29:58Z INFO    [RETRY] 2/3 wait=2.0s HTTP 429
2026-05-05T23:30:02Z INFO    [REQUEST] GET https://www.reddit.com/comments/1gj9mj6.json?raw_json=1&limit=20
2026-05-05T23:30:03Z INFO    [RESPONSE] 200 660ms https://www.reddit.com/comments/1gj9mj6.json?raw_json=1&limit=20
2026-05-05T23:30:03Z INFO    [INFO] r/Olevels  1gj9mj6  +2 comment(s)
2026-05-05T23:30:07Z INFO    [REQUEST] GET https://www.reddit.com/comments/1qdqlm9.json?raw_json=1&limit=20
2026-05-05T23:30:08Z INFO    [RESPONSE] 200 1011ms https://www.reddit.com/comments/1qdqlm9.json?raw_json=1&limit=20
2026-05-05T23:30:08Z INFO    [INFO] r/alevel  1qdqlm9  +8 comment(s)
2026-05-05T23:30:12Z INFO    [REQUEST] GET https://www.reddit.com/comments/1cxyadb.json?raw_json=1&limit=20
2026-05-05T23:30:13Z INFO    [RESPONSE] 200 613ms https://www.reddit.com/comments/1cxyadb.json?raw_json=1&limit=20
2026-05-05T23:30:13Z INFO    [INFO] r/Olevels  1cxyadb  +10 comment(s)
2026-05-05T23:30:17Z INFO    [REQUEST] GET https://www.reddit.com/comments/1qf6z49.json?raw_json=1&limit=20
2026-05-05T23:30:17Z INFO    [RESPONSE] 200 444ms https://www.reddit.com/comments/1qf6z49.json?raw_json=1&limit=20
2026-05-05T23:30:17Z INFO    [INFO] r/Olevels  1qf6z49  +6 comment(s)
2026-05-05T23:30:21Z INFO    [REQUEST] GET https://www.reddit.com/comments/1t03jt7.json?raw_json=1&limit=20
2026-05-05T23:30:22Z INFO    [RESPONSE] 200 626ms https://www.reddit.com/comments/1t03jt7.json?raw_json=1&limit=20
2026-05-05T23:30:22Z INFO    [INFO] r/Olevels  1t03jt7  +12 comment(s)
2026-05-05T23:30:26Z INFO    [REQUEST] GET https://www.reddit.com/comments/1mul0pl.json?raw_json=1&limit=20
2026-05-05T23:30:26Z INFO    [RESPONSE] 200 465ms https://www.reddit.com/comments/1mul0pl.json?raw_json=1&limit=20
2026-05-05T23:30:26Z INFO    [INFO] r/Olevels  1mul0pl  +11 comment(s)
2026-05-05T23:30:30Z INFO    [REQUEST] GET https://www.reddit.com/comments/1skeeov.json?raw_json=1&limit=20
2026-05-05T23:30:31Z INFO    [RESPONSE] 200 527ms https://www.reddit.com/comments/1skeeov.json?raw_json=1&limit=20
2026-05-05T23:30:31Z INFO    [INFO] r/Olevels  1skeeov  +9 comment(s)
2026-05-05T23:30:35Z INFO    [REQUEST] GET https://www.reddit.com/comments/1rovxgk.json?raw_json=1&limit=20
2026-05-05T23:30:35Z INFO    [RESPONSE] 200 620ms https://www.reddit.com/comments/1rovxgk.json?raw_json=1&limit=20
2026-05-05T23:30:35Z INFO    [INFO] r/Olevels  1rovxgk  +15 comment(s)
2026-05-05T23:30:39Z INFO    [REQUEST] GET https://www.reddit.com/comments/1sbcl7e.json?raw_json=1&limit=20
2026-05-05T23:30:40Z INFO    [RESPONSE] 200 533ms https://www.reddit.com/comments/1sbcl7e.json?raw_json=1&limit=20
2026-05-05T23:30:40Z INFO    [INFO] r/Olevels  1sbcl7e  +19 comment(s)
2026-05-05T23:30:44Z INFO    [REQUEST] GET https://www.reddit.com/comments/1t3lydu.json?raw_json=1&limit=20
2026-05-05T23:30:44Z INFO    [RESPONSE] 200 514ms https://www.reddit.com/comments/1t3lydu.json?raw_json=1&limit=20
2026-05-05T23:30:44Z INFO    [INFO] r/Olevels  1t3lydu  +8 comment(s)
2026-05-05T23:30:48Z INFO    [REQUEST] GET https://www.reddit.com/comments/1szn82t.json?raw_json=1&limit=20
2026-05-05T23:30:49Z INFO    [RESPONSE] 200 444ms https://www.reddit.com/comments/1szn82t.json?raw_json=1&limit=20
2026-05-05T23:30:49Z INFO    [INFO] r/Olevels  1szn82t  +3 comment(s)
2026-05-05T23:30:53Z INFO    [REQUEST] GET https://www.reddit.com/comments/1s2c8hp.json?raw_json=1&limit=20
2026-05-05T23:30:53Z INFO    [RESPONSE] 200 426ms https://www.reddit.com/comments/1s2c8hp.json?raw_json=1&limit=20
2026-05-05T23:30:53Z INFO    [INFO] r/Olevels  1s2c8hp  +5 comment(s)
2026-05-05T23:30:57Z INFO    [REQUEST] GET https://www.reddit.com/comments/1skc53o.json?raw_json=1&limit=20
2026-05-05T23:30:58Z INFO    [RESPONSE] 200 699ms https://www.reddit.com/comments/1skc53o.json?raw_json=1&limit=20
2026-05-05T23:30:58Z INFO    [INFO] r/Olevels  1skc53o  +17 comment(s)
2026-05-05T23:31:02Z INFO    [REQUEST] GET https://www.reddit.com/comments/1sisarv.json?raw_json=1&limit=20
2026-05-05T23:31:02Z INFO    [RESPONSE] 200 431ms https://www.reddit.com/comments/1sisarv.json?raw_json=1&limit=20
2026-05-05T23:31:02Z INFO    [INFO] r/Olevels  1sisarv  +7 comment(s)
2026-05-05T23:31:06Z INFO    [REQUEST] GET https://www.reddit.com/comments/1sxwmhr.json?raw_json=1&limit=20
2026-05-05T23:31:07Z INFO    [RESPONSE] 200 363ms https://www.reddit.com/comments/1sxwmhr.json?raw_json=1&limit=20
2026-05-05T23:31:07Z INFO    [INFO] r/Olevels  1sxwmhr  +3 comment(s)
2026-05-05T23:31:11Z INFO    [REQUEST] GET https://www.reddit.com/comments/1t0t2fi.json?raw_json=1&limit=20
2026-05-05T23:31:11Z INFO    [RESPONSE] 200 356ms https://www.reddit.com/comments/1t0t2fi.json?raw_json=1&limit=20
2026-05-05T23:31:11Z INFO    [INFO] r/Olevels  1t0t2fi  +5 comment(s)
2026-05-05T23:31:15Z INFO    [REQUEST] GET https://www.reddit.com/comments/1t0puke.json?raw_json=1&limit=20
2026-05-05T23:31:17Z INFO    [RESPONSE] 200 1542ms https://www.reddit.com/comments/1t0puke.json?raw_json=1&limit=20
2026-05-05T23:31:17Z INFO    [INFO] r/Olevels  1t0puke  +6 comment(s)
2026-05-05T23:31:21Z INFO    [REQUEST] GET https://www.reddit.com/comments/1ka1stc.json?raw_json=1&limit=20
2026-05-05T23:31:21Z INFO    [RESPONSE] 200 376ms https://www.reddit.com/comments/1ka1stc.json?raw_json=1&limit=20
2026-05-05T23:31:21Z INFO    [INFO] r/Olevels  1ka1stc  +3 comment(s)
2026-05-05T23:31:25Z INFO    [REQUEST] GET https://www.reddit.com/comments/1s2her6.json?raw_json=1&limit=20
2026-05-05T23:31:25Z INFO    [RESPONSE] 200 416ms https://www.reddit.com/comments/1s2her6.json?raw_json=1&limit=20
2026-05-05T23:31:25Z INFO    [INFO] r/Olevels  1s2her6  +3 comment(s)
2026-05-05T23:31:29Z INFO    [REQUEST] GET https://www.reddit.com/comments/1ry4c7d.json?raw_json=1&limit=20
2026-05-05T23:31:30Z INFO    [RESPONSE] 200 372ms https://www.reddit.com/comments/1ry4c7d.json?raw_json=1&limit=20
2026-05-05T23:31:30Z INFO    [INFO] r/Olevels  1ry4c7d  +7 comment(s)
2026-05-05T23:31:34Z INFO    [REQUEST] GET https://www.reddit.com/comments/1sjkup8.json?raw_json=1&limit=20
2026-05-05T23:31:34Z INFO    [RESPONSE] 200 331ms https://www.reddit.com/comments/1sjkup8.json?raw_json=1&limit=20
2026-05-05T23:31:34Z INFO    [INFO] r/Olevels  1sjkup8  +4 comment(s)
2026-05-05T23:31:38Z INFO    [REQUEST] GET https://www.reddit.com/comments/1q9tpba.json?raw_json=1&limit=20
2026-05-05T23:31:38Z INFO    [RESPONSE] 200 421ms https://www.reddit.com/comments/1q9tpba.json?raw_json=1&limit=20
2026-05-05T23:31:38Z INFO    [INFO] r/Olevels  1q9tpba  +5 comment(s)
2026-05-05T23:31:42Z INFO    [REQUEST] GET https://www.reddit.com/comments/1s8s1t6.json?raw_json=1&limit=20
2026-05-05T23:31:43Z INFO    [RESPONSE] 200 347ms https://www.reddit.com/comments/1s8s1t6.json?raw_json=1&limit=20
2026-05-05T23:31:43Z INFO    [INFO] r/Olevels  1s8s1t6  +5 comment(s)
2026-05-05T23:31:47Z INFO    [REQUEST] GET https://www.reddit.com/comments/1ssh1vm.json?raw_json=1&limit=20
2026-05-05T23:31:47Z INFO    [RESPONSE] 200 367ms https://www.reddit.com/comments/1ssh1vm.json?raw_json=1&limit=20
2026-05-05T23:31:47Z INFO    [INFO] r/Olevels  1ssh1vm  +4 comment(s)
2026-05-05T23:31:51Z INFO    [REQUEST] GET https://www.reddit.com/comments/1srvprr.json?raw_json=1&limit=20
2026-05-05T23:31:52Z INFO    [RESPONSE] 200 1048ms https://www.reddit.com/comments/1srvprr.json?raw_json=1&limit=20
2026-05-05T23:31:52Z INFO    [INFO] r/Olevels  1srvprr  +3 comment(s)
2026-05-05T23:31:56Z INFO    [REQUEST] GET https://www.reddit.com/comments/1t3cosr.json?raw_json=1&limit=20
2026-05-05T23:31:57Z INFO    [RESPONSE] 200 341ms https://www.reddit.com/comments/1t3cosr.json?raw_json=1&limit=20
2026-05-05T23:31:57Z INFO    [INFO] r/Olevels  1t3cosr  +4 comment(s)
2026-05-05T23:32:01Z INFO    [REQUEST] GET https://www.reddit.com/comments/1rvfqiw.json?raw_json=1&limit=20
2026-05-05T23:32:01Z INFO    [RESPONSE] 200 516ms https://www.reddit.com/comments/1rvfqiw.json?raw_json=1&limit=20
2026-05-05T23:32:01Z INFO    [INFO] r/Olevels  1rvfqiw  +3 comment(s)
2026-05-05T23:32:05Z INFO    [REQUEST] GET https://www.reddit.com/comments/1rg653w.json?raw_json=1&limit=20
2026-05-05T23:32:05Z INFO    [RESPONSE] 200 414ms https://www.reddit.com/comments/1rg653w.json?raw_json=1&limit=20
2026-05-05T23:32:05Z INFO    [INFO] r/Olevels  1rg653w  +4 comment(s)
2026-05-05T23:32:09Z INFO    [REQUEST] GET https://www.reddit.com/comments/1szjmfv.json?raw_json=1&limit=20
2026-05-05T23:32:10Z INFO    [RESPONSE] 200 303ms https://www.reddit.com/comments/1szjmfv.json?raw_json=1&limit=20
2026-05-05T23:32:10Z INFO    [INFO] r/Olevels  1szjmfv  +4 comment(s)
2026-05-05T23:32:14Z INFO    [REQUEST] GET https://www.reddit.com/comments/1t2qlt7.json?raw_json=1&limit=20
2026-05-05T23:32:14Z INFO    [RESPONSE] 200 305ms https://www.reddit.com/comments/1t2qlt7.json?raw_json=1&limit=20
2026-05-05T23:32:14Z INFO    [INFO] r/Olevels  1t2qlt7  +5 comment(s)
2026-05-05T23:32:18Z INFO    [REQUEST] GET https://www.reddit.com/comments/1t3mr8d.json?raw_json=1&limit=20
2026-05-05T23:32:18Z INFO    [RESPONSE] 200 307ms https://www.reddit.com/comments/1t3mr8d.json?raw_json=1&limit=20
2026-05-05T23:32:18Z INFO    [INFO] r/Olevels  1t3mr8d  +4 comment(s)
2026-05-05T23:32:22Z INFO    [REQUEST] GET https://www.reddit.com/comments/1szxt4e.json?raw_json=1&limit=20
2026-05-05T23:32:23Z INFO    [RESPONSE] 200 306ms https://www.reddit.com/comments/1szxt4e.json?raw_json=1&limit=20
2026-05-05T23:32:23Z INFO    [INFO] r/Olevels  1szxt4e  +3 comment(s)
2026-05-05T23:32:27Z INFO    [REQUEST] GET https://www.reddit.com/comments/1sr7uza.json?raw_json=1&limit=20
2026-05-05T23:32:27Z INFO    [RESPONSE] 200 322ms https://www.reddit.com/comments/1sr7uza.json?raw_json=1&limit=20
2026-05-05T23:32:27Z INFO    [INFO] r/Olevels  1sr7uza  +3 comment(s)
2026-05-05T23:32:31Z INFO    [REQUEST] GET https://www.reddit.com/comments/1sx8o1r.json?raw_json=1&limit=20
2026-05-05T23:32:31Z INFO    [RESPONSE] 200 315ms https://www.reddit.com/comments/1sx8o1r.json?raw_json=1&limit=20
2026-05-05T23:32:31Z INFO    [INFO] r/Olevels  1sx8o1r  +3 comment(s)
2026-05-05T23:32:35Z INFO    [REQUEST] GET https://www.reddit.com/comments/1szdv5v.json?raw_json=1&limit=20
2026-05-05T23:32:36Z INFO    [RESPONSE] 200 312ms https://www.reddit.com/comments/1szdv5v.json?raw_json=1&limit=20
2026-05-05T23:32:36Z INFO    [INFO] r/Olevels  1szdv5v  +5 comment(s)
2026-05-05T23:32:40Z INFO    [REQUEST] GET https://www.reddit.com/comments/1t2eiw8.json?raw_json=1&limit=20
2026-05-05T23:32:40Z INFO    [RESPONSE] 200 309ms https://www.reddit.com/comments/1t2eiw8.json?raw_json=1&limit=20
2026-05-05T23:32:40Z INFO    [INFO] r/Olevels  1t2eiw8  +3 comment(s)
2026-05-05T23:32:44Z INFO    [REQUEST] GET https://www.reddit.com/comments/1t3snty.json?raw_json=1&limit=20
2026-05-05T23:32:44Z INFO    [RESPONSE] 200 316ms https://www.reddit.com/comments/1t3snty.json?raw_json=1&limit=20
2026-05-05T23:32:44Z INFO    [INFO] r/Olevels  1t3snty  +3 comment(s)
2026-05-05T23:32:48Z INFO    [REQUEST] GET https://www.reddit.com/comments/1t4d8sy.json?raw_json=1&limit=20
2026-05-05T23:32:49Z INFO    [RESPONSE] 200 333ms https://www.reddit.com/comments/1t4d8sy.json?raw_json=1&limit=20
2026-05-05T23:32:49Z INFO    [INFO] r/Olevels  1t4d8sy  +2 comment(s)
2026-05-05T23:32:53Z INFO    [REQUEST] GET https://www.reddit.com/comments/1eocoqm.json?raw_json=1&limit=20
2026-05-05T23:32:53Z INFO    [RESPONSE] 200 453ms https://www.reddit.com/comments/1eocoqm.json?raw_json=1&limit=20
2026-05-05T23:32:53Z INFO    [INFO] r/Olevels  1eocoqm  +16 comment(s)
2026-05-05T23:32:57Z INFO    [REQUEST] GET https://www.reddit.com/comments/1t0ptlf.json?raw_json=1&limit=20
2026-05-05T23:32:58Z INFO    [RESPONSE] 200 412ms https://www.reddit.com/comments/1t0ptlf.json?raw_json=1&limit=20
2026-05-05T23:32:58Z INFO    [INFO] r/Olevels  1t0ptlf  +2 comment(s)
2026-05-05T23:33:02Z INFO    [REQUEST] GET https://www.reddit.com/comments/1su4jsk.json?raw_json=1&limit=20
2026-05-05T23:33:02Z INFO    [RESPONSE] 200 329ms https://www.reddit.com/comments/1su4jsk.json?raw_json=1&limit=20
2026-05-05T23:33:02Z INFO    [INFO] r/Olevels  1su4jsk  +3 comment(s)
2026-05-05T23:33:06Z INFO    [REQUEST] GET https://www.reddit.com/comments/1sxs3qj.json?raw_json=1&limit=20
2026-05-05T23:33:06Z INFO    [RESPONSE] 200 349ms https://www.reddit.com/comments/1sxs3qj.json?raw_json=1&limit=20
2026-05-05T23:33:06Z INFO    [INFO] r/Olevels  1sxs3qj  +4 comment(s)
2026-05-05T23:33:10Z INFO    [REQUEST] GET https://www.reddit.com/comments/1swg9fs.json?raw_json=1&limit=20
2026-05-05T23:33:11Z INFO    [RESPONSE] 200 363ms https://www.reddit.com/comments/1swg9fs.json?raw_json=1&limit=20
2026-05-05T23:33:11Z INFO    [INFO] r/Olevels  1swg9fs  +2 comment(s)
2026-05-05T23:33:15Z INFO    [REQUEST] GET https://www.reddit.com/comments/1t109u7.json?raw_json=1&limit=20
2026-05-05T23:33:15Z INFO    [RESPONSE] 200 387ms https://www.reddit.com/comments/1t109u7.json?raw_json=1&limit=20
2026-05-05T23:33:15Z INFO    [INFO] r/Olevels  1t109u7  +1 comment(s)
2026-05-05T23:33:19Z INFO    [REQUEST] GET https://www.reddit.com/comments/1t10702.json?raw_json=1&limit=20
2026-05-05T23:33:19Z INFO    [RESPONSE] 200 286ms https://www.reddit.com/comments/1t10702.json?raw_json=1&limit=20
2026-05-05T23:33:19Z INFO    [INFO] r/Olevels  1t10702  +2 comment(s)
2026-05-05T23:33:23Z INFO    [REQUEST] GET https://www.reddit.com/comments/1sn2j95.json?raw_json=1&limit=20
2026-05-05T23:33:24Z INFO    [RESPONSE] 200 308ms https://www.reddit.com/comments/1sn2j95.json?raw_json=1&limit=20
2026-05-05T23:33:24Z INFO    [INFO] r/Olevels  1sn2j95  +4 comment(s)
2026-05-05T23:33:28Z INFO    [REQUEST] GET https://www.reddit.com/comments/1t3c8it.json?raw_json=1&limit=20
2026-05-05T23:33:28Z INFO    [RESPONSE] 200 269ms https://www.reddit.com/comments/1t3c8it.json?raw_json=1&limit=20
2026-05-05T23:33:28Z INFO    [INFO] r/Olevels  1t3c8it  +1 comment(s)
2026-05-05T23:33:32Z INFO    [REQUEST] GET https://www.reddit.com/comments/1sv83it.json?raw_json=1&limit=20
2026-05-05T23:33:32Z INFO    [RESPONSE] 200 404ms https://www.reddit.com/comments/1sv83it.json?raw_json=1&limit=20
2026-05-05T23:33:32Z INFO    [INFO] r/Olevels  1sv83it  +2 comment(s)
2026-05-05T23:33:36Z INFO    [REQUEST] GET https://www.reddit.com/comments/1std8eq.json?raw_json=1&limit=20
2026-05-05T23:33:37Z INFO    [RESPONSE] 200 329ms https://www.reddit.com/comments/1std8eq.json?raw_json=1&limit=20
2026-05-05T23:33:37Z INFO    [INFO] r/Olevels  1std8eq  +2 comment(s)
2026-05-05T23:33:41Z INFO    [REQUEST] GET https://www.reddit.com/comments/1s8j7mf.json?raw_json=1&limit=20
2026-05-05T23:33:41Z INFO    [RESPONSE] 200 315ms https://www.reddit.com/comments/1s8j7mf.json?raw_json=1&limit=20
2026-05-05T23:33:41Z INFO    [INFO] r/Olevels  1s8j7mf  +3 comment(s)
2026-05-05T23:33:45Z INFO    [REQUEST] GET https://www.reddit.com/comments/1syo081.json?raw_json=1&limit=20
2026-05-05T23:33:45Z INFO    [RESPONSE] 200 481ms https://www.reddit.com/comments/1syo081.json?raw_json=1&limit=20
2026-05-05T23:33:45Z INFO    [INFO] r/Olevels  1syo081  +1 comment(s)
2026-05-05T23:33:49Z INFO    [REQUEST] GET https://www.reddit.com/comments/1sicilu.json?raw_json=1&limit=20
2026-05-05T23:33:50Z INFO    [RESPONSE] 200 318ms https://www.reddit.com/comments/1sicilu.json?raw_json=1&limit=20
2026-05-05T23:33:50Z INFO    [INFO] r/Olevels  1sicilu  +2 comment(s)
2026-05-05T23:33:54Z INFO    [REQUEST] GET https://www.reddit.com/comments/1snygzi.json?raw_json=1&limit=20
2026-05-05T23:33:54Z INFO    [RESPONSE] 200 416ms https://www.reddit.com/comments/1snygzi.json?raw_json=1&limit=20
2026-05-05T23:33:54Z INFO    [INFO] r/Olevels  1snygzi  +2 comment(s)
2026-05-05T23:33:58Z INFO    [REQUEST] GET https://www.reddit.com/comments/1sn0sru.json?raw_json=1&limit=20
2026-05-05T23:33:58Z INFO    [RESPONSE] 200 365ms https://www.reddit.com/comments/1sn0sru.json?raw_json=1&limit=20
2026-05-05T23:33:58Z INFO    [INFO] r/Olevels  1sn0sru  +2 comment(s)
2026-05-05T23:34:02Z INFO    [REQUEST] GET https://www.reddit.com/comments/1r2ptcv.json?raw_json=1&limit=20
2026-05-05T23:34:03Z INFO    [RESPONSE] 200 379ms https://www.reddit.com/comments/1r2ptcv.json?raw_json=1&limit=20
2026-05-05T23:34:03Z INFO    [INFO] r/Olevels  1r2ptcv  +5 comment(s)
2026-05-05T23:34:07Z INFO    [REQUEST] GET https://www.reddit.com/comments/1sr7tx8.json?raw_json=1&limit=20
2026-05-05T23:34:07Z INFO    [RESPONSE] 200 294ms https://www.reddit.com/comments/1sr7tx8.json?raw_json=1&limit=20
2026-05-05T23:34:07Z INFO    [INFO] r/Olevels  1sr7tx8  +1 comment(s)
2026-05-05T23:34:11Z INFO    [REQUEST] GET https://www.reddit.com/comments/1spmeh0.json?raw_json=1&limit=20
2026-05-05T23:34:11Z INFO    [RESPONSE] 200 270ms https://www.reddit.com/comments/1spmeh0.json?raw_json=1&limit=20
2026-05-05T23:34:11Z INFO    [INFO] r/Olevels  1spmeh0  +1 comment(s)
2026-05-05T23:34:15Z INFO    [REQUEST] GET https://www.reddit.com/comments/1qy7at3.json?raw_json=1&limit=20
2026-05-05T23:34:16Z INFO    [RESPONSE] 200 407ms https://www.reddit.com/comments/1qy7at3.json?raw_json=1&limit=20
2026-05-05T23:34:16Z INFO    [INFO] r/Olevels  1qy7at3  +3 comment(s)
2026-05-05T23:34:20Z INFO    [REQUEST] GET https://www.reddit.com/comments/1s2sgzj.json?raw_json=1&limit=20
2026-05-05T23:34:20Z INFO    [RESPONSE] 200 310ms https://www.reddit.com/comments/1s2sgzj.json?raw_json=1&limit=20
2026-05-05T23:34:20Z INFO    [INFO] r/Olevels  1s2sgzj  +3 comment(s)
2026-05-05T23:34:24Z INFO    [REQUEST] GET https://www.reddit.com/comments/1kdtf9m.json?raw_json=1&limit=20
2026-05-05T23:34:25Z INFO    [RESPONSE] 200 526ms https://www.reddit.com/comments/1kdtf9m.json?raw_json=1&limit=20
2026-05-05T23:34:25Z INFO    [INFO] r/Olevels  1kdtf9m  +8 comment(s)
2026-05-05T23:34:29Z INFO    [REQUEST] GET https://www.reddit.com/comments/1sm0df7.json?raw_json=1&limit=20
2026-05-05T23:34:29Z INFO    [RESPONSE] 200 314ms https://www.reddit.com/comments/1sm0df7.json?raw_json=1&limit=20
2026-05-05T23:34:29Z INFO    [INFO] r/Olevels  1sm0df7  +1 comment(s)
2026-05-05T23:34:33Z INFO    [REQUEST] GET https://www.reddit.com/comments/1s8la7u.json?raw_json=1&limit=20
2026-05-05T23:34:33Z INFO    [RESPONSE] 200 315ms https://www.reddit.com/comments/1s8la7u.json?raw_json=1&limit=20
2026-05-05T23:34:33Z INFO    [INFO] r/Olevels  1s8la7u  +3 comment(s)
2026-05-05T23:34:37Z INFO    [REQUEST] GET https://www.reddit.com/comments/1s6vyi3.json?raw_json=1&limit=20
2026-05-05T23:34:38Z INFO    [RESPONSE] 200 322ms https://www.reddit.com/comments/1s6vyi3.json?raw_json=1&limit=20
2026-05-05T23:34:38Z INFO    [INFO] r/Olevels  1s6vyi3  +2 comment(s)
2026-05-05T23:34:42Z INFO    [REQUEST] GET https://www.reddit.com/comments/1mrsnyk.json?raw_json=1&limit=20
2026-05-05T23:34:42Z INFO    [RESPONSE] 200 430ms https://www.reddit.com/comments/1mrsnyk.json?raw_json=1&limit=20
2026-05-05T23:34:42Z INFO    [INFO] r/Olevels  1mrsnyk  +5 comment(s)
2026-05-05T23:34:46Z INFO    [REQUEST] GET https://www.reddit.com/comments/1shv7qo.json?raw_json=1&limit=20
2026-05-05T23:34:46Z INFO    [RESPONSE] 200 262ms https://www.reddit.com/comments/1shv7qo.json?raw_json=1&limit=20
2026-05-05T23:34:46Z INFO    [INFO] r/Olevels  1shv7qo  +1 comment(s)
2026-05-05T23:34:50Z INFO    [REQUEST] GET https://www.reddit.com/comments/1rh8is2.json?raw_json=1&limit=20
2026-05-05T23:34:51Z INFO    [RESPONSE] 200 695ms https://www.reddit.com/comments/1rh8is2.json?raw_json=1&limit=20
2026-05-05T23:34:51Z INFO    [INFO] r/Olevels  1rh8is2  +2 comment(s)
2026-05-05T23:34:55Z INFO    [REQUEST] GET https://www.reddit.com/comments/1gljm13.json?raw_json=1&limit=20
2026-05-05T23:34:55Z INFO    [RESPONSE] 200 400ms https://www.reddit.com/comments/1gljm13.json?raw_json=1&limit=20
2026-05-05T23:34:55Z INFO    [INFO] r/Olevels  1gljm13  +9 comment(s)
2026-05-05T23:34:59Z INFO    [REQUEST] GET https://www.reddit.com/comments/1rw2h1j.json?raw_json=1&limit=20
2026-05-05T23:35:00Z INFO    [RESPONSE] 200 300ms https://www.reddit.com/comments/1rw2h1j.json?raw_json=1&limit=20
2026-05-05T23:35:00Z INFO    [INFO] r/Olevels  1rw2h1j  +2 comment(s)
2026-05-05T23:35:04Z INFO    [REQUEST] GET https://www.reddit.com/comments/1qpc9zq.json?raw_json=1&limit=20
2026-05-05T23:35:04Z INFO    [RESPONSE] 200 383ms https://www.reddit.com/comments/1qpc9zq.json?raw_json=1&limit=20
2026-05-05T23:35:04Z INFO    [INFO] r/Olevels  1qpc9zq  +3 comment(s)
2026-05-05T23:35:08Z INFO    [REQUEST] GET https://www.reddit.com/comments/1qrzeia.json?raw_json=1&limit=20
2026-05-05T23:35:08Z INFO    [RESPONSE] 200 318ms https://www.reddit.com/comments/1qrzeia.json?raw_json=1&limit=20
2026-05-05T23:35:08Z INFO    [INFO] r/Olevels  1qrzeia  +6 comment(s)
2026-05-05T23:35:12Z INFO    [REQUEST] GET https://www.reddit.com/comments/1s3dp70.json?raw_json=1&limit=20
2026-05-05T23:35:13Z INFO    [RESPONSE] 200 292ms https://www.reddit.com/comments/1s3dp70.json?raw_json=1&limit=20
2026-05-05T23:35:13Z INFO    [INFO] r/Olevels  1s3dp70  +1 comment(s)
2026-05-05T23:35:17Z INFO    [REQUEST] GET https://www.reddit.com/comments/1s33d0x.json?raw_json=1&limit=20
2026-05-05T23:35:17Z INFO    [RESPONSE] 200 642ms https://www.reddit.com/comments/1s33d0x.json?raw_json=1&limit=20
2026-05-05T23:35:17Z INFO    [INFO] r/Olevels  1s33d0x  +1 comment(s)
2026-05-05T23:35:21Z INFO    [REQUEST] GET https://www.reddit.com/comments/1po1gu3.json?raw_json=1&limit=20
2026-05-05T23:35:22Z INFO    [RESPONSE] 200 384ms https://www.reddit.com/comments/1po1gu3.json?raw_json=1&limit=20
2026-05-05T23:35:22Z INFO    [INFO] r/Olevels  1po1gu3  +5 comment(s)
2026-05-05T23:35:26Z INFO    [REQUEST] GET https://www.reddit.com/comments/1q39799.json?raw_json=1&limit=20
2026-05-05T23:35:26Z INFO    [RESPONSE] 200 391ms https://www.reddit.com/comments/1q39799.json?raw_json=1&limit=20
2026-05-05T23:35:26Z INFO    [INFO] r/Olevels  1q39799  +2 comment(s)
2026-05-05T23:35:30Z INFO    [REQUEST] GET https://www.reddit.com/comments/1rvzl73.json?raw_json=1&limit=20
2026-05-05T23:35:30Z INFO    [RESPONSE] 200 335ms https://www.reddit.com/comments/1rvzl73.json?raw_json=1&limit=20
2026-05-05T23:35:30Z INFO    [INFO] r/Olevels  1rvzl73  +1 comment(s)
2026-05-05T23:35:34Z INFO    [REQUEST] GET https://www.reddit.com/comments/1pc789j.json?raw_json=1&limit=20
2026-05-05T23:35:35Z INFO    [RESPONSE] 200 390ms https://www.reddit.com/comments/1pc789j.json?raw_json=1&limit=20
2026-05-05T23:35:35Z INFO    [INFO] r/Olevels  1pc789j  +5 comment(s)
2026-05-05T23:35:39Z INFO    [REQUEST] GET https://www.reddit.com/comments/1r26hqu.json?raw_json=1&limit=20
2026-05-05T23:35:39Z INFO    [RESPONSE] 200 336ms https://www.reddit.com/comments/1r26hqu.json?raw_json=1&limit=20
2026-05-05T23:35:39Z INFO    [INFO] r/Olevels  1r26hqu  +2 comment(s)
2026-05-05T23:35:43Z INFO    [REQUEST] GET https://www.reddit.com/comments/1puj5dp.json?raw_json=1&limit=20
2026-05-05T23:35:44Z INFO    [RESPONSE] 200 377ms https://www.reddit.com/comments/1puj5dp.json?raw_json=1&limit=20
2026-05-05T23:35:44Z INFO    [INFO] r/Olevels  1puj5dp  +3 comment(s)
2026-05-05T23:35:48Z INFO    [REQUEST] GET https://www.reddit.com/comments/1o3qkd7.json?raw_json=1&limit=20
2026-05-05T23:35:48Z INFO    [RESPONSE] 200 405ms https://www.reddit.com/comments/1o3qkd7.json?raw_json=1&limit=20
2026-05-05T23:35:48Z INFO    [INFO] r/Olevels  1o3qkd7  +8 comment(s)
2026-05-05T23:35:52Z INFO    [REQUEST] GET https://www.reddit.com/comments/1nffc1w.json?raw_json=1&limit=20
2026-05-05T23:35:54Z INFO    [RESPONSE] 200 2424ms https://www.reddit.com/comments/1nffc1w.json?raw_json=1&limit=20
2026-05-05T23:35:54Z INFO    [INFO] r/Olevels  1nffc1w  +11 comment(s)
2026-05-05T23:35:58Z INFO    [REQUEST] GET https://www.reddit.com/comments/1qr70yz.json?raw_json=1&limit=20
2026-05-05T23:35:59Z INFO    [RESPONSE] 200 305ms https://www.reddit.com/comments/1qr70yz.json?raw_json=1&limit=20
2026-05-05T23:35:59Z INFO    [INFO] r/Olevels  1qr70yz  +2 comment(s)
2026-05-05T23:36:03Z INFO    [REQUEST] GET https://www.reddit.com/comments/1rddmj9.json?raw_json=1&limit=20
2026-05-05T23:36:03Z INFO    [RESPONSE] 200 259ms https://www.reddit.com/comments/1rddmj9.json?raw_json=1&limit=20
2026-05-05T23:36:03Z INFO    [INFO] r/Olevels  1rddmj9  +1 comment(s)
2026-05-05T23:36:07Z INFO    [REQUEST] GET https://www.reddit.com/comments/1qg7ubh.json?raw_json=1&limit=20
2026-05-05T23:36:07Z INFO    [RESPONSE] 200 324ms https://www.reddit.com/comments/1qg7ubh.json?raw_json=1&limit=20
2026-05-05T23:36:07Z INFO    [INFO] r/Olevels  1qg7ubh  +5 comment(s)
2026-05-05T23:36:11Z INFO    [REQUEST] GET https://www.reddit.com/comments/1qzyr4e.json?raw_json=1&limit=20
2026-05-05T23:36:12Z INFO    [RESPONSE] 200 294ms https://www.reddit.com/comments/1qzyr4e.json?raw_json=1&limit=20
2026-05-05T23:36:12Z INFO    [INFO] r/Olevels  1qzyr4e  +1 comment(s)
2026-05-05T23:36:16Z INFO    [REQUEST] GET https://www.reddit.com/comments/1r040s5.json?raw_json=1&limit=20
2026-05-05T23:36:16Z INFO    [RESPONSE] 200 300ms https://www.reddit.com/comments/1r040s5.json?raw_json=1&limit=20
2026-05-05T23:36:16Z INFO    [INFO] r/Olevels  1r040s5  +2 comment(s)
2026-05-05T23:36:20Z INFO    [REQUEST] GET https://www.reddit.com/comments/1qn9uzz.json?raw_json=1&limit=20
2026-05-05T23:36:20Z INFO    [RESPONSE] 200 318ms https://www.reddit.com/comments/1qn9uzz.json?raw_json=1&limit=20
2026-05-05T23:36:20Z INFO    [INFO] r/Olevels  1qn9uzz  +3 comment(s)
2026-05-05T23:36:24Z INFO    [REQUEST] GET https://www.reddit.com/comments/1orxbju.json?raw_json=1&limit=20
2026-05-05T23:36:25Z INFO    [RESPONSE] 200 382ms https://www.reddit.com/comments/1orxbju.json?raw_json=1&limit=20
2026-05-05T23:36:25Z INFO    [INFO] r/Olevels  1orxbju  +8 comment(s)
2026-05-05T23:36:29Z INFO    [REQUEST] GET https://www.reddit.com/comments/1nv7h0f.json?raw_json=1&limit=20
2026-05-05T23:36:29Z INFO    [RESPONSE] 200 401ms https://www.reddit.com/comments/1nv7h0f.json?raw_json=1&limit=20
2026-05-05T23:36:29Z INFO    [INFO] r/Olevels  1nv7h0f  +7 comment(s)
2026-05-05T23:36:33Z INFO    [REQUEST] GET https://www.reddit.com/comments/1q4g31q.json?raw_json=1&limit=20
2026-05-05T23:36:33Z INFO    [RESPONSE] 200 346ms https://www.reddit.com/comments/1q4g31q.json?raw_json=1&limit=20
2026-05-05T23:36:33Z INFO    [INFO] r/Olevels  1q4g31q  +3 comment(s)
2026-05-05T23:36:37Z INFO    [REQUEST] GET https://www.reddit.com/comments/1qp61jq.json?raw_json=1&limit=20
2026-05-05T23:36:38Z INFO    [RESPONSE] 200 306ms https://www.reddit.com/comments/1qp61jq.json?raw_json=1&limit=20
2026-05-05T23:36:38Z INFO    [INFO] r/Olevels  1qp61jq  +2 comment(s)
2026-05-05T23:36:42Z INFO    [REQUEST] GET https://www.reddit.com/comments/1pemozx.json?raw_json=1&limit=20
2026-05-05T23:36:42Z INFO    [RESPONSE] 200 366ms https://www.reddit.com/comments/1pemozx.json?raw_json=1&limit=20
2026-05-05T23:36:42Z INFO    [INFO] r/Olevels  1pemozx  +4 comment(s)
2026-05-05T23:36:46Z INFO    [REQUEST] GET https://www.reddit.com/comments/1qy7ef4.json?raw_json=1&limit=20
2026-05-05T23:36:46Z INFO    [RESPONSE] 200 337ms https://www.reddit.com/comments/1qy7ef4.json?raw_json=1&limit=20
2026-05-05T23:36:46Z INFO    [INFO] r/Olevels  1qy7ef4  +1 comment(s)
2026-05-05T23:36:50Z INFO    [REQUEST] GET https://www.reddit.com/comments/1qy7d5e.json?raw_json=1&limit=20
2026-05-05T23:36:51Z INFO    [RESPONSE] 200 329ms https://www.reddit.com/comments/1qy7d5e.json?raw_json=1&limit=20
2026-05-05T23:36:51Z INFO    [INFO] r/Olevels  1qy7d5e  +1 comment(s)
2026-05-05T23:36:55Z INFO    [REQUEST] GET https://www.reddit.com/comments/1pvlex5.json?raw_json=1&limit=20
2026-05-05T23:36:55Z INFO    [RESPONSE] 200 321ms https://www.reddit.com/comments/1pvlex5.json?raw_json=1&limit=20
2026-05-05T23:36:55Z INFO    [INFO] r/Olevels  1pvlex5  +3 comment(s)
2026-05-05T23:36:59Z INFO    [REQUEST] GET https://www.reddit.com/comments/175youf.json?raw_json=1&limit=20
2026-05-05T23:36:59Z INFO    [RESPONSE] 200 420ms https://www.reddit.com/comments/175youf.json?raw_json=1&limit=20
2026-05-05T23:36:59Z INFO    [INFO] r/Olevels  175youf  +7 comment(s)
2026-05-05T23:37:03Z INFO    [REQUEST] GET https://www.reddit.com/comments/1qp48r6.json?raw_json=1&limit=20
2026-05-05T23:37:04Z INFO    [RESPONSE] 200 354ms https://www.reddit.com/comments/1qp48r6.json?raw_json=1&limit=20
2026-05-05T23:37:04Z INFO    [INFO] r/Olevels  1qp48r6  +1 comment(s)
2026-05-05T23:37:08Z INFO    [REQUEST] GET https://www.reddit.com/comments/1lf4xf1.json?raw_json=1&limit=20
2026-05-05T23:37:08Z INFO    [RESPONSE] 200 441ms https://www.reddit.com/comments/1lf4xf1.json?raw_json=1&limit=20
2026-05-05T23:37:08Z INFO    [INFO] r/Olevels  1lf4xf1  +9 comment(s)
2026-05-05T23:37:12Z INFO    [REQUEST] GET https://www.reddit.com/comments/1pkw3e3.json?raw_json=1&limit=20
2026-05-05T23:37:13Z INFO    [RESPONSE] 200 329ms https://www.reddit.com/comments/1pkw3e3.json?raw_json=1&limit=20
2026-05-05T23:37:13Z INFO    [INFO] r/Olevels  1pkw3e3  +3 comment(s)
2026-05-05T23:37:17Z INFO    [REQUEST] GET https://www.reddit.com/comments/1l9zvpo.json?raw_json=1&limit=20
2026-05-05T23:37:17Z INFO    [RESPONSE] 200 416ms https://www.reddit.com/comments/1l9zvpo.json?raw_json=1&limit=20
2026-05-05T23:37:17Z INFO    [INFO] r/Olevels  1l9zvpo  +8 comment(s)
2026-05-05T23:37:21Z INFO    [REQUEST] GET https://www.reddit.com/comments/1q6dcdr.json?raw_json=1&limit=20
2026-05-05T23:37:21Z INFO    [RESPONSE] 200 310ms https://www.reddit.com/comments/1q6dcdr.json?raw_json=1&limit=20
2026-05-05T23:37:21Z INFO    [INFO] r/Olevels  1q6dcdr  +2 comment(s)
2026-05-05T23:37:25Z INFO    [REQUEST] GET https://www.reddit.com/comments/1p80tuj.json?raw_json=1&limit=20
2026-05-05T23:37:25Z INFO    [RETRY] 1/3 wait=1.0s HTTP 429
2026-05-05T23:37:29Z INFO    [REQUEST] GET https://www.reddit.com/comments/1p80tuj.json?raw_json=1&limit=20
2026-05-05T23:37:30Z INFO    [RETRY] 2/3 wait=2.0s HTTP 429
2026-05-05T23:37:34Z INFO    [REQUEST] GET https://www.reddit.com/comments/1p80tuj.json?raw_json=1&limit=20
2026-05-05T23:37:34Z INFO    [ERROR] GET https://www.reddit.com/comments/1p80tuj.json?raw_json=1&limit=20 → HTTP 429 after 3 attempts; giving up
2026-05-05T23:37:38Z INFO    [REQUEST] GET https://www.reddit.com/comments/1q9tpz5.json?raw_json=1&limit=20
2026-05-05T23:37:38Z INFO    [RETRY] 1/3 wait=1.0s HTTP 429
2026-05-05T23:37:42Z INFO    [REQUEST] GET https://www.reddit.com/comments/1q9tpz5.json?raw_json=1&limit=20
2026-05-05T23:37:42Z INFO    [RETRY] 2/3 wait=2.0s HTTP 429
2026-05-05T23:37:46Z INFO    [REQUEST] GET https://www.reddit.com/comments/1q9tpz5.json?raw_json=1&limit=20
2026-05-05T23:37:46Z INFO    [ERROR] GET https://www.reddit.com/comments/1q9tpz5.json?raw_json=1&limit=20 → HTTP 429 after 3 attempts; giving up
2026-05-05T23:37:50Z INFO    [REQUEST] GET https://www.reddit.com/comments/1pov3pp.json?raw_json=1&limit=20
2026-05-05T23:37:50Z INFO    [RETRY] 1/3 wait=1.0s HTTP 429
2026-05-05T23:37:54Z INFO    [REQUEST] GET https://www.reddit.com/comments/1pov3pp.json?raw_json=1&limit=20
2026-05-05T23:37:55Z INFO    [RETRY] 2/3 wait=2.0s HTTP 429
2026-05-05T23:37:59Z INFO    [REQUEST] GET https://www.reddit.com/comments/1pov3pp.json?raw_json=1&limit=20
2026-05-05T23:37:59Z INFO    [ERROR] GET https://www.reddit.com/comments/1pov3pp.json?raw_json=1&limit=20 → HTTP 429 after 3 attempts; giving up
2026-05-05T23:38:03Z INFO    [REQUEST] GET https://www.reddit.com/comments/1q0kd82.json?raw_json=1&limit=20
2026-05-05T23:38:03Z INFO    [RETRY] 1/3 wait=1.0s HTTP 429
2026-05-05T23:38:07Z INFO    [REQUEST] GET https://www.reddit.com/comments/1q0kd82.json?raw_json=1&limit=20
2026-05-05T23:38:07Z INFO    [RETRY] 2/3 wait=2.0s HTTP 429
2026-05-05T23:38:11Z INFO    [REQUEST] GET https://www.reddit.com/comments/1q0kd82.json?raw_json=1&limit=20
2026-05-05T23:38:11Z INFO    [ERROR] GET https://www.reddit.com/comments/1q0kd82.json?raw_json=1&limit=20 → HTTP 429 after 3 attempts; giving up
2026-05-05T23:38:15Z INFO    [REQUEST] GET https://www.reddit.com/comments/1obr23m.json?raw_json=1&limit=20
2026-05-05T23:38:15Z INFO    [RETRY] 1/3 wait=1.0s HTTP 429
2026-05-05T23:38:19Z INFO    [REQUEST] GET https://www.reddit.com/comments/1obr23m.json?raw_json=1&limit=20
2026-05-05T23:38:20Z INFO    [RETRY] 2/3 wait=2.0s HTTP 429
2026-05-05T23:38:24Z INFO    [REQUEST] GET https://www.reddit.com/comments/1obr23m.json?raw_json=1&limit=20
2026-05-05T23:38:24Z INFO    [ERROR] GET https://www.reddit.com/comments/1obr23m.json?raw_json=1&limit=20 → HTTP 429 after 3 attempts; giving up
2026-05-05T23:38:28Z INFO    [REQUEST] GET https://www.reddit.com/comments/1mwbs8s.json?raw_json=1&limit=20
2026-05-05T23:38:28Z INFO    [RETRY] 1/3 wait=1.0s HTTP 429
2026-05-05T23:38:32Z INFO    [REQUEST] GET https://www.reddit.com/comments/1mwbs8s.json?raw_json=1&limit=20
2026-05-05T23:38:32Z INFO    [RETRY] 2/3 wait=2.0s HTTP 429
2026-05-05T23:38:36Z INFO    [REQUEST] GET https://www.reddit.com/comments/1mwbs8s.json?raw_json=1&limit=20
2026-05-05T23:38:36Z INFO    [ERROR] GET https://www.reddit.com/comments/1mwbs8s.json?raw_json=1&limit=20 → HTTP 429 after 3 attempts; giving up
2026-05-05T23:38:40Z INFO    [REQUEST] GET https://www.reddit.com/comments/1milbmh.json?raw_json=1&limit=20
2026-05-05T23:38:40Z INFO    [RETRY] 1/3 wait=1.0s HTTP 429
2026-05-05T23:38:44Z INFO    [REQUEST] GET https://www.reddit.com/comments/1milbmh.json?raw_json=1&limit=20
2026-05-05T23:38:45Z INFO    [RETRY] 2/3 wait=2.0s HTTP 429
2026-05-05T23:38:49Z INFO    [REQUEST] GET https://www.reddit.com/comments/1milbmh.json?raw_json=1&limit=20
2026-05-05T23:38:49Z INFO    [ERROR] GET https://www.reddit.com/comments/1milbmh.json?raw_json=1&limit=20 → HTTP 429 after 3 attempts; giving up
2026-05-05T23:38:53Z INFO    [REQUEST] GET https://www.reddit.com/comments/1po8egz.json?raw_json=1&limit=20
2026-05-05T23:38:53Z INFO    [RETRY] 1/3 wait=1.0s HTTP 429
2026-05-05T23:38:57Z INFO    [REQUEST] GET https://www.reddit.com/comments/1po8egz.json?raw_json=1&limit=20
2026-05-05T23:38:57Z INFO    [RETRY] 2/3 wait=2.0s HTTP 429
2026-05-05T23:39:01Z INFO    [REQUEST] GET https://www.reddit.com/comments/1po8egz.json?raw_json=1&limit=20
2026-05-05T23:39:01Z INFO    [ERROR] GET https://www.reddit.com/comments/1po8egz.json?raw_json=1&limit=20 → HTTP 429 after 3 attempts; giving up
2026-05-05T23:39:05Z INFO    [REQUEST] GET https://www.reddit.com/comments/1op3lf2.json?raw_json=1&limit=20
2026-05-05T23:39:05Z INFO    [RETRY] 1/3 wait=1.0s HTTP 429
2026-05-05T23:39:09Z INFO    [REQUEST] GET https://www.reddit.com/comments/1op3lf2.json?raw_json=1&limit=20
2026-05-05T23:39:10Z INFO    [RETRY] 2/3 wait=2.0s HTTP 429
2026-05-05T23:39:14Z INFO    [REQUEST] GET https://www.reddit.com/comments/1op3lf2.json?raw_json=1&limit=20
2026-05-05T23:39:14Z INFO    [ERROR] GET https://www.reddit.com/comments/1op3lf2.json?raw_json=1&limit=20 → HTTP 429 after 3 attempts; giving up
2026-05-05T23:39:18Z INFO    [REQUEST] GET https://www.reddit.com/comments/1ow25rq.json?raw_json=1&limit=20
2026-05-05T23:39:18Z INFO    [RETRY] 1/3 wait=1.0s HTTP 429
2026-05-05T23:39:22Z INFO    [REQUEST] GET https://www.reddit.com/comments/1ow25rq.json?raw_json=1&limit=20
2026-05-05T23:39:22Z INFO    [RETRY] 2/3 wait=2.0s HTTP 429
2026-05-05T23:39:26Z INFO    [REQUEST] GET https://www.reddit.com/comments/1ow25rq.json?raw_json=1&limit=20
2026-05-05T23:39:26Z INFO    [ERROR] GET https://www.reddit.com/comments/1ow25rq.json?raw_json=1&limit=20 → HTTP 429 after 3 attempts; giving up
2026-05-05T23:39:30Z INFO    [REQUEST] GET https://www.reddit.com/comments/1kiw9oj.json?raw_json=1&limit=20
2026-05-05T23:39:30Z INFO    [RETRY] 1/3 wait=1.0s HTTP 429
2026-05-05T23:39:34Z INFO    [REQUEST] GET https://www.reddit.com/comments/1kiw9oj.json?raw_json=1&limit=20
2026-05-05T23:39:35Z INFO    [RETRY] 2/3 wait=2.0s HTTP 429
2026-05-05T23:39:39Z INFO    [REQUEST] GET https://www.reddit.com/comments/1kiw9oj.json?raw_json=1&limit=20
2026-05-05T23:39:39Z INFO    [ERROR] GET https://www.reddit.com/comments/1kiw9oj.json?raw_json=1&limit=20 → HTTP 429 after 3 attempts; giving up
2026-05-05T23:39:43Z INFO    [REQUEST] GET https://www.reddit.com/comments/1lhkwr8.json?raw_json=1&limit=20
2026-05-05T23:39:43Z INFO    [RETRY] 1/3 wait=1.0s HTTP 429
2026-05-05T23:39:47Z INFO    [REQUEST] GET https://www.reddit.com/comments/1lhkwr8.json?raw_json=1&limit=20
2026-05-05T23:39:47Z INFO    [RETRY] 2/3 wait=2.0s HTTP 429
2026-05-05T23:39:51Z INFO    [REQUEST] GET https://www.reddit.com/comments/1lhkwr8.json?raw_json=1&limit=20
2026-05-05T23:39:51Z INFO    [ERROR] GET https://www.reddit.com/comments/1lhkwr8.json?raw_json=1&limit=20 → HTTP 429 after 3 attempts; giving up
2026-05-05T23:39:55Z INFO    [REQUEST] GET https://www.reddit.com/comments/1m21n5t.json?raw_json=1&limit=20
2026-05-05T23:39:55Z INFO    [RETRY] 1/3 wait=1.0s HTTP 429
2026-05-05T23:39:59Z INFO    [REQUEST] GET https://www.reddit.com/comments/1m21n5t.json?raw_json=1&limit=20
2026-05-05T23:40:00Z INFO    [RESPONSE] 200 367ms https://www.reddit.com/comments/1m21n5t.json?raw_json=1&limit=20
2026-05-05T23:40:00Z INFO    [INFO] r/Olevels  1m21n5t  +6 comment(s)
2026-05-05T23:40:04Z INFO    [REQUEST] GET https://www.reddit.com/comments/1l7wv7j.json?raw_json=1&limit=20
2026-05-05T23:40:04Z INFO    [RESPONSE] 200 399ms https://www.reddit.com/comments/1l7wv7j.json?raw_json=1&limit=20
2026-05-05T23:40:04Z INFO    [INFO] r/Olevels  1l7wv7j  +5 comment(s)
2026-05-05T23:40:08Z INFO    [REQUEST] GET https://www.reddit.com/comments/1mi5ol6.json?raw_json=1&limit=20
2026-05-05T23:40:09Z INFO    [RESPONSE] 200 343ms https://www.reddit.com/comments/1mi5ol6.json?raw_json=1&limit=20
2026-05-05T23:40:09Z INFO    [INFO] r/Olevels  1mi5ol6  +4 comment(s)
2026-05-05T23:40:13Z INFO    [REQUEST] GET https://www.reddit.com/comments/1n7liyl.json?raw_json=1&limit=20
2026-05-05T23:40:13Z INFO    [RESPONSE] 200 369ms https://www.reddit.com/comments/1n7liyl.json?raw_json=1&limit=20
2026-05-05T23:40:13Z INFO    [INFO] r/Olevels  1n7liyl  +3 comment(s)
2026-05-05T23:40:17Z INFO    [REQUEST] GET https://www.reddit.com/comments/1t4do4d.json?raw_json=1&limit=20
2026-05-05T23:40:17Z INFO    [RESPONSE] 200 411ms https://www.reddit.com/comments/1t4do4d.json?raw_json=1&limit=20
2026-05-05T23:40:17Z INFO    [INFO] r/Olevels  1t4do4d  +9 comment(s)
2026-05-05T23:40:21Z INFO    [REQUEST] GET https://www.reddit.com/comments/1kd2nkx.json?raw_json=1&limit=20
2026-05-05T23:40:22Z INFO    [RESPONSE] 200 383ms https://www.reddit.com/comments/1kd2nkx.json?raw_json=1&limit=20
2026-05-05T23:40:22Z INFO    [INFO] r/Olevels  1kd2nkx  +6 comment(s)
2026-05-05T23:40:26Z INFO    [REQUEST] GET https://www.reddit.com/comments/1lvif5o.json?raw_json=1&limit=20
2026-05-05T23:40:26Z INFO    [RESPONSE] 200 374ms https://www.reddit.com/comments/1lvif5o.json?raw_json=1&limit=20
2026-05-05T23:40:26Z INFO    [INFO] r/Olevels  1lvif5o  +7 comment(s)
2026-05-05T23:40:30Z INFO    [REQUEST] GET https://www.reddit.com/comments/1p80bp9.json?raw_json=1&limit=20
2026-05-05T23:40:31Z INFO    [RESPONSE] 200 340ms https://www.reddit.com/comments/1p80bp9.json?raw_json=1&limit=20
2026-05-05T23:40:31Z INFO    [INFO] r/Olevels  1p80bp9  +1 comment(s)
2026-05-05T23:40:35Z INFO    [REQUEST] GET https://www.reddit.com/comments/1ov2pb0.json?raw_json=1&limit=20
2026-05-05T23:40:35Z INFO    [RESPONSE] 200 285ms https://www.reddit.com/comments/1ov2pb0.json?raw_json=1&limit=20
2026-05-05T23:40:35Z INFO    [INFO] r/Olevels  1ov2pb0  +2 comment(s)
2026-05-05T23:40:39Z INFO    [REQUEST] GET https://www.reddit.com/comments/1mxkmu6.json?raw_json=1&limit=20
2026-05-05T23:40:39Z INFO    [RESPONSE] 200 371ms https://www.reddit.com/comments/1mxkmu6.json?raw_json=1&limit=20
2026-05-05T23:40:39Z INFO    [INFO] r/Olevels  1mxkmu6  +5 comment(s)
2026-05-05T23:40:43Z INFO    [REQUEST] GET https://www.reddit.com/comments/1nfu5k1.json?raw_json=1&limit=20
2026-05-05T23:40:44Z INFO    [RESPONSE] 200 347ms https://www.reddit.com/comments/1nfu5k1.json?raw_json=1&limit=20
2026-05-05T23:40:44Z INFO    [INFO] r/Olevels  1nfu5k1  +2 comment(s)
2026-05-05T23:40:48Z INFO    [REQUEST] GET https://www.reddit.com/comments/1ogfbm2.json?raw_json=1&limit=20
2026-05-05T23:40:48Z INFO    [RESPONSE] 200 306ms https://www.reddit.com/comments/1ogfbm2.json?raw_json=1&limit=20
2026-05-05T23:40:48Z INFO    [INFO] r/Olevels  1ogfbm2  +3 comment(s)
2026-05-05T23:40:52Z INFO    [REQUEST] GET https://www.reddit.com/comments/1nnqv3c.json?raw_json=1&limit=20
2026-05-05T23:40:52Z INFO    [RESPONSE] 200 291ms https://www.reddit.com/comments/1nnqv3c.json?raw_json=1&limit=20
2026-05-05T23:40:52Z INFO    [INFO] r/Olevels  1nnqv3c  +5 comment(s)
2026-05-05T23:40:56Z INFO    [REQUEST] GET https://www.reddit.com/comments/1hvoesb.json?raw_json=1&limit=20
2026-05-05T23:40:56Z INFO    [RESPONSE] 200 382ms https://www.reddit.com/comments/1hvoesb.json?raw_json=1&limit=20
2026-05-05T23:40:56Z INFO    [INFO] r/Olevels  1hvoesb  +14 comment(s)
2026-05-05T23:41:00Z INFO    [REQUEST] GET https://www.reddit.com/comments/1o3wygo.json?raw_json=1&limit=20
2026-05-05T23:41:01Z INFO    [RESPONSE] 200 303ms https://www.reddit.com/comments/1o3wygo.json?raw_json=1&limit=20
2026-05-05T23:41:01Z INFO    [INFO] r/Olevels  1o3wygo  +3 comment(s)
2026-05-05T23:41:05Z INFO    [REQUEST] GET https://www.reddit.com/comments/1mho1ty.json?raw_json=1&limit=20
2026-05-05T23:41:05Z INFO    [RESPONSE] 200 361ms https://www.reddit.com/comments/1mho1ty.json?raw_json=1&limit=20
2026-05-05T23:41:05Z INFO    [INFO] r/Olevels  1mho1ty  +4 comment(s)
2026-05-05T23:41:09Z INFO    [REQUEST] GET https://www.reddit.com/comments/1ouzc4u.json?raw_json=1&limit=20
2026-05-05T23:41:09Z INFO    [RESPONSE] 200 327ms https://www.reddit.com/comments/1ouzc4u.json?raw_json=1&limit=20
2026-05-05T23:41:09Z INFO    [INFO] r/Olevels  1ouzc4u  +1 comment(s)
2026-05-05T23:41:13Z INFO    [REQUEST] GET https://www.reddit.com/comments/1l25w9g.json?raw_json=1&limit=20
2026-05-05T23:41:14Z INFO    [RESPONSE] 200 360ms https://www.reddit.com/comments/1l25w9g.json?raw_json=1&limit=20
2026-05-05T23:41:14Z INFO    [INFO] r/Olevels  1l25w9g  +3 comment(s)
2026-05-05T23:41:18Z INFO    [REQUEST] GET https://www.reddit.com/comments/1m4kmjs.json?raw_json=1&limit=20
2026-05-05T23:41:18Z INFO    [RESPONSE] 200 350ms https://www.reddit.com/comments/1m4kmjs.json?raw_json=1&limit=20
2026-05-05T23:41:18Z INFO    [INFO] r/Olevels  1m4kmjs  +4 comment(s)
2026-05-05T23:41:22Z INFO    [REQUEST] GET https://www.reddit.com/comments/1mft606.json?raw_json=1&limit=20
2026-05-05T23:41:23Z INFO    [RESPONSE] 200 339ms https://www.reddit.com/comments/1mft606.json?raw_json=1&limit=20
2026-05-05T23:41:23Z INFO    [INFO] r/Olevels  1mft606  +4 comment(s)
2026-05-05T23:41:27Z INFO    [REQUEST] GET https://www.reddit.com/comments/1sy0fsm.json?raw_json=1&limit=20
2026-05-05T23:41:27Z INFO    [RESPONSE] 200 419ms https://www.reddit.com/comments/1sy0fsm.json?raw_json=1&limit=20
2026-05-05T23:41:27Z INFO    [INFO] r/Olevels  1sy0fsm  +8 comment(s)
2026-05-05T23:41:31Z INFO    [REQUEST] GET https://www.reddit.com/comments/1t02ivi.json?raw_json=1&limit=20
2026-05-05T23:41:31Z INFO    [RESPONSE] 200 407ms https://www.reddit.com/comments/1t02ivi.json?raw_json=1&limit=20
2026-05-05T23:41:31Z INFO    [INFO] r/Olevels  1t02ivi  +20 comment(s)
2026-05-05T23:41:35Z INFO    [REQUEST] GET https://www.reddit.com/comments/1mgxv9u.json?raw_json=1&limit=20
2026-05-05T23:41:36Z INFO    [RESPONSE] 200 337ms https://www.reddit.com/comments/1mgxv9u.json?raw_json=1&limit=20
2026-05-05T23:41:36Z INFO    [INFO] r/Olevels  1mgxv9u  +4 comment(s)
2026-05-05T23:41:40Z INFO    [REQUEST] GET https://www.reddit.com/comments/1n0qkjt.json?raw_json=1&limit=20
2026-05-05T23:41:40Z INFO    [RESPONSE] 200 318ms https://www.reddit.com/comments/1n0qkjt.json?raw_json=1&limit=20
2026-05-05T23:41:40Z INFO    [INFO] r/Olevels  1n0qkjt  +2 comment(s)
2026-05-05T23:41:44Z INFO    [REQUEST] GET https://www.reddit.com/comments/1kv3yj7.json?raw_json=1&limit=20
2026-05-05T23:41:44Z INFO    [RESPONSE] 200 328ms https://www.reddit.com/comments/1kv3yj7.json?raw_json=1&limit=20
2026-05-05T23:41:44Z INFO    [INFO] r/Olevels  1kv3yj7  +7 comment(s)
2026-05-05T23:41:48Z INFO    [REQUEST] GET https://www.reddit.com/comments/1oj4u0d.json?raw_json=1&limit=20
2026-05-05T23:41:49Z INFO    [RESPONSE] 200 294ms https://www.reddit.com/comments/1oj4u0d.json?raw_json=1&limit=20
2026-05-05T23:41:49Z INFO    [INFO] r/Olevels  1oj4u0d  +1 comment(s)
2026-05-05T23:41:53Z INFO    [REQUEST] GET https://www.reddit.com/comments/1n5zh33.json?raw_json=1&limit=20
2026-05-05T23:41:53Z INFO    [RESPONSE] 200 731ms https://www.reddit.com/comments/1n5zh33.json?raw_json=1&limit=20
2026-05-05T23:41:53Z INFO    [INFO] r/Olevels  1n5zh33  +4 comment(s)
2026-05-05T23:41:57Z INFO    [REQUEST] GET https://www.reddit.com/comments/1mbd58i.json?raw_json=1&limit=20
2026-05-05T23:41:58Z INFO    [RESPONSE] 200 361ms https://www.reddit.com/comments/1mbd58i.json?raw_json=1&limit=20
2026-05-05T23:41:58Z INFO    [INFO] r/Olevels  1mbd58i  +2 comment(s)
2026-05-05T23:42:02Z INFO    [REQUEST] GET https://www.reddit.com/comments/1nj6afe.json?raw_json=1&limit=20
2026-05-05T23:42:02Z INFO    [RESPONSE] 200 325ms https://www.reddit.com/comments/1nj6afe.json?raw_json=1&limit=20
2026-05-05T23:42:02Z INFO    [INFO] r/Olevels  1nj6afe  +3 comment(s)
2026-05-05T23:42:06Z INFO    [REQUEST] GET https://www.reddit.com/comments/1oc5b5x.json?raw_json=1&limit=20
2026-05-05T23:42:06Z INFO    [RESPONSE] 200 316ms https://www.reddit.com/comments/1oc5b5x.json?raw_json=1&limit=20
2026-05-05T23:42:06Z INFO    [INFO] r/Olevels  1oc5b5x  +1 comment(s)
2026-05-05T23:42:10Z INFO    [REQUEST] GET https://www.reddit.com/comments/1lcqn9o.json?raw_json=1&limit=20
2026-05-05T23:42:11Z INFO    [RESPONSE] 200 404ms https://www.reddit.com/comments/1lcqn9o.json?raw_json=1&limit=20
2026-05-05T23:42:11Z INFO    [INFO] r/Olevels  1lcqn9o  +4 comment(s)
2026-05-05T23:42:15Z INFO    [REQUEST] GET https://www.reddit.com/comments/1mbmr1n.json?raw_json=1&limit=20
2026-05-05T23:42:15Z INFO    [RESPONSE] 200 329ms https://www.reddit.com/comments/1mbmr1n.json?raw_json=1&limit=20
2026-05-05T23:42:15Z INFO    [INFO] r/Olevels  1mbmr1n  +4 comment(s)
2026-05-05T23:42:19Z INFO    [REQUEST] GET https://www.reddit.com/comments/1o7kldj.json?raw_json=1&limit=20
2026-05-05T23:42:20Z INFO    [RESPONSE] 200 374ms https://www.reddit.com/comments/1o7kldj.json?raw_json=1&limit=20
2026-05-05T23:42:20Z INFO    [INFO] r/Olevels  1o7kldj  +1 comment(s)
2026-05-05T23:42:24Z INFO    [REQUEST] GET https://www.reddit.com/comments/1ncrtia.json?raw_json=1&limit=20
2026-05-05T23:42:24Z INFO    [RESPONSE] 200 312ms https://www.reddit.com/comments/1ncrtia.json?raw_json=1&limit=20
2026-05-05T23:42:24Z INFO    [INFO] r/Olevels  1ncrtia  +2 comment(s)
2026-05-05T23:42:28Z INFO    [REQUEST] GET https://www.reddit.com/comments/1keqvuo.json?raw_json=1&limit=20
2026-05-05T23:42:28Z INFO    [RESPONSE] 200 394ms https://www.reddit.com/comments/1keqvuo.json?raw_json=1&limit=20
2026-05-05T23:42:28Z INFO    [INFO] r/Olevels  1keqvuo  +2 comment(s)
2026-05-05T23:42:32Z INFO    [REQUEST] GET https://www.reddit.com/comments/1nvcnes.json?raw_json=1&limit=20
2026-05-05T23:42:32Z INFO    [RESPONSE] 200 260ms https://www.reddit.com/comments/1nvcnes.json?raw_json=1&limit=20
2026-05-05T23:42:32Z INFO    [INFO] r/Olevels  1nvcnes  +1 comment(s)
2026-05-05T23:42:36Z INFO    [REQUEST] GET https://www.reddit.com/comments/1ntng2v.json?raw_json=1&limit=20
2026-05-05T23:42:37Z INFO    [RESPONSE] 200 303ms https://www.reddit.com/comments/1ntng2v.json?raw_json=1&limit=20
2026-05-05T23:42:37Z INFO    [INFO] r/Olevels  1ntng2v  +1 comment(s)
2026-05-05T23:42:41Z INFO    [REQUEST] GET https://www.reddit.com/comments/1n7lmvh.json?raw_json=1&limit=20
2026-05-05T23:42:41Z INFO    [RESPONSE] 200 313ms https://www.reddit.com/comments/1n7lmvh.json?raw_json=1&limit=20
2026-05-05T23:42:41Z INFO    [INFO] r/Olevels  1n7lmvh  +3 comment(s)
2026-05-05T23:42:45Z INFO    [REQUEST] GET https://www.reddit.com/comments/1muc77d.json?raw_json=1&limit=20
2026-05-05T23:42:45Z INFO    [RESPONSE] 200 337ms https://www.reddit.com/comments/1muc77d.json?raw_json=1&limit=20
2026-05-05T23:42:45Z INFO    [INFO] r/Olevels  1muc77d  +4 comment(s)
2026-05-05T23:42:49Z INFO    [REQUEST] GET https://www.reddit.com/comments/1mwkbd9.json?raw_json=1&limit=20
2026-05-05T23:42:50Z INFO    [RESPONSE] 200 329ms https://www.reddit.com/comments/1mwkbd9.json?raw_json=1&limit=20
2026-05-05T23:42:50Z INFO    [INFO] r/Olevels  1mwkbd9  +2 comment(s)
2026-05-05T23:42:54Z INFO    [REQUEST] GET https://www.reddit.com/comments/1muz4kc.json?raw_json=1&limit=20
2026-05-05T23:42:54Z INFO    [RESPONSE] 200 313ms https://www.reddit.com/comments/1muz4kc.json?raw_json=1&limit=20
2026-05-05T23:42:54Z INFO    [INFO] r/Olevels  1muz4kc  +2 comment(s)
2026-05-05T23:42:58Z INFO    [REQUEST] GET https://www.reddit.com/comments/1mslpse.json?raw_json=1&limit=20
2026-05-05T23:42:58Z INFO    [RESPONSE] 200 336ms https://www.reddit.com/comments/1mslpse.json?raw_json=1&limit=20
2026-05-05T23:42:58Z INFO    [INFO] r/Olevels  1mslpse  +2 comment(s)
2026-05-05T23:43:02Z INFO    [REQUEST] GET https://www.reddit.com/comments/1npfffd.json?raw_json=1&limit=20
2026-05-05T23:43:03Z INFO    [RESPONSE] 200 301ms https://www.reddit.com/comments/1npfffd.json?raw_json=1&limit=20
2026-05-05T23:43:03Z INFO    [INFO] r/Olevels  1npfffd  +1 comment(s)
2026-05-05T23:43:07Z INFO    [REQUEST] GET https://www.reddit.com/comments/1lx3lmc.json?raw_json=1&limit=20
2026-05-05T23:43:07Z INFO    [RESPONSE] 200 375ms https://www.reddit.com/comments/1lx3lmc.json?raw_json=1&limit=20
2026-05-05T23:43:07Z INFO    [INFO] r/Olevels  1lx3lmc  +2 comment(s)
2026-05-05T23:43:11Z INFO    [REQUEST] GET https://www.reddit.com/comments/1mhkjpj.json?raw_json=1&limit=20
2026-05-05T23:43:11Z INFO    [RESPONSE] 200 322ms https://www.reddit.com/comments/1mhkjpj.json?raw_json=1&limit=20
2026-05-05T23:43:11Z INFO    [INFO] r/Olevels  1mhkjpj  +2 comment(s)
2026-05-05T23:43:15Z INFO    [REQUEST] GET https://www.reddit.com/comments/1mrc5pu.json?raw_json=1&limit=20
2026-05-05T23:43:16Z INFO    [RESPONSE] 200 325ms https://www.reddit.com/comments/1mrc5pu.json?raw_json=1&limit=20
2026-05-05T23:43:16Z INFO    [INFO] r/Olevels  1mrc5pu  +3 comment(s)
2026-05-05T23:43:20Z INFO    [REQUEST] GET https://www.reddit.com/comments/1mr0qfn.json?raw_json=1&limit=20
2026-05-05T23:43:20Z INFO    [RESPONSE] 200 312ms https://www.reddit.com/comments/1mr0qfn.json?raw_json=1&limit=20
2026-05-05T23:43:20Z INFO    [INFO] r/Olevels  1mr0qfn  +2 comment(s)
2026-05-05T23:43:24Z INFO    [REQUEST] GET https://www.reddit.com/comments/1n0q4v1.json?raw_json=1&limit=20
2026-05-05T23:43:24Z INFO    [RESPONSE] 200 317ms https://www.reddit.com/comments/1n0q4v1.json?raw_json=1&limit=20
2026-05-05T23:43:24Z INFO    [INFO] r/Olevels  1n0q4v1  +3 comment(s)
2026-05-05T23:43:28Z INFO    [REQUEST] GET https://www.reddit.com/comments/1mzuksn.json?raw_json=1&limit=20
2026-05-05T23:43:29Z INFO    [RESPONSE] 200 318ms https://www.reddit.com/comments/1mzuksn.json?raw_json=1&limit=20
2026-05-05T23:43:29Z INFO    [INFO] r/Olevels  1mzuksn  +3 comment(s)
2026-05-05T23:43:33Z INFO    [REQUEST] GET https://www.reddit.com/comments/1m7eu7r.json?raw_json=1&limit=20
2026-05-05T23:43:33Z INFO    [RESPONSE] 200 301ms https://www.reddit.com/comments/1m7eu7r.json?raw_json=1&limit=20
2026-05-05T23:43:33Z INFO    [INFO] r/Olevels  1m7eu7r  +2 comment(s)
2026-05-05T23:43:37Z INFO    [REQUEST] GET https://www.reddit.com/comments/1lx3mrk.json?raw_json=1&limit=20
2026-05-05T23:43:37Z INFO    [RESPONSE] 200 331ms https://www.reddit.com/comments/1lx3mrk.json?raw_json=1&limit=20
2026-05-05T23:43:37Z INFO    [INFO] r/Olevels  1lx3mrk  +3 comment(s)
2026-05-05T23:43:41Z INFO    [REQUEST] GET https://www.reddit.com/comments/1n2b4yr.json?raw_json=1&limit=20
2026-05-05T23:43:42Z INFO    [RESPONSE] 200 300ms https://www.reddit.com/comments/1n2b4yr.json?raw_json=1&limit=20
2026-05-05T23:43:42Z INFO    [INFO] r/Olevels  1n2b4yr  +2 comment(s)
2026-05-05T23:43:46Z INFO    [REQUEST] GET https://www.reddit.com/comments/1kugsue.json?raw_json=1&limit=20
2026-05-05T23:43:46Z INFO    [RESPONSE] 200 345ms https://www.reddit.com/comments/1kugsue.json?raw_json=1&limit=20
2026-05-05T23:43:46Z INFO    [INFO] r/Olevels  1kugsue  +5 comment(s)
2026-05-05T23:43:50Z INFO    [REQUEST] GET https://www.reddit.com/comments/1myu5uy.json?raw_json=1&limit=20
2026-05-05T23:43:50Z INFO    [RESPONSE] 200 366ms https://www.reddit.com/comments/1myu5uy.json?raw_json=1&limit=20
2026-05-05T23:43:50Z INFO    [INFO] r/Olevels  1myu5uy  +2 comment(s)
2026-05-05T23:43:54Z INFO    [REQUEST] GET https://www.reddit.com/comments/1mx56vz.json?raw_json=1&limit=20
2026-05-05T23:43:55Z INFO    [RESPONSE] 200 324ms https://www.reddit.com/comments/1mx56vz.json?raw_json=1&limit=20
2026-05-05T23:43:55Z INFO    [INFO] r/Olevels  1mx56vz  +2 comment(s)
2026-05-05T23:43:59Z INFO    [REQUEST] GET https://www.reddit.com/comments/1kfi15t.json?raw_json=1&limit=20
2026-05-05T23:43:59Z INFO    [RESPONSE] 200 375ms https://www.reddit.com/comments/1kfi15t.json?raw_json=1&limit=20
2026-05-05T23:43:59Z INFO    [INFO] r/Olevels  1kfi15t  +6 comment(s)
2026-05-05T23:44:03Z INFO    [REQUEST] GET https://www.reddit.com/comments/1n5mfno.json?raw_json=1&limit=20
2026-05-05T23:44:03Z INFO    [RESPONSE] 200 325ms https://www.reddit.com/comments/1n5mfno.json?raw_json=1&limit=20
2026-05-05T23:44:03Z INFO    [INFO] r/Olevels  1n5mfno  +1 comment(s)
2026-05-05T23:44:07Z INFO    [REQUEST] GET https://www.reddit.com/comments/1knl063.json?raw_json=1&limit=20
2026-05-05T23:44:08Z INFO    [RESPONSE] 200 321ms https://www.reddit.com/comments/1knl063.json?raw_json=1&limit=20
2026-05-05T23:44:08Z INFO    [INFO] r/Olevels  1knl063  +3 comment(s)
2026-05-05T23:44:12Z INFO    [REQUEST] GET https://www.reddit.com/comments/1kds4lu.json?raw_json=1&limit=20
2026-05-05T23:44:12Z INFO    [RESPONSE] 200 566ms https://www.reddit.com/comments/1kds4lu.json?raw_json=1&limit=20
2026-05-05T23:44:12Z INFO    [INFO] r/Olevels  1kds4lu  +8 comment(s)
2026-05-05T23:44:16Z INFO    [REQUEST] GET https://www.reddit.com/comments/1mypt75.json?raw_json=1&limit=20
2026-05-05T23:44:17Z INFO    [RESPONSE] 200 343ms https://www.reddit.com/comments/1mypt75.json?raw_json=1&limit=20
2026-05-05T23:44:17Z INFO    [INFO] r/Olevels  1mypt75  +1 comment(s)
2026-05-05T23:44:21Z INFO    [REQUEST] GET https://www.reddit.com/comments/1l1m4k9.json?raw_json=1&limit=20
2026-05-05T23:44:21Z INFO    [RESPONSE] 200 345ms https://www.reddit.com/comments/1l1m4k9.json?raw_json=1&limit=20
2026-05-05T23:44:21Z INFO    [INFO] r/Olevels  1l1m4k9  +6 comment(s)
2026-05-05T23:44:25Z INFO    [REQUEST] GET https://www.reddit.com/comments/1l8nymr.json?raw_json=1&limit=20
2026-05-05T23:44:25Z INFO    [RESPONSE] 200 343ms https://www.reddit.com/comments/1l8nymr.json?raw_json=1&limit=20
2026-05-05T23:44:25Z INFO    [INFO] r/Olevels  1l8nymr  +4 comment(s)
2026-05-05T23:44:29Z INFO    [REQUEST] GET https://www.reddit.com/comments/1lafpsk.json?raw_json=1&limit=20
2026-05-05T23:44:30Z INFO    [RESPONSE] 200 321ms https://www.reddit.com/comments/1lafpsk.json?raw_json=1&limit=20
2026-05-05T23:44:30Z INFO    [INFO] r/Olevels  1lafpsk  +3 comment(s)
2026-05-05T23:44:34Z INFO    [REQUEST] GET https://www.reddit.com/comments/1msoozj.json?raw_json=1&limit=20
2026-05-05T23:44:34Z INFO    [RESPONSE] 200 315ms https://www.reddit.com/comments/1msoozj.json?raw_json=1&limit=20
2026-05-05T23:44:34Z INFO    [INFO] r/Olevels  1msoozj  +1 comment(s)
2026-05-05T23:44:38Z INFO    [REQUEST] GET https://www.reddit.com/comments/1gzjmb7.json?raw_json=1&limit=20
2026-05-05T23:44:38Z INFO    [RESPONSE] 200 427ms https://www.reddit.com/comments/1gzjmb7.json?raw_json=1&limit=20
2026-05-05T23:44:38Z INFO    [INFO] r/Olevels  1gzjmb7  +11 comment(s)
2026-05-05T23:44:42Z INFO    [REQUEST] GET https://www.reddit.com/comments/1kpgnok.json?raw_json=1&limit=20
2026-05-05T23:44:43Z INFO    [RESPONSE] 200 325ms https://www.reddit.com/comments/1kpgnok.json?raw_json=1&limit=20
2026-05-05T23:44:43Z INFO    [INFO] r/Olevels  1kpgnok  +3 comment(s)
2026-05-05T23:44:47Z INFO    [REQUEST] GET https://www.reddit.com/comments/1le77g7.json?raw_json=1&limit=20
2026-05-05T23:44:47Z INFO    [RESPONSE] 200 326ms https://www.reddit.com/comments/1le77g7.json?raw_json=1&limit=20
2026-05-05T23:44:47Z INFO    [INFO] r/Olevels  1le77g7  +5 comment(s)
2026-05-05T23:44:51Z INFO    [REQUEST] GET https://www.reddit.com/comments/1kz9o00.json?raw_json=1&limit=20
2026-05-05T23:44:51Z INFO    [RESPONSE] 200 317ms https://www.reddit.com/comments/1kz9o00.json?raw_json=1&limit=20
2026-05-05T23:44:51Z INFO    [INFO] r/Olevels  1kz9o00  +4 comment(s)
2026-05-05T23:44:55Z INFO    [REQUEST] GET https://www.reddit.com/comments/1mi7w4r.json?raw_json=1&limit=20
2026-05-05T23:44:56Z INFO    [RESPONSE] 200 316ms https://www.reddit.com/comments/1mi7w4r.json?raw_json=1&limit=20
2026-05-05T23:44:56Z INFO    [INFO] r/Olevels  1mi7w4r  +1 comment(s)
2026-05-05T23:45:00Z INFO    [REQUEST] GET https://www.reddit.com/comments/1mfn1t2.json?raw_json=1&limit=20
2026-05-05T23:45:00Z INFO    [RESPONSE] 200 336ms https://www.reddit.com/comments/1mfn1t2.json?raw_json=1&limit=20
2026-05-05T23:45:00Z INFO    [INFO] r/Olevels  1mfn1t2  +1 comment(s)
2026-05-05T23:45:04Z INFO    [REQUEST] GET https://www.reddit.com/comments/1loy044.json?raw_json=1&limit=20
2026-05-05T23:45:04Z INFO    [RESPONSE] 200 357ms https://www.reddit.com/comments/1loy044.json?raw_json=1&limit=20
2026-05-05T23:45:04Z INFO    [INFO] r/Olevels  1loy044  +3 comment(s)
2026-05-05T23:45:08Z INFO    [REQUEST] GET https://www.reddit.com/comments/1map54q.json?raw_json=1&limit=20
2026-05-05T23:45:09Z INFO    [RESPONSE] 200 309ms https://www.reddit.com/comments/1map54q.json?raw_json=1&limit=20
2026-05-05T23:45:09Z INFO    [INFO] r/Olevels  1map54q  +1 comment(s)
2026-05-05T23:45:13Z INFO    [REQUEST] GET https://www.reddit.com/comments/1lvlfvx.json?raw_json=1&limit=20
2026-05-05T23:45:13Z INFO    [RESPONSE] 200 392ms https://www.reddit.com/comments/1lvlfvx.json?raw_json=1&limit=20
2026-05-05T23:45:13Z INFO    [INFO] r/Olevels  1lvlfvx  +1 comment(s)
2026-05-05T23:45:17Z INFO    [REQUEST] GET https://www.reddit.com/comments/1kq5kgr.json?raw_json=1&limit=20
2026-05-05T23:45:17Z INFO    [RESPONSE] 200 313ms https://www.reddit.com/comments/1kq5kgr.json?raw_json=1&limit=20
2026-05-05T23:45:17Z INFO    [INFO] r/Olevels  1kq5kgr  +2 comment(s)
2026-05-05T23:45:21Z INFO    [REQUEST] GET https://www.reddit.com/comments/1lcuqd2.json?raw_json=1&limit=20
2026-05-05T23:45:22Z INFO    [RESPONSE] 200 308ms https://www.reddit.com/comments/1lcuqd2.json?raw_json=1&limit=20
2026-05-05T23:45:22Z INFO    [INFO] r/Olevels  1lcuqd2  +2 comment(s)
2026-05-05T23:45:26Z INFO    [REQUEST] GET https://www.reddit.com/comments/1llyo7g.json?raw_json=1&limit=20
2026-05-05T23:45:26Z INFO    [RESPONSE] 200 307ms https://www.reddit.com/comments/1llyo7g.json?raw_json=1&limit=20
2026-05-05T23:45:26Z INFO    [INFO] r/Olevels  1llyo7g  +1 comment(s)
2026-05-05T23:45:30Z INFO    [REQUEST] GET https://www.reddit.com/comments/1l8q5ba.json?raw_json=1&limit=20
2026-05-05T23:45:30Z INFO    [RESPONSE] 200 313ms https://www.reddit.com/comments/1l8q5ba.json?raw_json=1&limit=20
2026-05-05T23:45:30Z INFO    [INFO] r/Olevels  1l8q5ba  +2 comment(s)
2026-05-05T23:45:34Z INFO    [REQUEST] GET https://www.reddit.com/comments/1i09iqb.json?raw_json=1&limit=20
2026-05-05T23:45:35Z INFO    [RESPONSE] 200 357ms https://www.reddit.com/comments/1i09iqb.json?raw_json=1&limit=20
2026-05-05T23:45:35Z INFO    [INFO] r/Olevels  1i09iqb  +5 comment(s)
2026-05-05T23:45:39Z INFO    [REQUEST] GET https://www.reddit.com/comments/1lx3m6s.json?raw_json=1&limit=20
2026-05-05T23:45:39Z INFO    [RESPONSE] 200 319ms https://www.reddit.com/comments/1lx3m6s.json?raw_json=1&limit=20
2026-05-05T23:45:39Z INFO    [INFO] r/Olevels  1lx3m6s  +1 comment(s)
2026-05-05T23:45:43Z INFO    [REQUEST] GET https://www.reddit.com/comments/1e6b6qn.json?raw_json=1&limit=20
2026-05-05T23:45:43Z INFO    [RESPONSE] 200 415ms https://www.reddit.com/comments/1e6b6qn.json?raw_json=1&limit=20
2026-05-05T23:45:43Z INFO    [INFO] r/Olevels  1e6b6qn  +8 comment(s)
2026-05-05T23:45:47Z INFO    [REQUEST] GET https://www.reddit.com/comments/1t39758.json?raw_json=1&limit=20
2026-05-05T23:45:48Z INFO    [RESPONSE] 200 424ms https://www.reddit.com/comments/1t39758.json?raw_json=1&limit=20
2026-05-05T23:45:48Z INFO    [INFO] r/Olevels  1t39758  +13 comment(s)
2026-05-05T23:45:52Z INFO    [REQUEST] GET https://www.reddit.com/comments/1l1pl9g.json?raw_json=1&limit=20
2026-05-05T23:45:52Z INFO    [RESPONSE] 200 304ms https://www.reddit.com/comments/1l1pl9g.json?raw_json=1&limit=20
2026-05-05T23:45:52Z INFO    [INFO] r/Olevels  1l1pl9g  +3 comment(s)
2026-05-05T23:45:56Z INFO    [REQUEST] GET https://www.reddit.com/comments/1lge9fy.json?raw_json=1&limit=20
2026-05-05T23:45:56Z INFO    [RESPONSE] 200 308ms https://www.reddit.com/comments/1lge9fy.json?raw_json=1&limit=20
2026-05-05T23:45:56Z INFO    [INFO] r/Olevels  1lge9fy  +2 comment(s)
2026-05-05T23:46:00Z INFO    [REQUEST] GET https://www.reddit.com/comments/1ikqnas.json?raw_json=1&limit=20
2026-05-05T23:46:01Z INFO    [RESPONSE] 200 418ms https://www.reddit.com/comments/1ikqnas.json?raw_json=1&limit=20
2026-05-05T23:46:01Z INFO    [INFO] r/Olevels  1ikqnas  +7 comment(s)
2026-05-05T23:46:05Z INFO    [REQUEST] GET https://www.reddit.com/comments/1kvtcsp.json?raw_json=1&limit=20
2026-05-05T23:46:06Z INFO    [RESPONSE] 200 1464ms https://www.reddit.com/comments/1kvtcsp.json?raw_json=1&limit=20
2026-05-05T23:46:06Z INFO    [INFO] r/Olevels  1kvtcsp  +2 comment(s)
2026-05-05T23:46:10Z INFO    [REQUEST] GET https://www.reddit.com/comments/1krbip5.json?raw_json=1&limit=20
2026-05-05T23:46:11Z INFO    [RESPONSE] 200 304ms https://www.reddit.com/comments/1krbip5.json?raw_json=1&limit=20
2026-05-05T23:46:11Z INFO    [INFO] r/Olevels  1krbip5  +3 comment(s)
2026-05-05T23:46:15Z INFO    [REQUEST] GET https://www.reddit.com/comments/1levy6o.json?raw_json=1&limit=20
2026-05-05T23:46:15Z INFO    [RESPONSE] 200 287ms https://www.reddit.com/comments/1levy6o.json?raw_json=1&limit=20
2026-05-05T23:46:15Z INFO    [INFO] r/Olevels  1levy6o  +1 comment(s)
2026-05-05T23:46:19Z INFO    [REQUEST] GET https://www.reddit.com/comments/1etlz4v.json?raw_json=1&limit=20
2026-05-05T23:46:19Z INFO    [RESPONSE] 200 433ms https://www.reddit.com/comments/1etlz4v.json?raw_json=1&limit=20
2026-05-05T23:46:19Z INFO    [INFO] r/Olevels  1etlz4v  +8 comment(s)
2026-05-05T23:46:23Z INFO    [REQUEST] GET https://www.reddit.com/comments/1kq9b1s.json?raw_json=1&limit=20
2026-05-05T23:46:24Z INFO    [RESPONSE] 200 319ms https://www.reddit.com/comments/1kq9b1s.json?raw_json=1&limit=20
2026-05-05T23:46:24Z INFO    [INFO] r/Olevels  1kq9b1s  +2 comment(s)
2026-05-05T23:46:28Z INFO    [REQUEST] GET https://www.reddit.com/comments/1g8j6w5.json?raw_json=1&limit=20
2026-05-05T23:46:28Z INFO    [RESPONSE] 200 443ms https://www.reddit.com/comments/1g8j6w5.json?raw_json=1&limit=20
2026-05-05T23:46:28Z INFO    [INFO] r/Olevels  1g8j6w5  +8 comment(s)
2026-05-05T23:46:32Z INFO    [REQUEST] GET https://www.reddit.com/comments/1l78126.json?raw_json=1&limit=20
2026-05-05T23:46:33Z INFO    [RESPONSE] 200 388ms https://www.reddit.com/comments/1l78126.json?raw_json=1&limit=20
2026-05-05T23:46:33Z INFO    [INFO] r/Olevels  1l78126  +1 comment(s)
2026-05-05T23:46:37Z INFO    [REQUEST] GET https://www.reddit.com/comments/1l5j8ag.json?raw_json=1&limit=20
2026-05-05T23:46:37Z INFO    [RESPONSE] 200 290ms https://www.reddit.com/comments/1l5j8ag.json?raw_json=1&limit=20
2026-05-05T23:46:37Z INFO    [INFO] r/Olevels  1l5j8ag  +1 comment(s)
2026-05-05T23:46:41Z INFO    [REQUEST] GET https://www.reddit.com/comments/1k9983v.json?raw_json=1&limit=20
2026-05-05T23:46:41Z INFO    [RESPONSE] 200 357ms https://www.reddit.com/comments/1k9983v.json?raw_json=1&limit=20
2026-05-05T23:46:41Z INFO    [INFO] r/Olevels  1k9983v  +2 comment(s)
2026-05-05T23:46:45Z INFO    [REQUEST] GET https://www.reddit.com/comments/1kdkt5y.json?raw_json=1&limit=20
2026-05-05T23:46:46Z INFO    [RESPONSE] 200 322ms https://www.reddit.com/comments/1kdkt5y.json?raw_json=1&limit=20
2026-05-05T23:46:46Z INFO    [INFO] r/Olevels  1kdkt5y  +2 comment(s)
2026-05-05T23:46:50Z INFO    [REQUEST] GET https://www.reddit.com/comments/1knjdll.json?raw_json=1&limit=20
2026-05-05T23:46:50Z INFO    [RESPONSE] 200 327ms https://www.reddit.com/comments/1knjdll.json?raw_json=1&limit=20
2026-05-05T23:46:50Z INFO    [INFO] r/Olevels  1knjdll  +2 comment(s)
2026-05-05T23:46:54Z INFO    [REQUEST] GET https://www.reddit.com/comments/1k6l79s.json?raw_json=1&limit=20
