2026-05-05T23:00:27Z INFO    [BANNER] ZAYNS REDDIT SCRAPER — query='Paradise papers IGCSE' log=logs\scraper-20260505T200027Z.log
2026-05-05T23:00:27Z INFO    [CONFIG] tool=zayns-reddit-scraper v0.1.0
2026-05-05T23:00:27Z INFO    [CONFIG] query=Paradise papers IGCSE
2026-05-05T23:00:27Z INFO    [CONFIG] subreddits=Olevels, igcse, IGCSE_helps, Alevel, Alevels, GCSE, 6thForm
2026-05-05T23:00:27Z INFO    [CONFIG] sorts=relevance, new
2026-05-05T23:00:27Z INFO    [CONFIG] max pages=1
2026-05-05T23:00:27Z INFO    [CONFIG] page limit=100
2026-05-05T23:00:27Z INFO    [CONFIG] delay=4.0s between requests
2026-05-05T23:00:27Z INFO    [CONFIG] comments=top 50
2026-05-05T23:00:27Z INFO    [CONFIG] output dir=D:\SOC Diploma\Info Scrapper\output
2026-05-05T23:00:27Z INFO    [CONFIG] log dir=D:\SOC Diploma\Info Scrapper\logs
2026-05-05T23:00:27Z INFO    [CONFIG] run stamp=20260505T200027Z
2026-05-05T23:00:27Z INFO    [SECTION] PHASE 1 — SEARCH
2026-05-05T23:00:27Z INFO    [INFO] query variants: 'Paradise papers IGCSE' | 'Paradise papers' | 'Paradise IGCSE' | 'Paradise'
2026-05-05T23:00:27Z INFO    [PHASE] SEARCH r/all  sort=relevance  variant=phrase
2026-05-05T23:00:27Z INFO    [REQUEST] GET https://www.reddit.com/search.json?q=%22Paradise+papers+IGCSE%22&sort=relevance&limit=100&t=all&raw_json=1
2026-05-05T23:00:28Z INFO    [RESPONSE] 200 1028ms https://www.reddit.com/search.json?q=%22Paradise+papers+IGCSE%22&sort=relevance&limit=100&t=all&raw_json=1
2026-05-05T23:00:28Z INFO    [INFO] no results on first page for sort=relevance sub=all
2026-05-05T23:00:28Z INFO    [PHASE] SEARCH r/all  sort=new  variant=phrase
2026-05-05T23:00:32Z INFO    [REQUEST] GET https://www.reddit.com/search.json?q=%22Paradise+papers+IGCSE%22&sort=new&limit=100&t=all&raw_json=1
2026-05-05T23:00:32Z INFO    [RESPONSE] 200 541ms https://www.reddit.com/search.json?q=%22Paradise+papers+IGCSE%22&sort=new&limit=100&t=all&raw_json=1
2026-05-05T23:00:32Z INFO    [INFO] no results on first page for sort=new sub=all
2026-05-05T23:00:32Z INFO    [PHASE] SEARCH r/Olevels  sort=relevance  variant=phrase
2026-05-05T23:00:36Z INFO    [REQUEST] GET https://www.reddit.com/r/Olevels/search.json?q=%22Paradise+papers+IGCSE%22&sort=relevance&limit=100&t=all&raw_json=1&restrict_sr=1
2026-05-05T23:00:37Z INFO    [RESPONSE] 200 257ms https://www.reddit.com/r/Olevels/search.json?q=%22Paradise+papers+IGCSE%22&sort=relevance&limit=100&t=all&raw_json=1&restrict_sr=1
2026-05-05T23:00:37Z INFO    [INFO] no results on first page for sort=relevance sub=Olevels
2026-05-05T23:00:37Z INFO    [PHASE] SEARCH r/igcse  sort=relevance  variant=phrase
2026-05-05T23:00:41Z INFO    [REQUEST] GET https://www.reddit.com/r/igcse/search.json?q=%22Paradise+papers+IGCSE%22&sort=relevance&limit=100&t=all&raw_json=1&restrict_sr=1
2026-05-05T23:00:45Z INFO    [RESPONSE] 200 4569ms https://www.reddit.com/r/igcse/search.json?q=%22Paradise+papers+IGCSE%22&sort=relevance&limit=100&t=all&raw_json=1&restrict_sr=1
2026-05-05T23:00:45Z INFO    [INFO] no results on first page for sort=relevance sub=igcse
2026-05-05T23:00:45Z INFO    [PHASE] SEARCH r/IGCSE_helps  sort=relevance  variant=phrase
2026-05-05T23:00:49Z INFO    [REQUEST] GET https://www.reddit.com/r/IGCSE_helps/search.json?q=%22Paradise+papers+IGCSE%22&sort=relevance&limit=100&t=all&raw_json=1&restrict_sr=1
2026-05-05T23:00:50Z INFO    [RESPONSE] 200 798ms https://www.reddit.com/r/IGCSE_helps/search.json?q=%22Paradise+papers+IGCSE%22&sort=relevance&limit=100&t=all&raw_json=1&restrict_sr=1
2026-05-05T23:00:50Z INFO    [PHASE] SEARCH r/Alevel  sort=relevance  variant=phrase
2026-05-05T23:00:54Z INFO    [REQUEST] GET https://www.reddit.com/r/Alevel/search.json?q=%22Paradise+papers+IGCSE%22&sort=relevance&limit=100&t=all&raw_json=1&restrict_sr=1
2026-05-05T23:00:54Z INFO    [RESPONSE] 200 489ms https://www.reddit.com/r/Alevel/search.json?q=%22Paradise+papers+IGCSE%22&sort=relevance&limit=100&t=all&raw_json=1&restrict_sr=1
2026-05-05T23:00:54Z INFO    [INFO] no results on first page for sort=relevance sub=Alevel
2026-05-05T23:00:54Z INFO    [PHASE] SEARCH r/Alevels  sort=relevance  variant=phrase
2026-05-05T23:00:58Z INFO    [REQUEST] GET https://www.reddit.com/r/Alevels/search.json?q=%22Paradise+papers+IGCSE%22&sort=relevance&limit=100&t=all&raw_json=1&restrict_sr=1
2026-05-05T23:00:59Z INFO    [RESPONSE] 200 591ms https://www.reddit.com/r/Alevels/search.json?q=%22Paradise+papers+IGCSE%22&sort=relevance&limit=100&t=all&raw_json=1&restrict_sr=1
2026-05-05T23:00:59Z INFO    [INFO] no results on first page for sort=relevance sub=Alevels
2026-05-05T23:00:59Z INFO    [PHASE] SEARCH r/GCSE  sort=relevance  variant=phrase
2026-05-05T23:01:03Z INFO    [REQUEST] GET https://www.reddit.com/r/GCSE/search.json?q=%22Paradise+papers+IGCSE%22&sort=relevance&limit=100&t=all&raw_json=1&restrict_sr=1
2026-05-05T23:01:04Z INFO    [RESPONSE] 200 656ms https://www.reddit.com/r/GCSE/search.json?q=%22Paradise+papers+IGCSE%22&sort=relevance&limit=100&t=all&raw_json=1&restrict_sr=1
2026-05-05T23:01:04Z INFO    [INFO] no results on first page for sort=relevance sub=GCSE
2026-05-05T23:01:04Z INFO    [PHASE] SEARCH r/6thForm  sort=relevance  variant=phrase
2026-05-05T23:01:08Z INFO    [REQUEST] GET https://www.reddit.com/r/6thForm/search.json?q=%22Paradise+papers+IGCSE%22&sort=relevance&limit=100&t=all&raw_json=1&restrict_sr=1
2026-05-05T23:01:08Z INFO    [RESPONSE] 200 443ms https://www.reddit.com/r/6thForm/search.json?q=%22Paradise+papers+IGCSE%22&sort=relevance&limit=100&t=all&raw_json=1&restrict_sr=1
2026-05-05T23:01:08Z INFO    [INFO] no results on first page for sort=relevance sub=6thForm
2026-05-05T23:01:08Z INFO    [PHASE] SEARCH r/all  sort=relevance  variant=head:Paradise papers
2026-05-05T23:01:12Z INFO    [REQUEST] GET https://www.reddit.com/search.json?q=%22Paradise+papers%22&sort=relevance&limit=100&t=all&raw_json=1
2026-05-05T23:01:14Z INFO    [RESPONSE] 200 1743ms https://www.reddit.com/search.json?q=%22Paradise+papers%22&sort=relevance&limit=100&t=all&raw_json=1
2026-05-05T23:01:14Z INFO    [HIT] #1 r/alevels score=32 comments=25 title='Paradise paper guy on discord is a scam'
2026-05-05T23:01:14Z INFO    [HIT] #2 r/alevels score=0 comments=7 title='9709/12 paradise papers'
2026-05-05T23:01:14Z INFO    [HIT] #3 r/Libertarian score=507 comments=270 title='Discussing the "Paradise Papers" on Reddit'
2026-05-05T23:01:14Z INFO    [HIT] #4 r/Epstein score=49 comments=9 title='Do you guys remember the paradise and Panama papers??'
2026-05-05T23:01:14Z INFO    [HIT] #5 r/worldnews score=105812 comments=8169 title="Apple, the world's most profitable firm, has a secretive new structure allowing it to continue avoiding billions in taxes, Paradise Papers show. They sidestepped a 2013 crackdown by actively shopping around for a tax haven, landing $252bn on the Channel Island of Jersey."
2026-05-05T23:01:14Z INFO    [HIT] #6 r/worldnews score=107830 comments=7212 title="Paradise Papers leak reveals secrets of world elite's hidden wealth"
2026-05-05T23:01:14Z INFO    [HIT] #7 r/AdviceAnimals score=63259 comments=3333 title='First the Panama Papers, now the Paradise Papers'
2026-05-05T23:01:14Z INFO    [HIT] #8 r/worldnews score=81167 comments=1477 title='A Turkish journalist has been sentenced to more than a year in jail for her work on the Paradise Papers investigation into offshore tax havens, because it revealed details of the business activities of the country’s former prime minister and his sons.'
2026-05-05T23:01:14Z INFO    [HIT] #9 r/worldnews score=25934 comments=1787 title='The Queen must open up her full financial records to the public in the wake of revelations about her investments in the Paradise Papers scandal, UK Labour has said.'
2026-05-05T23:01:14Z INFO    [HIT] #10 r/politics score=25480 comments=1497 title='The Paradise Papers Make the Republican Tax Plan Look Insane'
2026-05-05T23:01:14Z INFO    [HIT] #11 r/canada score=5696 comments=536 title='CRA has identified more than $76 million in unpaid taxes from Panama, Paradise papers leaks'
2026-05-05T23:01:14Z INFO    [HIT] #12 r/conspiracy score=10169 comments=1140 title='Incoming: Massive 13 million page leak called “Paradise Papers” will soon expose many celebrities and politicians offshore financial affairs.'
2026-05-05T23:01:14Z INFO    [HIT] #13 r/news score=16421 comments=712 title='BBC News: Paradise Papers: Tax haven secrets of ultra-rich exposed'
2026-05-05T23:01:14Z INFO    [HIT] #14 r/OutOfTheLoop score=8286 comments=870 title='Why is Reddit all abuzz about the Paradise Papers right now? What does it mean for Apple, us, Reddit, me?'
2026-05-05T23:01:14Z INFO    [HIT] #15 r/politics score=16277 comments=536 title='The Paradise Papers are a wake-up call: now Congress must act on tax havens —'
2026-05-05T23:01:14Z INFO    [HIT] #16 r/dataisbeautiful score=13418 comments=526 title='The Swedes in Paradise Papers'
2026-05-05T23:01:14Z INFO    [HIT] #17 r/politics score=7989 comments=539 title="Bernie Sanders warns of 'international oligarchy' after Paradise Papers leak"
2026-05-05T23:01:14Z INFO    [HIT] #18 r/canada score=6899 comments=484 title="Canadian scalper's multimillion-dollar StubHub scheme exposed in Paradise Papers"
2026-05-05T23:01:14Z INFO    [HIT] #19 r/IAmA score=8553 comments=394 title="We're the ICIJ journalists behind the Panama Papers investigation (which we released two years ago today) We're here to answer your questions about the Panama Papers (and the Paradise Papers if you'd like)."
2026-05-05T23:01:14Z INFO    [HIT] #20 r/worldnews score=7376 comments=337 title="Commerce Secretary Wilbur Ross, a top member of Donald Trump's administration has business links with Russian allies of President Vladimir Putin who are under US sanctions, the Paradise Papers have revealed."
2026-05-05T23:01:14Z INFO    [HIT] #21 r/politics score=4626 comments=279 title='The Paradise Papers Are Just a Glimpse at the Unreal Wealth Gap'
2026-05-05T23:01:14Z INFO    [HIT] #22 r/Economics score=3051 comments=284 title="Paradise Papers leak reveals secrets of world elite's hidden wealth"
2026-05-05T23:01:14Z INFO    [HIT] #23 r/worldnews score=3845 comments=227 title="France wants EU to cut international funding of 'Paradise Papers' countries"
2026-05-05T23:01:14Z INFO    [HIT] #24 r/ukpolitics score=1470 comments=807 title="Paradise Papers leak reveals secrets of world elite's hidden wealth, including that of The Queen"
2026-05-05T23:01:14Z INFO    [HIT] #25 r/formula1 score=1154 comments=839 title='Paradise Papers claim Hamilton avoided paying £3.27 million in tax on his jet'
2026-05-05T23:01:14Z INFO    [HIT] #26 r/worldnews score=3289 comments=176 title="Prince Charles lobbied to alter climate change policy 'after secretly buying shares in an offshore company that would benefit from a rule change, Paradise Papers reveal"
2026-05-05T23:01:14Z INFO    [HIT] #27 r/worldnews score=3654 comments=129 title='Paradise Papers reveal how tax havens damage Africa: The new leaks of financial records illustrate how powerful individuals and companies across Africa use offshore havens to not only avoid paying taxes, but also to hide bribery and illegal dealings'
2026-05-05T23:01:14Z INFO    [HIT] #28 r/news score=2683 comments=153 title="Canadian scalper's multimillion-dollar StubHub scheme exposed in Paradise Papers"
2026-05-05T23:01:14Z INFO    [HIT] #29 r/Superstonk score=2786 comments=95 title='Posting for exposure. All credit to u/NorCalAthlete for the important comment. I spend at least 2 hours a day on the sub and still missed. Panama papers, Paradise papers and Pandora papers. Wrinkle time 🧠'
2026-05-05T23:01:14Z INFO    [HIT] #30 r/politics score=3671 comments=119 title='The ‘Paradise Papers’ expose Trump’s fake populism'
2026-05-05T23:01:14Z INFO    [HIT] #31 r/worldnews score=1960 comments=185 title='Trump ally Robert Kraft revealed as longtime owner of offshore firm: The New England Patriots’ billionaire boss is among several major US sports team owners who appear in the Paradise Papers.'
2026-05-05T23:01:14Z INFO    [HIT] #32 r/WikiLeaks score=2604 comments=140 title='The "Paradise Papers" are out -- 13.4 million files on offshore banking. Second biggest leak in history after Panama Papers. The Queen, Trump secretary of commerce, Vladimir Putin, Justin Trudeau, Nike, Apple, Twitter, Facebook among those implicated.'
2026-05-05T23:01:14Z INFO    [HIT] #33 r/Epstein score=2416 comments=575 title='THE OVERLORDS: Who Was Jeffrey Epstein Really Working For? Four hypotheses. 237,000 documents. 5.37 million data points. One answer.'
2026-05-05T23:01:14Z INFO    [HIT] #34 r/politics score=1779 comments=177 title="Why aren't the streets full of protest about the Paradise Papers?"
2026-05-05T23:01:14Z INFO    [HIT] #35 r/indonesia score=229 comments=85 title='Data Thomas Lembong dari Paradise Papers'
2026-05-05T23:01:14Z INFO    [HIT] #36 r/europe score=1084 comments=223 title="France wants EU to cut international funding of 'Paradise Papers' countries"
2026-05-05T23:01:14Z INFO    [HIT] #37 r/hockey score=852 comments=293 title='Montreal Canadiens named among Paradise Papers'
2026-05-05T23:01:14Z INFO    [HIT] #38 r/worldnews score=1081 comments=188 title='We’re the ICIJ staff who worked on the Paradise Papers investigation. We’re here to answer your questions about the Paradise Papers! AUA'
2026-05-05T23:01:14Z INFO    [HIT] #39 r/CanadaPolitics score=895 comments=93 title='CRA has identified more than $76 million in unpaid taxes from Panama, Paradise papers leaks'
2026-05-05T23:01:14Z INFO    [HIT] #40 r/politics score=1954 comments=92 title='Paradise Papers reveal the rise of a new class: The global oligarchy'
2026-05-05T23:01:14Z INFO    [HIT] #41 r/europe score=689 comments=263 title='Paradise Papers: Tax haven secrets of ultra-rich exposed'
2026-05-05T23:01:14Z INFO    [HIT] #42 r/AdviceAnimals score=2111 comments=80 title='How I feel about celebrities as the Hollywood and Paradise Papers scandals unfold'
2026-05-05T23:01:14Z INFO    [HIT] #43 r/unitedkingdom score=766 comments=219 title="Corbyn on Paradise Papers: leaks show 'one rule for rich and another for rest'"
2026-05-05T23:01:14Z INFO    [HIT] #44 r/australia score=917 comments=171 title='Paradise Papers: ATO cracks down on multinationals amid global document leak'
2026-05-05T23:01:14Z INFO    [HIT] #45 r/Patriots score=390 comments=462 title='Kraft appears in Paradise Papers as owner of offshore firm'
2026-05-05T23:01:14Z INFO    [HIT] #46 r/unitedkingdom score=559 comments=255 title='Paradise Papers: Tax haven secrets of ultra-rich exposed'
2026-05-05T23:01:14Z INFO    [HIT] #47 r/Superstonk score=4797 comments=178 title='MEMORANDUM FOR THE RECORD: DUE DILIGENCE REPORT ON POTENTIAL SYSTEMIC MARKET MANIPULATION VIA TOTAL RETURN SWAPS AND CAYMAN-DOMICILED FEEDER FUNDS IN SHORT-SELLING ACTIVITIES TARGETING GAMESTOP CORP. ($GME)'
2026-05-05T23:01:14Z INFO    [HIT] #48 r/canada score=795 comments=164 title='More than 3,000 Canadian names in the Paradise Papers'
2026-05-05T23:01:14Z INFO    [HIT] #49 r/MLS score=771 comments=161 title='New England owner Robert Kraft implicated in Paradise Papers'
2026-05-05T23:01:14Z INFO    [HIT] #50 r/politics score=3793 comments=35 title='Democrats want inquiry into Wilbur Ross Paradise Papers link to Putin son-in-law'
2026-05-05T23:01:14Z INFO    [HIT] #51 r/unitedkingdom score=1136 comments=90 title='A reminder of all the Brexiteers who appeared in the Paradise Papers as EU tax avoidance legislation looms'
2026-05-05T23:01:14Z INFO    [HIT] #52 r/conspiracy score=1071 comments=91 title="On his last day in office Bill Clinton pardoned billionaire Marc Rich. Mary Jo White was tapped to investigate & was then replaced by James Comey who determined Clinton not guilty of wrongdoing. Marc Rich's activities were just exposed in Paradise Papers on 11/05."
2026-05-05T23:01:14Z INFO    [HIT] #53 r/SeattleWA score=436 comments=217 title='Paul Allen named in Paradise Papers leak of the wealthy using offshore tax shelters'
2026-05-05T23:01:14Z INFO    [HIT] #54 r/politics score=1489 comments=63 title='Paradise Papers: Tax haven secrets of ultra-rich exposed'
2026-05-05T23:01:14Z INFO    [HIT] #55 r/politics score=1887 comments=46 title='The Paradise Papers: Kremlin Cash Behind Billionaire’s Twitter and Facebook Investments'
2026-05-05T23:01:14Z INFO    [HIT] #56 r/politics score=1886 comments=44 title='Bernie Sanders attacks billonaires and firms exposed by Paradise Papers'
2026-05-05T23:01:14Z INFO    [HIT] #57 r/canada score=564 comments=140 title='Opposition accuses Liberals of protecting friends, other ‘big fish’ named in Paradise Papers'
2026-05-05T23:01:14Z INFO    [HIT] #58 r/ukpolitics score=290 comments=242 title="The Queen's Paradise Papers story is a non-story riding on people's lack of basic financial and investing knowledge"
2026-05-05T23:01:14Z INFO    [HIT] #59 r/worldnews score=732 comments=101 title="Canadian scalper's multimillion-dollar StubHub scheme exposed in Paradise Papers"
2026-05-05T23:01:14Z INFO    [HIT] #60 r/formuladank score=2391 comments=75 title="I don't really understand what's going on, but I'll throw my hat in the ring.."
2026-05-05T23:01:14Z INFO    [HIT] #61 r/de score=1623 comments=42 title='Nach Paradise Papers...'
2026-05-05T23:01:14Z INFO    [HIT] #62 r/de score=522 comments=132 title='Paradise Papers -Die Schattenwelt des großen Geldes'
2026-05-05T23:01:14Z INFO    [HIT] #63 r/btc score=203 comments=158 title='"Most people don\'t know that Tether once pretended to be separate from Bitfinex. They were only proven to be one and the same in the Paradise Papers. Tether and Bitfinex repeatedly lied about this."'
2026-05-05T23:01:14Z INFO    [HIT] #64 r/PanamaPapers score=702 comments=92 title='Paradise Papers Exposes Donald Trump-Russia links and Piggy Banks of the Wealthiest 1 Percent - ICIJ'
2026-05-05T23:01:14Z INFO    [HIT] #65 r/worldnews score=716 comments=90 title='Britain tries to water down EU anti-tax haven measures days after Paradise Papers revelations'
2026-05-05T23:01:14Z INFO    [HIT] #66 r/technology score=1057 comments=59 title="Canadian scalper's multimillion-dollar StubHub scheme exposed in Paradise Papers"
2026-05-05T23:01:14Z INFO    [HIT] #67 r/europe score=256 comments=207 title='Britain tries to water down EU anti-tax haven measures days after Paradise Papers revelations'
2026-05-05T23:01:14Z INFO    [HIT] #68 r/Ningen score=545 comments=47 title='Toriyama might\'ve lowkey evaded taxes 💀 and was revealed to be involved with something called the "paradise papers" in 2017. I\'m surprised it isn\'t memed about more tbh'
2026-05-05T23:01:14Z INFO    [HIT] #69 r/france score=280 comments=167 title='Les « Paradise Papers », nouvelles révélations sur les milliards cachés de l’évasion fiscale'
2026-05-05T23:01:14Z INFO    [HIT] #70 r/canada score=253 comments=178 title='Scheer says Paradise Papers show Liberal hypocrisy on tax fairness'
2026-05-05T23:01:14Z INFO    [HIT] #71 r/alevels score=1 comments=3 title='Paradise paper real?'
2026-05-05T23:01:14Z INFO    [HIT] #72 r/europe score=444 comments=110 title='EU to discuss blacklist of tax havens after Paradise Papers leaks'
2026-05-05T23:01:14Z INFO    [HIT] #73 r/politics score=951 comments=52 title="'Paradise Papers' Link Mark Zuckerberg And Kremlin Investor | The Beat With Ari Melber | MSNBC"
2026-05-05T23:01:14Z INFO    [HIT] #74 r/politics score=1092 comments=44 title='The Paradise Papers Are Proof That Capitalism and Racism Fuel The Global Plutocracy'
2026-05-05T23:01:14Z INFO    [HIT] #75 r/Epstein score=12 comments=5 title='Epstein was mentioned in paradise papers but not Panama papers'
2026-05-05T23:01:14Z INFO    [HIT] #76 r/conspiracy score=567 comments=74 title="What happened to all the talk about the Paradise Papers? Billions of dollars hoarded away by the Elite. We're being bogged down with the daily pedo news in Hollywood"
2026-05-05T23:01:14Z INFO    [HIT] #77 r/canada score=288 comments=128 title="Trudeau 'satisfied' with Stephen Bronfman's explanation after Paradise Papers leak"
2026-05-05T23:01:14Z INFO    [HIT] #78 r/conspiracy score=305 comments=120 title="Why aren't the streets full of protest about the Paradise Papers?"
2026-05-05T23:01:14Z INFO    [HIT] #79 r/Superstonk score=3008 comments=73 title="UNMASKING CAYMAN ISLANDS SHELL NETWORKS IN SHORT-SELLING HEDGE FUNDS; CITADEL'S OFFSHORE VEIL AND SECTOR-WIDE RISKS TO MARKET INTEGRITY AND TAX ENFORCEMENT"
2026-05-05T23:01:14Z INFO    [HIT] #80 r/bestof score=1478 comments=20 title="Mysterious redditor throwaway predicted the ongoing Paradise Papers Offshore leak two weeks ago, including Wilbur Ross -Putin 'Cronies' ties as proof."
2026-05-05T23:01:14Z INFO    [HIT] #81 r/Superstonk score=2645 comments=81 title='Memorandum: Proposed RICO Prosecution Against Financial Entities Involved in Alleged GameStop Market Manipulation'
2026-05-05T23:01:14Z INFO    [HIT] #82 r/Superstonk score=6459 comments=281 title='Chinese Shell companies popping up out of the blue - a deeper dive into what is ACTUALLY going on and why I think the house of cards is crumbling before our eyes.'
2026-05-05T23:01:14Z INFO    [HIT] #83 r/RussiaLago score=412 comments=88 title='MEGATHREAD: Paradise Papers shed new light on connections between Trump associates and Russia'
2026-05-05T23:01:14Z INFO    [HIT] #84 r/india score=353 comments=97 title='Paradise Papers: Qatar firm invested in coaching giant FIITJEE via Mauritius'
2026-05-05T23:01:14Z INFO    [HIT] #85 r/beer score=896 comments=39 title='Major AB InBev Shareholder & Company Execs Featured In Paradise Papers'
2026-05-05T23:01:14Z INFO    [HIT] #86 r/worldnews score=600 comments=59 title='Paradise Papers: Oxford and Cambridge invested tens of millions offshore'
2026-05-05T23:01:14Z INFO    [HIT] #87 r/collapse score=324 comments=99 title="Bernie Sanders warns of 'international oligarchy' after Paradise Papers leak"
2026-05-05T23:01:14Z INFO    [HIT] #88 r/amcstock score=3674 comments=543 title='🔥US TREASURY GOING BANKRUPT SEPT 10-15! 🚨 PROOF OF AMC & GME SYNTHETIC SHARES IN THE MILLIONS!!! BTG PACTUAL BRIBING SENATORS & SHORTING AMC / GME & WERE ARRESTED & CHARGED IN 2016 FOR OFFERING $100S OF MILLIONS IN BRIBES! BLOOMBERG TERMINAL WAS 100% CORRECT ON SHOWING THEIR ETF MEME STOCKS!'
2026-05-05T23:01:14Z INFO    [HIT] #89 r/CanadaPolitics score=362 comments=90 title='Paradise Papers: Justin Trudeau’s chief fundraiser linked to offshore tax manoeuvres'
2026-05-05T23:01:14Z INFO    [HIT] #90 r/conspiracy score=1 comments=15 title="Paradise Papers help reveal J.B. Pritzker's offshore connections and tax shelters - ICIJ"
2026-05-05T23:01:14Z INFO    [HIT] #91 r/RussiaLago score=700 comments=42 title='In case you forgot: Paradise Papers revealed link between facebook and Kremlin'
2026-05-05T23:01:14Z INFO    [HIT] #92 r/PanamaPapers score=1118 comments=22 title="Paradise Papers reveal that Trump's Transport Secretary Elaine Chao and Sen. Mitch McConnell have more ties to tax havens than previously known."
2026-05-05T23:01:14Z INFO    [HIT] #93 r/manga score=114 comments=154 title='"Dragon Ball" Author Named in Paradise Papers Leak'
2026-05-05T23:01:14Z INFO    [HIT] #94 r/politics score=954 comments=28 title="Paradise Papers: Wilbur Ross says 'nothing improper' about Russia links"
2026-05-05T23:01:14Z INFO    [HIT] #95 r/worldnews score=647 comments=37 title='Swedes hit out at tax avoidance exposed in Paradise Papers leak'
2026-05-05T23:01:14Z INFO    [HIT] #96 r/politics score=860 comments=30 title="Bernie Sanders warns of 'international oligarchy' after 'Paradise Papers' leak"
2026-05-05T23:01:14Z INFO    [HIT] #97 r/ukpolitics score=133 comments=125 title="Corbyn on Paradise Papers: leaks show 'one rule for rich and another for rest'"
2026-05-05T23:01:14Z INFO    [HIT] #98 r/france score=162 comments=113 title='Agacé par les "Paradise Papers", Bernard Arnault sanctionne Le Monde'
2026-05-05T23:01:14Z INFO    [HIT] #99 r/politics score=743 comments=31 title="Paradise Papers revealed 'commoditisation' of tax avoidance"
2026-05-05T23:01:14Z INFO    [HIT] #100 r/politics score=1332 comments=10 title='Wilbur Ross linked to company controlled by Putin family in mass leak of “Paradise Papers”'
2026-05-05T23:01:14Z INFO    [WARNING] max-pages=1 reached for sort=relevance sub=all — more results exist
2026-05-05T23:01:14Z INFO    [PHASE] SEARCH r/all  sort=new  variant=head:Paradise papers
2026-05-05T23:01:18Z INFO    [REQUEST] GET https://www.reddit.com/search.json?q=%22Paradise+papers%22&sort=new&limit=100&t=all&raw_json=1
2026-05-05T23:01:20Z INFO    [RESPONSE] 200 1743ms https://www.reddit.com/search.json?q=%22Paradise+papers%22&sort=new&limit=100&t=all&raw_json=1
2026-05-05T23:01:20Z INFO    [HIT] #1 r/alevels score=0 comments=81 title='The the business paper is leaked if anyone has it dm'
2026-05-05T23:01:20Z INFO    [HIT] #2 r/u_Acceptable-Gap-4520 score=1 comments=0 title='Thoughts on le@ks O levels'
2026-05-05T23:01:20Z INFO    [HIT] #3 r/theories score=94 comments=50 title='How Epstein got rich theory'
2026-05-05T23:01:20Z INFO    [HIT] #4 r/Epstein score=508 comments=22 title='$1.08B through JPMorgan, $1.3B through Deutsche, $170M from Leon Black. I spent weeks mapping the Epstein money trail and the post-conviction numbers are the what stood out the most. Not the flight records everyone talks about.'
2026-05-05T23:01:20Z INFO    [HIT] #5 r/suppressed_news score=20 comments=2 title="Epstein, Nabors & Panalpina's Early 2000s Global Logistics Bribery Scheme"
2026-05-05T23:01:20Z INFO    [HIT] #6 r/ProgressiveHQ score=3 comments=0 title="Epstein, Nabors & Panalpina's Early 2000s Global Logistics Bribery Scheme"
2026-05-05T23:01:20Z INFO    [HIT] #7 r/MeidasTouch score=2 comments=0 title="Epstein, Nabors & Panalpina's Early 2000s Global Logistics Bribery Scheme"
2026-05-05T23:01:20Z INFO    [HIT] #8 r/EpsteinList score=3 comments=0 title="Epstein, Nabors & Panalpina's Early 2000s Global Logistics Bribery Scheme"
2026-05-05T23:01:20Z INFO    [HIT] #9 r/epsteinfiles score=2 comments=0 title="Epstein, Nabors & Panalpina's Early 2000s Global Logistics Bribery Scheme"
2026-05-05T23:01:20Z INFO    [HIT] #10 r/conspiracy score=1 comments=1 title="Epstein, Nabors & Panalpina's Early 2000s Global Logistics Bribery Scheme"
2026-05-05T23:01:20Z INFO    [HIT] #11 r/Epstein score=34 comments=2 title="Epstein, Nabors & Panalpina's Early 2000s Global Logistics Bribery Scheme"
2026-05-05T23:01:20Z INFO    [HIT] #12 r/IMadeThis score=2 comments=0 title='I built a JVM graph database that does fuzzy vector search and typed multi-hop traversal in the same call. Loaded 1.87M Panama Papers entities on it'
2026-05-05T23:01:20Z INFO    [HIT] #13 r/suppressed_news score=7 comments=2 title="Pt. 2: The Sale of DynCorp - Veritas Capital, Bear Stearns, and Epstein's Liquid Funding Ltd."
2026-05-05T23:01:20Z INFO    [HIT] #14 r/suppressed_news score=146 comments=4 title='Pt. 1: Epstein\'s Offshore Company Linked to Thousands of Shipping Containers "Lost" by Army during Iraq and Afghanistan Wars'
2026-05-05T23:01:20Z INFO    [HIT] #15 r/ProgressiveHQ score=3 comments=0 title="Pt. 2: The Sale of DynCorp - Veritas Capital, Bear Stearns, and Epstein's Liquid Funding Ltd."
2026-05-05T23:01:20Z INFO    [HIT] #16 r/MeidasTouch score=2 comments=0 title="Pt. 2: The Sale of DynCorp - Veritas Capital, Bear Stearns, and Epstein's Liquid Funding Ltd."
2026-05-05T23:01:20Z INFO    [HIT] #17 r/ProgressiveHQ score=6 comments=0 title='Pt. 1: Epstein\'s Offshore Company Linked to Thousands of Shipping Containers "Lost" by Army during Iraq and Afghanistan Wars'
2026-05-05T23:01:20Z INFO    [HIT] #18 r/MeidasTouch score=22 comments=14 title='Pt. 1: Epstein\'s Offshore Company Linked to Thousands of Shipping Containers "Lost" by Army during Iraq and Afghanistan Wars'
2026-05-05T23:01:20Z INFO    [HIT] #19 r/Epstein score=44 comments=3 title='Shadow Sovereignty: The Epstein Class & Industrial Impunity Pt 2 - Epstein, Bear Stearns, Veritas Capital and The Sale of DynCorp'
2026-05-05T23:01:20Z INFO    [HIT] #20 r/Epstein score=185 comments=42 title="Epstein's Offshore Liquid Funding traced to Military Contractors, Missing Shipping Containers, and the Iraq & Afghanistan Wars"
2026-05-05T23:01:20Z INFO    [HIT] #21 r/vectordatabase score=3 comments=0 title='I built a graph+vector database in Java that traces beneficial ownership chains on Panama Papers data in 0ms'
2026-05-05T23:01:20Z INFO    [HIT] #22 r/SpringBoot score=11 comments=0 title='I built a graph+vector database in Java that traces beneficial ownership chains on Panama Papers data in 0ms'
2026-05-05T23:01:20Z INFO    [HIT] #23 r/hrvatska score=26 comments=26 title="Afera u ski-savezu otkrivena zbog Slovakinje? 'Zna skijati, ali nije neki mastermind'"
2026-05-05T23:01:20Z INFO    [HIT] #24 r/leftist score=2 comments=18 title='Will self-proclaimed Leftists ever truly break away from the thought processes given to us by the wealthy?'
2026-05-05T23:01:20Z INFO    [HIT] #25 r/halifax score=276 comments=166 title="Tim Houston's weaknesses"
2026-05-05T23:01:20Z INFO    [HIT] #26 r/Epstein score=77 comments=5 title='Kushner mention tied to Russian money'
2026-05-05T23:01:20Z INFO    [HIT] #27 r/Epstein score=11 comments=1 title='Scott Carney interviews author Craig Unger about Epstein and dark money, and the astonishing scope of the dark money economy'
2026-05-05T23:01:20Z INFO    [HIT] #28 r/SteamGameSwap score=1 comments=1 title='[H] Boomer Shooter Blueprint, Safe In Our World, Wholesome Snack, Rawcember, Cozy Games, Play on the Go, Killer, Black Friday, Max Entertainment, Movember Stache, War Child, leftovers [W] Nubbys Number Factory, Ghost Watchers, Sniper Elite 5, What the Golf, Starship Troopers, Corn Kidz 64, Offers'
2026-05-05T23:01:20Z INFO    [HIT] #29 r/indiegameswap score=1 comments=20 title='[H] Boomer Shooter Blueprint, Safe In Our World, Wholesome Snack, Rawcember, Cozy Games, Play on the Go, Killer, Black Friday, Max Entertainment, Movember Stache, War Child, leftovers [W] Nubbys Number Factory, Ghost Watchers, Sniper Elite 5, What the Golf, Starship Troopers, Corn Kidz 64, Offers'
2026-05-05T23:01:20Z INFO    [HIT] #30 r/monarchism score=52 comments=32 title='Financial transparency of the BRF in light of the Epstein scandals'
2026-05-05T23:01:20Z INFO    [HIT] #31 r/indiegameswap score=0 comments=8 title='[H] Boomer Shooter Blueprint, Safe In Our World, Wholesome Snack, Rawcember, Cozy Games, Play on the Go, Killer, Black Friday, Max Entertainment, Movember Stache, War Child, leftovers [W] Nubbys Number Factory, Ghost Watchers, Sniper Elite 5, What the Golf, Starship Troopers, Bunker Invader, Offers'
2026-05-05T23:01:20Z INFO    [HIT] #32 r/SteamGameSwap score=1 comments=1 title='[H] Boomer Shooter Blueprint, Safe In Our World, Wholesome Snack, Rawcember, Cozy Games, Play on the Go, Killer, Black Friday, Max Entertainment, Movember Stache, War Child, leftovers [W] Nubbys Number Factory, Ghost Watchers, Sniper Elite 5, What the Golf, Starship Troopers, Bunker Invader, Offers'
2026-05-05T23:01:20Z INFO    [HIT] #33 r/SteamGameSwap score=1 comments=2 title='[H] Safe In Our World, Wholesome Snack, Rawcember, Cozy Games, Play on the Go, Killer, Black Friday, Max Entertainment, November Choice, Horror Icons, Movember Stache, War Child, leftovers [W] Nubbys Number Factory, Ghost Watchers, DEVOUR, Sniper Elite 5, Zombie Army Trilogy, What the Golf, Offers'
2026-05-05T23:01:20Z INFO    [HIT] #34 r/indiegameswap score=1 comments=8 title='[H] Safe In Our World, Wholesome Snack, Rawcember, Cozy Games, Play on the Go, Killer, Black Friday, Max Entertainment, November Choice, Horror Icons, Movember Stache, War Child, leftovers [W] Nubbys Number Factory, Ghost Watchers, DEVOUR, Sniper Elite 5, Zombie Army Trilogy, What the Golf, Offers'
2026-05-05T23:01:20Z INFO    [HIT] #35 r/indiegameswap score=1 comments=23 title='[H] June Tunes, Wholesome Snack, Rawcember, Cozy Games, Play on the Go, Killer, Black Friday, Telltale, Maximum Entertainment, November Choice, Horror Icons, Movember Stache, War Child, leftovers [W] Nubbys Number Factory, Ghost Watchers, DEVOUR, StarVaders, What the Golf, Arietta of Spirits, Offers'
2026-05-05T23:01:20Z INFO    [HIT] #36 r/SteamGameSwap score=1 comments=1 title='[H] June Tunes, Wholesome Snack, Rawcember, Cozy Games, Play on the Go, Killer, Black Friday, Telltale, Maximum Entertainment, November Choice, Horror Icons, Movember Stache, War Child, leftovers [W] Nubbys Number Factory, Ghost Watchers, DEVOUR, StarVaders, What the Golf, Arietta of Spirits, Offers'
2026-05-05T23:01:20Z INFO    [HIT] #37 r/Epstein score=9 comments=2 title='Releasing Europes Epstein Files, Malta Government is in Child Sex Trafficking'
2026-05-05T23:01:20Z INFO    [HIT] #38 r/indiegameswap score=2 comments=11 title='[H] June Tunes, Wholesome Snack, Rawcember, Cozy Games, Play on the Go, Killer, Black Friday, Telltale, Maximum Entertainment, November Choice, Horror Icons, Movember Stache, War Child, leftovers [W] Nubbys Number Factory, Ghost Watchers, DEVOUR, StarVaders, What the Golf, Arietta of Spirits, Offers'
2026-05-05T23:01:20Z INFO    [HIT] #39 r/SteamGameSwap score=1 comments=1 title='[H] June Tunes, Wholesome Snack, Rawcember, Cozy Games, Play on the Go, Killer, Black Friday, Telltale, Maximum Entertainment, November Choice, Horror Icons, Movember Stache, War Child, leftovers [W] Nubbys Number Factory, Ghost Watchers, DEVOUR, StarVaders, What the Golf, Arietta of Spirits, Offers'
2026-05-05T23:01:20Z INFO    [HIT] #40 r/SteamGameSwap score=1 comments=2 title='[H] June Tunes, Wholesome Snack, Rawcember, Cozy Games, Play on the Go, Killer, Black Friday, Telltale, Maximum Entertainment, November Choice, Horror Icons, Movember Stache, War Child, leftovers [W] Nubbys Number Factory, Ghost Watchers, DEVOUR, StarVaders, What the Golf, Arietta of Spirits, Offers'
2026-05-05T23:01:20Z INFO    [HIT] #41 r/indiegameswap score=1 comments=12 title='[H] June Tunes, Wholesome Snack, Rawcember, Cozy Games, Play on the Go, Killer, Black Friday, Telltale, Maximum Entertainment, November Choice, Horror Icons, Movember Stache, War Child, leftovers [W] Nubbys Number Factory, Ghost Watchers, DEVOUR, StarVaders, What the Golf, Arietta of Spirits, Offers'
2026-05-05T23:01:20Z INFO    [HIT] #42 r/indiegameswap score=1 comments=16 title='[H] June Tunes, Wholesome Snack, Rawcember, Cozy Games, Play on the Go, Killer, Black Friday, Telltale, Maximum Entertainment, November Choice, Horror Icons, Movember Stache, War Child, leftovers [W] Nubbys Number Factory, Ghost Watchers, DEVOUR, StarVaders, What the Golf, Arietta of Spirits, Offers'
2026-05-05T23:01:20Z INFO    [HIT] #43 r/indiegameswap score=0 comments=27 title='[H] June Tunes, Wholesome Snack, Rawcember, Cozy Games, Play on the Go, Killer, Black Friday, Telltale, Maximum Entertainment, November Choice, Horror Icons, Movember Stache, War Child, leftovers [W] Nubbys Number Factory, Ghost Watchers, DEVOUR, StarVaders, What the Golf, Arietta of Spirits, Offers'
2026-05-05T23:01:20Z INFO    [HIT] #44 r/UFOB_Disclosures score=1 comments=0 title='u/toxictoy approved a comment in r/UFOB'
2026-05-05T23:01:20Z INFO    [HIT] #45 r/Epstein score=129 comments=9 title='EFTA01026813 - Panama Papers and Donald Trump'
2026-05-05T23:01:20Z INFO    [HIT] #46 r/Epstein score=22 comments=6 title='Visual Breakdown of the Epstein Files: What is Included and Why It Matters'
2026-05-05T23:01:20Z INFO    [HIT] #47 r/Epstein score=9 comments=2 title='Money and Academics – Epstein’s Final Pipeline'
2026-05-05T23:01:20Z INFO    [HIT] #48 r/monte_video score=1 comments=0 title='How the CIA, Mossad and “the Epstein Network” are Exploiting Mass Shootings to Create an Orwellian Nightmare'
2026-05-05T23:01:20Z INFO    [HIT] #49 r/neoliberal score=20 comments=1 title='Asian financial hubs are reshaping Africa’s offshore economy'
2026-05-05T23:01:20Z INFO    [HIT] #50 r/CanadianConservative score=0 comments=11 title='More corruption. Explains Greenland…'
2026-05-05T23:01:20Z INFO    [HIT] #51 r/U2Band score=101 comments=46 title='A Community Guide: Discussions About The Epstein Files'
2026-05-05T23:01:20Z INFO    [HIT] #52 r/QuantumComputing score=227 comments=5 title='Latest Epstein files include Seth Lloyd, Mikhail Lukin, Scott Aaronson'
2026-05-05T23:01:20Z INFO    [HIT] #53 r/TargetedSolutions score=0 comments=4 title='Has anyone encountered this firm or other similar firms?'
2026-05-05T23:01:20Z INFO    [HIT] #54 r/qualityrabbitholes score=37 comments=6 title='The Epstein Files [Part Five: The Write-Up]'
2026-05-05T23:01:20Z INFO    [HIT] #55 r/qualityrabbitholes score=12 comments=1 title='The Epstein Files [Part Four: The Timeline, Part Three]'
2026-05-05T23:01:20Z INFO    [HIT] #56 r/Suomi score=106 comments=19 title='Fitburgin omistaa varustamo, jonka omistajan nimi on noussut esille aiemmissa tieto\xadvuodoissa'
2026-05-05T23:01:20Z INFO    [HIT] #57 r/IndianStockDaily score=38 comments=10 title="Why Rich People Can't Hide Offshore Anymore: FATCA, CRS, and Brutal Penalties Explained"
2026-05-05T23:01:20Z INFO    [HIT] #58 r/malta score=0 comments=29 title='Have you seen the new Epstein files with the images of children, and even baby massage? - you have no idea how close to home this affects your child'
2026-05-05T23:01:20Z INFO    [HIT] #59 r/SteamGameSwap score=1 comments=1 title='[H] June Tunes, Wholesome Snack, Rawcember, Cozy Games, Play on the Go, Killer, Black Friday, Telltale Collection, Maximum Entertainment, November Choice, Horror Icons, Movember Stache, War Child, leftovers [W] What the Golf?, BioGun, Astalon, Torchlight 2, Conscript, EDF 5, Offers'
2026-05-05T23:01:20Z INFO    [HIT] #60 r/indiegameswap score=1 comments=2 title='[H] June Tunes, Wholesome Snack, Rawcember, Cozy Games, Play on the Go, Killer, Black Friday, Telltale Collection, Maximum Entertainment, November Choice, Horror Icons, Movember Stache, War Child, leftovers [W] What the Golf?, BioGun, Astalon, Torchlight 2, Conscript, EDF 5, Offers'
2026-05-05T23:01:20Z INFO    [HIT] #61 r/SteamGameSwap score=1 comments=1 title='[H] June Tunes, Wholesome Snack, Rawcember, Cozy Games, Play on the Go, Killer, Black Friday, Telltale Collection, Maximum Entertainment, November Choice, Horror Icons, Movember Stache, War Child, leftovers [W] What the Golf?, BioGun, Astalon, Torchlight 2, Conscript, EDF 5, Offers'
2026-05-05T23:01:20Z INFO    [HIT] #62 r/indiegameswap score=1 comments=1 title='[H] June Tunes, Wholesome Snack, Rawcember, Cozy Games, Play on the Go, Killer, Black Friday, Telltale Collection, Maximum Entertainment, November Choice, Horror Icons, Movember Stache, War Child, leftovers [W] What the Golf?, BioGun, Astalon, Torchlight 2, Conscript, EDF 5, Offers'
2026-05-05T23:01:20Z INFO    [HIT] #63 r/VitoriaFutebolClube score=15 comments=7 title='O que vos parece?'
2026-05-05T23:01:20Z INFO    [HIT] #64 r/QuantumScopeNews score=1 comments=0 title='The Top 20 Most Corrupt Corporations in America'
2026-05-05T23:01:20Z INFO    [HIT] #65 r/SteamGameSwap score=1 comments=6 title='[H] June Tunes, Upload VR, Holiday Bundle, Wholesome Snack, Rawcember, Cozy Games, Play on the Go, Killer, Black Friday, Telltale Collection, Maximum Entertainment, November Choice, Horror Icons, Movember Stache, War Child, leftovers [W] What the Golf?, BioGun, Astalon, Torchlight 2, Conscript, EDF'
2026-05-05T23:01:20Z INFO    [HIT] #66 r/indiegameswap score=1 comments=7 title='[H] June Tunes, Upload VR, Holiday Bundle, Wholesome Snack, Rawcember, Cozy Games, Play on the Go, Killer, Black Friday, Telltale Collection, Maximum Entertainment, November Choice, Horror Icons, Movember Stache, War Child, leftovers [W] What the Golf?, BioGun, Astalon, Torchlight 2, Conscript, EDF'
2026-05-05T23:01:20Z INFO    [HIT] #67 r/SteamGameSwap score=0 comments=1 title='[H] June Tunes, Upload VR, Holiday Bundle, Wholesome Snack, Rawcember, Cozy Games, Play on the Go, Killer, Black Friday, Telltale Collection, Maximum Entertainment, November Choice, Horror Icons, Movember Stache, War Child, leftovers [W] EDF 5, BioGun, Astalon, Torchlight 2, Conscript, Offers'
2026-05-05T23:01:20Z INFO    [HIT] #68 r/indiegameswap score=0 comments=5 title='[H] June Tunes, Upload VR, Holiday Bundle, Wholesome Snack, Rawcember, Cozy Games, Play on the Go, Killer, Black Friday, Telltale Collection, Maximum Entertainment, November Choice, Horror Icons, Movember Stache, War Child, leftovers [W] EDF 5, BioGun, Astalon, Torchlight 2, Conscript, Offers'
2026-05-05T23:01:20Z INFO    [HIT] #69 r/indiegameswap score=2 comments=51 title='[H] Holiday Bundle, Wholesome Snack, Rawcember, Cozy Games, Play on the Go, Killer, Black Friday, Telltale Collection, Maximum Entertainment, November Choice, Horror Icons, Movember Stache, War Child, leftovers [W] EDF 5, Pacific Drive, BioGun, Astalon, Torchlight 2, Conscript, Offers'
2026-05-05T23:01:20Z INFO    [HIT] #70 r/SteamGameSwap score=0 comments=2 title='[H] Holiday Bundle, Wholesome Snack, Rawcember, Cozy Games, Play on the Go, Killer, Black Friday, Telltale Collection, Maximum Entertainment, November Choice, Horror Icons, Movember Stache, War Child, leftovers [W] EDF 5, Pacific Drive, BioGun, Astalon, Torchlight 2, Conscript, Offers'
2026-05-05T23:01:20Z INFO    [HIT] #71 r/SteamGameSwap score=1 comments=4 title='[H] Holiday Bundle, Wholesome Snack, Rawcember, Cozy Games, Play on the Go, Killer, Black Friday, Telltale Collection, Maximum Entertainment, November Choice, Horror Icons, Movember Stache, War Child, leftovers [W] EDF 5, Pacific Drive, BioGun, Astalon, Torchlight 2, Conscript, Offers'
2026-05-05T23:01:20Z INFO    [HIT] #72 r/indiegameswap score=1 comments=12 title='[H] Holiday Bundle, Wholesome Snack, Rawcember, Cozy Games, Play on the Go, Killer, Black Friday, Telltale Collection, Maximum Entertainment, November Choice, Horror Icons, Movember Stache, War Child, leftovers [W] EDF 5, Pacific Drive, BioGun, Astalon, Torchlight 2, Conscript, Offers'
2026-05-05T23:01:20Z INFO    [HIT] #73 r/indiegameswap score=1 comments=14 title='[H] Wholesome Snack, Rawcember, Cozy Games, Play on the Go, Killer, Black Friday, Telltale Collection, Maximum Entertainment, November Choice, Horror Icons, Movember Stache, Bethesda Legends, War Child, leftovers [W] EDF 5, Pacific Drive, Sprawl, Bunker Invaders, Torchlight 2, Conscript, Offers'
2026-05-05T23:01:20Z INFO    [HIT] #74 r/SteamGameSwap score=1 comments=6 title='[H] Wholesome Snack, Rawcember, Cozy Games, Play on the Go, Killer, Black Friday, Telltale Collection, Maximum Entertainment, November Choice, Horror Icons, Movember Stache, Bethesda Legends, War Child, leftovers [W] EDF 5, Pacific Drive, Sprawl, Bunker Invaders, Torchlight 2, Conscript, Offers'
2026-05-05T23:01:20Z INFO    [HIT] #75 r/conspiracy score=111 comments=18 title='The Real Reason Western Politicians Want to Bury the Epstein Story - The Case Study of Ian Osborne, Ehud Barak and Yuri Milner.'
2026-05-05T23:01:20Z INFO    [HIT] #76 r/indiegameswap score=1 comments=2 title='[H] Rawcember, Cozy Games, Play on the Go, Killer, Black Friday, Telltale Collection, Maximum Entertainment, November Choice, Horror Icons, Movember Stache, Bethesda Legends, War Child, leftovers [W] EDF 5, Pacific Drive, Sprawl, Bunker Invaders, Torchlight 2, Conscript, Nippon Marathon, Offers'
2026-05-05T23:01:20Z INFO    [HIT] #77 r/SteamGameSwap score=1 comments=2 title='[H] Rawcember, Cozy Games, Play on the Go, Killer, Black Friday, Telltale Collection, Maximum Entertainment, November Choice, Horror Icons, Movember Stache, Bethesda Legends, War Child, leftovers [W] EDF 5, Pacific Drive, Sprawl, Bunker Invaders, Torchlight 2, Conscript, Nippon Marathon, Offers'
2026-05-05T23:01:20Z INFO    [HIT] #78 r/indiegameswap score=1 comments=0 title='[H] Rawcember, Cozy Games, Play on the Go, Killer, Black Friday, Telltale Collection, Maximum Entertainment, November Choice, Horror Icons, Movember Stache, Bethesda Legends, War Child, leftovers [W] EDF 5, Pacific Drive, Sprawl, Bunker Invaders, Torchlight 2, Conscript, Nippon Marathon, Offers'
2026-05-05T23:01:20Z INFO    [HIT] #79 r/SteamGameSwap score=1 comments=2 title='[H] Rawcember, Cozy Games, Play on the Go, Killer, Black Friday, Telltale Collection, Maximum Entertainment, November Choice, Horror Icons, Movember Stache, Bethesda Legends, War Child, leftovers [W] EDF 5, Pacific Drive, Sprawl, Bunker Invaders, Torchlight 2, Conscript, Nippon Marathon, Offers'
2026-05-05T23:01:20Z INFO    [HIT] #80 r/indiegameswap score=0 comments=16 title='[H] Rawcember, Cozy Games, Play on the Go, Killer, Black Friday, Telltale Collection, Maximum Entertainment, November Choice, Horror Icons, Movember Stache, Bethesda Legends, War Child, leftovers [W] EDF 5, Pacific Drive, Sprawl, Bunker Invaders, Torchlight 2, Conscript, Nippon Marathon, Offers'
2026-05-05T23:01:20Z INFO    [HIT] #81 r/SteamGameSwap score=1 comments=2 title='[H] Rawcember, Cozy Games, Play on the Go, Killer, Black Friday, Telltale Collection, Maximum Entertainment, November Choice, Horror Icons, Movember Stache, Bethesda Legends, War Child, leftovers [W] EDF 5, Pacific Drive, Sprawl, Bunker Invaders, Torchlight 2, Conscript, Nippon Marathon, Offers'
2026-05-05T23:01:20Z INFO    [HIT] #82 r/indiegameswap score=1 comments=10 title='[H] Rawcember, Cozy Games, Play on the Go, Killer, Black Friday, Telltale Collection, Maximum Entertainment, November Choice, Horror Icons, Movember Stache, Bethesda Legends, War Child, leftovers [W] EDF 5, Pacific Drive, Sprawl, Bunker Invaders, Torchlight 2, Nippon Marathon, Offers'
2026-05-05T23:01:20Z INFO    [HIT] #83 r/SteamGameSwap score=1 comments=1 title='[H] Rawcember, Cozy Games, Play on the Go, Killer, Black Friday, Telltale Collection, Maximum Entertainment, November Choice, Horror Icons, Movember Stache, Bethesda Legends, War Child, leftovers [W] EDF 5, Pacific Drive, Sprawl, Bunker Invaders, Torchlight 2, Nippon Marathon, Offers'
2026-05-05T23:01:20Z INFO    [HIT] #84 r/SteamGameSwap score=1 comments=3 title='[H] Platinum Collection, Rawcember, Cozy Games, Play on the Go, Killer, Black Friday, Telltale Collection, Maximum Entertainment, November Choice, Horror Icons, Movember Stache, Bethesda Legends, War Child, leftovers [W] EDF 5, Pacific Drive,  Sprawl, Bunker Invaders, Torchlight 2, Offers'
2026-05-05T23:01:20Z INFO    [HIT] #85 r/indiegameswap score=1 comments=20 title='[H] Platinum Collection, Rawcember, Cozy Games, Play on the Go, Killer, Black Friday, Telltale Collection, Maximum Entertainment, November Choice, Horror Icons, Movember Stache, Bethesda Legends, War Child, leftovers [W] EDF 5, Pacific Drive,  Sprawl, Bunker Invaders, Torchlight 2, Offers'
2026-05-05T23:01:20Z INFO    [HIT] #86 r/indiegameswap score=1 comments=20 title='[H] Cozy Games, Play on the Go, Killer, Black Friday, Telltale Collection, Maximum Entertainment, November Choice, Horror Icons, Movember Stache Bundle, Bethesda Legends, War Child Bundle, leftovers [W] EDF 5, Pacific Drive, Streets of Rage 4, Sprawl, Bunker Invaders, Torchlight 2, Offers'
2026-05-05T23:01:20Z INFO    [HIT] #87 r/SteamGameSwap score=1 comments=3 title='[H] Cozy Games, Play on the Go, Killer, Black Friday, Telltale Collection, Maximum Entertainment, November Choice, Horror Icons, Movember Stache Bundle, Bethesda Legends, War Child Bundle, leftovers [W] EDF 5, Pacific Drive, Streets of Rage 4, Sprawl, Bunker Invaders, Torchlight 2, Offers'
2026-05-05T23:01:20Z INFO    [HIT] #88 r/AskGreece score=0 comments=13 title='Ποιά η γνώμη σας για την Μαρέβα Μητσοτάκη;'
2026-05-05T23:01:20Z INFO    [HIT] #89 r/exIglesiaNiCristo score=85 comments=7 title='2ph4u did it again!'
2026-05-05T23:01:20Z INFO    [HIT] #90 r/Odsp score=16 comments=27 title='The deck is stacked. And not in our favor. Looong post but please take the time to read it.'
2026-05-05T23:01:20Z INFO    [WARNING] max-pages=1 reached for sort=new sub=all — more results exist
2026-05-05T23:01:20Z INFO    [PHASE] SEARCH r/Olevels  sort=relevance  variant=head:Paradise papers
2026-05-05T23:01:24Z INFO    [REQUEST] GET https://www.reddit.com/r/Olevels/search.json?q=%22Paradise+papers%22&sort=relevance&limit=100&t=all&raw_json=1&restrict_sr=1
2026-05-05T23:01:24Z INFO    [RESPONSE] 200 317ms https://www.reddit.com/r/Olevels/search.json?q=%22Paradise+papers%22&sort=relevance&limit=100&t=all&raw_json=1&restrict_sr=1
2026-05-05T23:01:24Z INFO    [INFO] no results on first page for sort=relevance sub=Olevels
2026-05-05T23:01:24Z INFO    [PHASE] SEARCH r/igcse  sort=relevance  variant=head:Paradise papers
2026-05-05T23:01:28Z INFO    [REQUEST] GET https://www.reddit.com/r/igcse/search.json?q=%22Paradise+papers%22&sort=relevance&limit=100&t=all&raw_json=1&restrict_sr=1
2026-05-05T23:01:28Z INFO    [RESPONSE] 200 312ms https://www.reddit.com/r/igcse/search.json?q=%22Paradise+papers%22&sort=relevance&limit=100&t=all&raw_json=1&restrict_sr=1
2026-05-05T23:01:28Z INFO    [INFO] no results on first page for sort=relevance sub=igcse
2026-05-05T23:01:28Z INFO    [PHASE] SEARCH r/IGCSE_helps  sort=relevance  variant=head:Paradise papers
2026-05-05T23:01:32Z INFO    [REQUEST] GET https://www.reddit.com/r/IGCSE_helps/search.json?q=%22Paradise+papers%22&sort=relevance&limit=100&t=all&raw_json=1&restrict_sr=1
2026-05-05T23:01:33Z INFO    [RESPONSE] 200 520ms https://www.reddit.com/r/IGCSE_helps/search.json?q=%22Paradise+papers%22&sort=relevance&limit=100&t=all&raw_json=1&restrict_sr=1
2026-05-05T23:01:33Z INFO    [PHASE] SEARCH r/Alevel  sort=relevance  variant=head:Paradise papers
2026-05-05T23:01:37Z INFO    [REQUEST] GET https://www.reddit.com/r/Alevel/search.json?q=%22Paradise+papers%22&sort=relevance&limit=100&t=all&raw_json=1&restrict_sr=1
2026-05-05T23:01:37Z INFO    [RESPONSE] 200 261ms https://www.reddit.com/r/Alevel/search.json?q=%22Paradise+papers%22&sort=relevance&limit=100&t=all&raw_json=1&restrict_sr=1
2026-05-05T23:01:37Z INFO    [INFO] no results on first page for sort=relevance sub=Alevel
2026-05-05T23:01:37Z INFO    [PHASE] SEARCH r/Alevels  sort=relevance  variant=head:Paradise papers
2026-05-05T23:01:41Z INFO    [REQUEST] GET https://www.reddit.com/r/Alevels/search.json?q=%22Paradise+papers%22&sort=relevance&limit=100&t=all&raw_json=1&restrict_sr=1
2026-05-05T23:01:41Z INFO    [RESPONSE] 200 378ms https://www.reddit.com/r/Alevels/search.json?q=%22Paradise+papers%22&sort=relevance&limit=100&t=all&raw_json=1&restrict_sr=1
2026-05-05T23:01:41Z INFO    [HIT] #1 r/alevels score=11 comments=9 title='Are you serious right now-??'
2026-05-05T23:01:41Z INFO    [PHASE] SEARCH r/GCSE  sort=relevance  variant=head:Paradise papers
2026-05-05T23:01:45Z INFO    [REQUEST] GET https://www.reddit.com/r/GCSE/search.json?q=%22Paradise+papers%22&sort=relevance&limit=100&t=all&raw_json=1&restrict_sr=1
2026-05-05T23:01:46Z INFO    [RESPONSE] 200 257ms https://www.reddit.com/r/GCSE/search.json?q=%22Paradise+papers%22&sort=relevance&limit=100&t=all&raw_json=1&restrict_sr=1
2026-05-05T23:01:46Z INFO    [INFO] no results on first page for sort=relevance sub=GCSE
2026-05-05T23:01:46Z INFO    [PHASE] SEARCH r/6thForm  sort=relevance  variant=head:Paradise papers
2026-05-05T23:01:50Z INFO    [REQUEST] GET https://www.reddit.com/r/6thForm/search.json?q=%22Paradise+papers%22&sort=relevance&limit=100&t=all&raw_json=1&restrict_sr=1
2026-05-05T23:01:50Z INFO    [RESPONSE] 200 302ms https://www.reddit.com/r/6thForm/search.json?q=%22Paradise+papers%22&sort=relevance&limit=100&t=all&raw_json=1&restrict_sr=1
2026-05-05T23:01:50Z INFO    [INFO] no results on first page for sort=relevance sub=6thForm
2026-05-05T23:01:50Z INFO    [PHASE] SEARCH r/all  sort=relevance  variant=head:Paradise IGCSE
2026-05-05T23:01:54Z INFO    [REQUEST] GET https://www.reddit.com/search.json?q=%22Paradise+IGCSE%22&sort=relevance&limit=100&t=all&raw_json=1
2026-05-05T23:01:54Z INFO    [RESPONSE] 200 320ms https://www.reddit.com/search.json?q=%22Paradise+IGCSE%22&sort=relevance&limit=100&t=all&raw_json=1
2026-05-05T23:01:54Z INFO    [INFO] no results on first page for sort=relevance sub=all
2026-05-05T23:01:54Z INFO    [PHASE] SEARCH r/all  sort=new  variant=head:Paradise IGCSE
2026-05-05T23:01:58Z INFO    [REQUEST] GET https://www.reddit.com/search.json?q=%22Paradise+IGCSE%22&sort=new&limit=100&t=all&raw_json=1
2026-05-05T23:01:59Z INFO    [RESPONSE] 200 248ms https://www.reddit.com/search.json?q=%22Paradise+IGCSE%22&sort=new&limit=100&t=all&raw_json=1
2026-05-05T23:01:59Z INFO    [INFO] no results on first page for sort=new sub=all
2026-05-05T23:01:59Z INFO    [PHASE] SEARCH r/Olevels  sort=relevance  variant=head:Paradise IGCSE
2026-05-05T23:02:03Z INFO    [REQUEST] GET https://www.reddit.com/r/Olevels/search.json?q=%22Paradise+IGCSE%22&sort=relevance&limit=100&t=all&raw_json=1&restrict_sr=1
2026-05-05T23:02:04Z INFO    [RESPONSE] 200 1142ms https://www.reddit.com/r/Olevels/search.json?q=%22Paradise+IGCSE%22&sort=relevance&limit=100&t=all&raw_json=1&restrict_sr=1
2026-05-05T23:02:04Z INFO    [INFO] no results on first page for sort=relevance sub=Olevels
2026-05-05T23:02:04Z INFO    [PHASE] SEARCH r/igcse  sort=relevance  variant=head:Paradise IGCSE
2026-05-05T23:02:08Z INFO    [REQUEST] GET https://www.reddit.com/r/igcse/search.json?q=%22Paradise+IGCSE%22&sort=relevance&limit=100&t=all&raw_json=1&restrict_sr=1
2026-05-05T23:02:08Z INFO    [RESPONSE] 200 305ms https://www.reddit.com/r/igcse/search.json?q=%22Paradise+IGCSE%22&sort=relevance&limit=100&t=all&raw_json=1&restrict_sr=1
2026-05-05T23:02:08Z INFO    [INFO] no results on first page for sort=relevance sub=igcse
2026-05-05T23:02:08Z INFO    [PHASE] SEARCH r/IGCSE_helps  sort=relevance  variant=head:Paradise IGCSE
2026-05-05T23:02:12Z INFO    [REQUEST] GET https://www.reddit.com/r/IGCSE_helps/search.json?q=%22Paradise+IGCSE%22&sort=relevance&limit=100&t=all&raw_json=1&restrict_sr=1
2026-05-05T23:02:13Z INFO    [RESPONSE] 200 477ms https://www.reddit.com/r/IGCSE_helps/search.json?q=%22Paradise+IGCSE%22&sort=relevance&limit=100&t=all&raw_json=1&restrict_sr=1
2026-05-05T23:02:13Z INFO    [PHASE] SEARCH r/Alevel  sort=relevance  variant=head:Paradise IGCSE
2026-05-05T23:02:17Z INFO    [REQUEST] GET https://www.reddit.com/r/Alevel/search.json?q=%22Paradise+IGCSE%22&sort=relevance&limit=100&t=all&raw_json=1&restrict_sr=1
2026-05-05T23:02:17Z INFO    [RESPONSE] 200 277ms https://www.reddit.com/r/Alevel/search.json?q=%22Paradise+IGCSE%22&sort=relevance&limit=100&t=all&raw_json=1&restrict_sr=1
2026-05-05T23:02:17Z INFO    [INFO] no results on first page for sort=relevance sub=Alevel
2026-05-05T23:02:17Z INFO    [PHASE] SEARCH r/Alevels  sort=relevance  variant=head:Paradise IGCSE
2026-05-05T23:02:21Z INFO    [REQUEST] GET https://www.reddit.com/r/Alevels/search.json?q=%22Paradise+IGCSE%22&sort=relevance&limit=100&t=all&raw_json=1&restrict_sr=1
2026-05-05T23:02:21Z INFO    [RESPONSE] 200 257ms https://www.reddit.com/r/Alevels/search.json?q=%22Paradise+IGCSE%22&sort=relevance&limit=100&t=all&raw_json=1&restrict_sr=1
2026-05-05T23:02:21Z INFO    [INFO] no results on first page for sort=relevance sub=Alevels
2026-05-05T23:02:21Z INFO    [PHASE] SEARCH r/GCSE  sort=relevance  variant=head:Paradise IGCSE
2026-05-05T23:02:25Z INFO    [REQUEST] GET https://www.reddit.com/r/GCSE/search.json?q=%22Paradise+IGCSE%22&sort=relevance&limit=100&t=all&raw_json=1&restrict_sr=1
2026-05-05T23:02:25Z INFO    [RESPONSE] 200 260ms https://www.reddit.com/r/GCSE/search.json?q=%22Paradise+IGCSE%22&sort=relevance&limit=100&t=all&raw_json=1&restrict_sr=1
2026-05-05T23:02:25Z INFO    [INFO] no results on first page for sort=relevance sub=GCSE
2026-05-05T23:02:25Z INFO    [PHASE] SEARCH r/6thForm  sort=relevance  variant=head:Paradise IGCSE
2026-05-05T23:02:29Z INFO    [REQUEST] GET https://www.reddit.com/r/6thForm/search.json?q=%22Paradise+IGCSE%22&sort=relevance&limit=100&t=all&raw_json=1&restrict_sr=1
2026-05-05T23:02:30Z INFO    [RESPONSE] 200 234ms https://www.reddit.com/r/6thForm/search.json?q=%22Paradise+IGCSE%22&sort=relevance&limit=100&t=all&raw_json=1&restrict_sr=1
2026-05-05T23:02:30Z INFO    [INFO] no results on first page for sort=relevance sub=6thForm
2026-05-05T23:02:30Z INFO    [PHASE] SEARCH r/all  sort=relevance  variant=head:Paradise
2026-05-05T23:02:34Z INFO    [REQUEST] GET https://www.reddit.com/search.json?q=Paradise&sort=relevance&limit=100&t=all&raw_json=1
2026-05-05T23:02:36Z INFO    [RESPONSE] 200 2049ms https://www.reddit.com/search.json?q=Paradise&sort=relevance&limit=100&t=all&raw_json=1
2026-05-05T23:02:36Z INFO    [HIT] #1 r/ParadiseHulu score=46 comments=237 title='Paradise | Overall Series Discussion'
2026-05-05T23:02:36Z INFO    [HIT] #2 r/ParadiseHulu score=458 comments=3175 title='Paradise | S2E8 | Episode Discussion'
2026-05-05T23:02:36Z INFO    [HIT] #3 r/television score=485 comments=216 title='PARADISE- This show went from murder mystery to full sci-fi thriller 🔥'
2026-05-05T23:02:36Z INFO    [HIT] #4 r/television score=0 comments=72 title='Why is Paradise rated so highly? *No spoilers*'
2026-05-05T23:02:36Z INFO    [HIT] #5 r/television score=14 comments=49 title='Paradise had so much potential, and it was wasted'
2026-05-05T23:02:36Z INFO    [HIT] #6 r/television score=216 comments=358 title='Paradise on Hulu – This Writing is Pure Hell'
2026-05-05T23:02:36Z INFO    [HIT] #7 r/tamagotchi score=1 comments=33 title='Does Paradise really suck?'
2026-05-05T23:02:36Z INFO    [HIT] #8 r/tamagotchi score=381 comments=102 title='Turning off the Paradise. It’s just not for me 😭'
2026-05-05T23:02:36Z INFO    [HIT] #9 r/Anime2020s score=165 comments=4 title='Jigokuraku aka Hells Paradise (2023)'
2026-05-05T23:02:36Z INFO    [HIT] #10 r/television score=0 comments=13 title='Why is paradise getting so much love?'
2026-05-05T23:02:36Z INFO    [HIT] #11 r/malelivingspace score=30993 comments=984 title='Paradise'
2026-05-05T23:02:36Z INFO    [HIT] #12 r/NoMansSkyTheGame score=8571 comments=307 title='Found this paradise planet, thought I would share'
2026-05-05T23:02:36Z INFO    [HIT] #13 r/HonkaiStarRail_leaks score=5674 comments=684 title='An Aeonic game, a paradise of Elation. Geniuses and oddballs, all gathered here. Ready to Become Aha?'
2026-05-05T23:02:36Z INFO    [HIT] #14 r/NatureIsFuckingLit score=42207 comments=564 title='🔥A beautiful Bird of Paradise interrupts David Attenborough🔥'
2026-05-05T23:02:36Z INFO    [HIT] #15 r/NoMansSkyTheGame score=6574 comments=284 title='Found another paradise planet'
2026-05-05T23:02:36Z INFO    [HIT] #16 r/geography score=11880 comments=1747 title='Why does everyone think of tropical islands as paradise?'
2026-05-05T23:02:36Z INFO    [HIT] #17 r/ImaginaryWarhammer score=6591 comments=219 title='Guardswoman from the Paradise World 1- 3 (end)'
2026-05-05T23:02:36Z INFO    [HIT] #18 r/NativePlantGardening score=15193 comments=584 title='Four years after moving into a blank canvas, we have achieved a pollinator paradise!'
2026-05-05T23:02:36Z INFO    [HIT] #19 r/Grimdank score=19628 comments=376 title='"Is this a paradise world?"'
2026-05-05T23:02:36Z INFO    [HIT] #20 r/geography score=2213 comments=375 title='Why does everyone think of tropical islands as paradise even if never visited them?'
2026-05-05T23:02:36Z INFO    [HIT] #21 r/ImaginaryWarhammer score=9060 comments=151 title='Guardwoman from the Paradise World'
2026-05-05T23:02:36Z INFO    [HIT] #22 r/malelivingspace score=18682 comments=2571 title='My own little paradise.'
2026-05-05T23:02:36Z INFO    [HIT] #23 r/NoMansSkyTheGame score=2915 comments=409 title='Our paradise homeworld is now stocked with litter'
2026-05-05T23:02:36Z INFO    [HIT] #24 r/nextfuckinglevel score=35634 comments=972 title="61-year old Grandma performing Gangsta's Paradise on wedding event"
2026-05-05T23:02:36Z INFO    [HIT] #25 r/anime score=1815 comments=572 title="Jigokuraku Season 2 • Hell's Paradise Season 2 - Episode 12 discussion - FINAL"
2026-05-05T23:02:36Z INFO    [HIT] #26 r/geography score=3857 comments=598 title='What are some dystopian cities/countries that seem like paradise but have a dark secret?'
2026-05-05T23:02:36Z INFO    [HIT] #27 r/Fauxmoi score=6202 comments=374 title='I Escaped to a Greek Nudist Paradise, Only to Discover That Israelis Are Hated There, Too'
2026-05-05T23:02:36Z INFO    [HIT] #28 r/geography score=2136 comments=376 title='Which places in the world have the same languid, soft, dreamy paradise-like feel of the Californian coast?'
2026-05-05T23:02:36Z INFO    [HIT] #29 r/NoMansSkyTheGame score=6055 comments=183 title='The most beautiful Earth-like paradise planet I’ve ever seen'
2026-05-05T23:02:36Z INFO    [HIT] #30 r/abandoned score=3375 comments=180 title='The end of paradise as we know it'
2026-05-05T23:02:36Z INFO    [HIT] #31 r/todayilearned score=8944 comments=124 title='TIL national park ranger Margaret Anderson blocked a car heading to the Paradise Recreation stop at Mt. Rainier where there were numerous visitors.  She was shot and killed by the driver but he fled on foot and did not go up to Paradise.'
2026-05-05T23:02:36Z INFO    [HIT] #32 r/zillowgonewild score=3123 comments=205 title='Just a $32.5 mil slice of paradise waiting for you'
2026-05-05T23:02:36Z INFO    [HIT] #33 r/anime score=2655 comments=313 title="Jigokuraku Season 2 • Hell's Paradise Season 2 - Episode 1 discussion"
2026-05-05T23:02:36Z INFO    [HIT] #34 r/NoMansSkyTheGame score=3203 comments=201 title='I like to "kidnap" people at the Anomaly and take them to Paradise'
2026-05-05T23:02:36Z INFO    [HIT] #35 r/anime score=1816 comments=369 title="Jigokuraku Season 2 • Hell's Paradise Season 2 - Episode 7 discussion"
2026-05-05T23:02:36Z INFO    [HIT] #36 r/recruitinghell score=6860 comments=106 title='Another day in paradise...'
2026-05-05T23:02:36Z INFO    [HIT] #37 r/NOMANSSKY score=6378 comments=247 title='Just found randomly an Earth, and she is paradise planet'
2026-05-05T23:02:36Z INFO    [HIT] #38 r/coolguides score=20514 comments=515 title="A cool guide to Dante's Inferno, Purgatory and Paradise. "
2026-05-05T23:02:36Z INFO    [HIT] #39 r/NoMansSkyTheGame score=3262 comments=169 title='Never seen a paradise planet with such massive mountains.'
2026-05-05T23:02:36Z INFO    [HIT] #40 r/Grimdank score=7992 comments=536 title='Cultist-chan meets Krieger on a paradise world (@mossacannibalis)'
2026-05-05T23:02:36Z INFO    [HIT] #41 r/worldnews score=5444 comments=434 title="Salvadoran President Mocks Meeting Between Democratic Senator and Abrego García: 'Now Sipping Margaritas With Sen. Van Hollen in the Tropical Paradise'"
2026-05-05T23:02:36Z INFO    [HIT] #42 r/anime score=2011 comments=322 title="Jigokuraku Season 2 • Hell's Paradise Season 2 - Episode 3 discussion"
2026-05-05T23:02:36Z INFO    [HIT] #43 r/travel score=3765 comments=249 title='The Maldives is a paradise on earth'
2026-05-05T23:02:36Z INFO    [HIT] #44 r/anime score=2108 comments=304 title="Jigokuraku Season 2 • Hell's Paradise Season 2 - Episode 2 discussion"
2026-05-05T23:02:36Z INFO    [HIT] #45 r/NMSCoordinateExchange score=2512 comments=466 title='Paradise earth like planet, Eissentam, i want friend and neighbourd PLS come populate i want to see bases around'
2026-05-05T23:02:36Z INFO    [HIT] #46 r/Grimdank score=20729 comments=568 title='Krueger Soldier in a Paradise World - Complete'
2026-05-05T23:02:36Z INFO    [HIT] #47 r/anime score=1477 comments=278 title="Jigokuraku Season 2 • Hell's Paradise Season 2 - Episode 11 discussion"
2026-05-05T23:02:36Z INFO    [HIT] #48 r/facepalm score=27881 comments=884 title='Paid $800 for the front of the line in attempt to start a scalpers paradise '
2026-05-05T23:02:36Z INFO    [HIT] #49 r/NoMansSkyTheGame score=7079 comments=173 title='…I think I’ve found my paradise.'
2026-05-05T23:02:36Z INFO    [HIT] #50 r/ThatsInsane score=91538 comments=7160 title='Move to Hawaii, it is a paradise, people say...'
2026-05-05T23:02:36Z INFO    [HIT] #51 r/toronto score=4849 comments=165 title='Paradise on Bloor'
2026-05-05T23:02:36Z INFO    [HIT] #52 r/anime score=1741 comments=246 title="Jigokuraku Season 2 • Hell's Paradise Season 2 - Episode 6 discussion"
2026-05-05T23:02:36Z INFO    [HIT] #53 r/ThatsInsane score=41990 comments=3229 title='Move to Hawaii, it is a paradise, people say…'
2026-05-05T23:02:36Z INFO    [HIT] #54 r/anime score=1525 comments=310 title="Jigokuraku Season 2 • Hell's Paradise Season 2 - Episode 4 discussion"
2026-05-05T23:02:36Z INFO    [HIT] #55 r/NoMansSkyTheGame score=6621 comments=267 title='FINALLY! AFTER 6.2K HOURS I HAVE A WHITE GRASS, BLUE WATER, BLUE SKY PARADISE! LETS GOOOOOOO!!'
2026-05-05T23:02:36Z INFO    [HIT] #56 r/england score=10721 comments=421 title='England in the Spring is a demi-paradise'
2026-05-05T23:02:36Z INFO    [HIT] #57 r/mildlyinteresting score=1227 comments=515 title='This indoor children play paradise in the Netherlands casually has a confederate flag on display'
2026-05-05T23:02:36Z INFO    [HIT] #58 r/anime score=1306 comments=249 title="Jigokuraku Season 2 • Hell's Paradise Season 2 - Episode 10 discussion"
2026-05-05T23:02:36Z INFO    [HIT] #59 r/anime score=3998 comments=169 title="He has a wife, you know [Hell's Paradise]"
2026-05-05T23:02:36Z INFO    [HIT] #60 r/movies score=17756 comments=606 title="New Poster for Charlie Day's 'Fool's Paradise'"
2026-05-05T23:02:36Z INFO    [HIT] #61 r/NatureIsFuckingLit score=12180 comments=84 title='🔥A breathtaking paradise'
2026-05-05T23:02:36Z INFO    [HIT] #62 r/anime score=1580 comments=230 title="Jigokuraku Season 2 • Hell's Paradise Season 2 - Episode 5 discussion"
2026-05-05T23:02:36Z INFO    [HIT] #63 r/anime score=1551 comments=209 title="Jigokuraku Season 2 • Hell's Paradise Season 2 - Episode 8 discussion"
2026-05-05T23:02:36Z INFO    [HIT] #64 r/wunkus score=3968 comments=143 title='Punkus lives in paradise'
2026-05-05T23:02:36Z INFO    [HIT] #65 r/anime score=1396 comments=210 title="Jigokuraku Season 2 • Hell's Paradise Season 2 - Episode 9 discussion"
2026-05-05T23:02:36Z INFO    [HIT] #66 r/NatureIsFuckingLit score=5510 comments=57 title='🔥A superb bird-of-paradise trying to attract a mate'
2026-05-05T23:02:36Z INFO    [HIT] #67 r/SinglesInferno score=1709 comments=188 title='Worst paradise visit EVER'
2026-05-05T23:02:36Z INFO    [HIT] #68 r/gifs score=98813 comments=4141 title='Escaping the Paradise Camp Fire'
2026-05-05T23:02:36Z INFO    [HIT] #69 r/interesting score=5030 comments=54 title='Unprecedented rains revive parts of Iraq, once known as a fertile paradise.'
2026-05-05T23:02:36Z INFO    [HIT] #70 r/nottheonion score=54401 comments=1688 title="Report: Man caught camping on Disney’s Discovery Island says it was ‘tropical paradise'"
2026-05-05T23:02:36Z INFO    [HIT] #71 r/NatureIsFuckingLit score=34258 comments=461 title='🔥 The Best Water On Earth, Paradise in Alaska'
2026-05-05T23:02:36Z INFO    [HIT] #72 r/movies score=12325 comments=584 title="Official Poster for Charlie Day's 'Fool's Paradise'"
2026-05-05T23:02:36Z INFO    [HIT] #73 r/news score=39283 comments=1796 title="Report: Man caught camping on Disney’s Discovery Island says it was ‘tropical paradise'"
2026-05-05T23:02:36Z INFO    [HIT] #74 r/anime score=6547 comments=973 title="Jigokuraku • Hell's Paradise - Episode 1 discussion"
2026-05-05T23:02:36Z INFO    [HIT] #75 r/EpicGamesPC score=1152 comments=372 title='Mystery Game #6 of 17｜Paradise Killer'
2026-05-05T23:02:36Z INFO    [HIT] #76 r/trashy score=2372 comments=283 title='Cable man walks into paradise'
2026-05-05T23:02:36Z INFO    [HIT] #77 r/WTF score=47797 comments=4415 title='Move to Hawaii, they said, it’s paradise, they said'
2026-05-05T23:02:36Z INFO    [HIT] #78 r/NoMansSkyTheGame score=1811 comments=275 title='Enough paradise worlds, its spoopy season, show me the more cursed places your travels have taken you'
2026-05-05T23:02:36Z INFO    [HIT] #79 r/GardeningUK score=5477 comments=161 title="My mother's back garden, slap bang in the middle of a council estate. Hidden paradise"
2026-05-05T23:02:36Z INFO    [HIT] #80 r/terriblefacebookmemes score=11699 comments=477 title='Churn butter once or twice, when you live in an Amish Paradise.'
2026-05-05T23:02:36Z INFO    [HIT] #81 r/ParadiseHulu score=323 comments=2495 title='Paradise | S2E7 | Episode Discussion'
2026-05-05T23:02:36Z INFO    [HIT] #82 r/AustralianNostalgia score=2485 comments=242 title='My dad at his milk bar in Surfers Paradise 1975'
2026-05-05T23:02:36Z INFO    [HIT] #83 r/IndianCricket score=918 comments=210 title="selector's nightmare or selector's paradise? India literally cannot pick all their T20 openers 😭🇮🇳"
2026-05-05T23:02:36Z INFO    [HIT] #84 r/BlackPeopleTwitter score=71777 comments=993 title='Rest In Paradise Kobe Bryant'
2026-05-05T23:02:36Z INFO    [HIT] #85 r/NoMansSkyTheGame score=4067 comments=162 title='After 9 years, I have finally found a paradise planet.'
2026-05-05T23:02:36Z INFO    [HIT] #86 r/80smemorylane score=3872 comments=60 title="Phoebe Cates in 'Paradise ' 1982"
2026-05-05T23:02:36Z INFO    [HIT] #87 r/videos score=30341 comments=2936 title='Jeopardy deducts money from contestant - "Gangsta\'s Paradise" not "Gangster\'s Paradise"'
2026-05-05T23:02:36Z INFO    [HIT] #88 r/anime score=5104 comments=851 title="Jigokuraku • Hell's Paradise - Episode 3 discussion"
2026-05-05T23:02:36Z INFO    [HIT] #89 r/news score=8344 comments=687 title="Coolio, rapper known for 'Gangsta's Paradise,' dies at 59, TMZ reports"
2026-05-05T23:02:36Z INFO    [HIT] #90 r/delta score=2049 comments=106 title='Oversold flights are paradise'
2026-05-05T23:02:36Z INFO    [HIT] #91 r/blursedimages score=6195 comments=79 title='Blursed Paradise'
2026-05-05T23:02:36Z INFO    [HIT] #92 r/TrueOffMyChest score=22263 comments=1114 title='TikTok is a pedophile paradise'
2026-05-05T23:02:36Z INFO    [HIT] #93 r/Awww score=6957 comments=62 title='Is this paradise?'
2026-05-05T23:02:36Z INFO    [HIT] #94 r/pics score=19526 comments=423 title='Coolio making peace with Weird Al after being upset with "Amish Paradise" in the 90s.'
2026-05-05T23:02:36Z INFO    [HIT] #95 r/anime score=5100 comments=804 title="Jigokuraku • Hell's Paradise - Episode 2 discussion"
2026-05-05T23:02:36Z INFO    [HIT] #96 r/NatureIsFuckingLit score=13514 comments=96 title='🔥 The Paradise flying snake'
2026-05-05T23:02:36Z INFO    [HIT] #97 r/Chainsawfolk score=4845 comments=70 title="Sagiri (hell's paradise) illustrated by Tatsuki Fujimoto"
2026-05-05T23:02:36Z INFO    [HIT] #98 r/NoMansSkyTheGame score=3321 comments=129 title='The paradise planet dream died the moment I saw this'
2026-05-05T23:02:36Z INFO    [WARNING] max-pages=1 reached for sort=relevance sub=all — more results exist
2026-05-05T23:02:36Z INFO    [PHASE] SEARCH r/all  sort=new  variant=head:Paradise
2026-05-05T23:02:40Z INFO    [REQUEST] GET https://www.reddit.com/search.json?q=Paradise&sort=new&limit=100&t=all&raw_json=1
2026-05-05T23:02:42Z INFO    [RESPONSE] 200 2011ms https://www.reddit.com/search.json?q=Paradise&sort=new&limit=100&t=all&raw_json=1
2026-05-05T23:02:42Z INFO    [HIT] #1 r/DieOfDeathRoblox score=3 comments=3 title='How to piss off the DOD fandom: list of things you can say (SOME ARE NOT MY OWN TOUGHTS THIS IS JUST A TUTORIAL)'
2026-05-05T23:02:42Z INFO    [HIT] #2 r/SiblingTravels score=1 comments=0 title='Dreamworld throwback'
2026-05-05T23:02:42Z INFO    [HIT] #3 r/sum41test score=1 comments=0 title='Concert Archives: This week in history May 05 - May 11'
2026-05-05T23:02:42Z INFO    [HIT] #4 r/AgeofMythology score=13 comments=0 title='Mesopotamian pantheon concept (Final version)'
2026-05-05T23:02:42Z INFO    [HIT] #5 r/Letterboxd score=3 comments=0 title='Finally had time to jolt down my thoughts on April watches'
2026-05-05T23:02:42Z INFO    [HIT] #6 r/AtlasEarthOfficial score=2 comments=2 title='How much do you really lose by not tier jumping?'
2026-05-05T23:02:42Z INFO    [HIT] #7 r/assam score=11 comments=7 title='what do you think about this? will he deliver his promised manifesto?'
2026-05-05T23:02:42Z INFO    [HIT] #8 r/poledancing score=31 comments=2 title='Got my first Ayesha to Bird of Paradise'
2026-05-05T23:02:42Z INFO    [HIT] #9 r/PuyoPuyoTetris score=1 comments=0 title='puyo puyo entranced, a companion peice to tereis effect'
2026-05-05T23:02:42Z INFO    [HIT] #10 r/GameTrade score=1 comments=0 title='[H] Leftovers (Priced) [W] Paypal (EU)'
2026-05-05T23:02:42Z INFO    [HIT] #11 r/indiegameswap score=1 comments=0 title='[H] Leftovers (Priced) [W] Paypal (EU)'
2026-05-05T23:02:42Z INFO    [HIT] #12 r/OCPoetry score=2 comments=3 title='I know no more'
2026-05-05T23:02:42Z INFO    [HIT] #13 r/tamagotchi score=3 comments=1 title='does anybody actually care about these?'
2026-05-05T23:02:42Z INFO    [HIT] #14 r/tamagotchi score=19 comments=42 title='new tamagotchi uni models ? !'
2026-05-05T23:02:42Z INFO    [HIT] #15 r/NMSCoordinateExchange score=2 comments=1 title='Beautiful Paradise Planet'
2026-05-05T23:02:42Z INFO    [HIT] #16 r/SeaHousing score=1 comments=1 title='Summer Sublease (UDistrict, Private Room, Female)'
2026-05-05T23:02:42Z INFO    [HIT] #17 r/Adulting score=44 comments=1 title='Another day in paradise'
2026-05-05T23:02:42Z INFO    [HIT] #18 r/humansarespaceorcs score=10 comments=2 title='Weird Skies'
2026-05-05T23:02:42Z INFO    [HIT] #19 r/u_MrGloryBeats score=1 comments=0 title='Hey Cabrera! & Marta Paradise! - Go By Night [BAP245]'
2026-05-05T23:02:42Z INFO    [HIT] #20 r/musicteenager score=11 comments=13 title='Lateralus wins! What great album has an okay album cover?'
2026-05-05T23:02:42Z INFO    [HIT] #21 r/u_ENGENE-100 score=1 comments=0 title='What do you think?...,'
2026-05-05T23:02:42Z INFO    [HIT] #22 r/fragranceswap score=1 comments=6 title='[WTS] Montabaco Intensivo, Argos TOB red juice, Zaharoff seraphim musk, boss private accord, D&G the one bundle, more! Plus tons of great 8 and 10 ml decants including vintage and new creed, roja oligarch, niche, designer, etc (decant) (Bottle)'
2026-05-05T23:02:42Z INFO    [HIT] #23 r/SteamGameSwap score=1 comments=9 title='[H] May Bundle & many others [W] Wishlist, Offers, Paypal'
2026-05-05T23:02:42Z INFO    [HIT] #24 r/indiegameswap score=1 comments=5 title='[H] May Bundle & many others [W] Wishlist, Offers, Paypal'
2026-05-05T23:02:42Z INFO    [HIT] #25 r/roleplaying score=1 comments=0 title='Double up anime rp!) romance.'
2026-05-05T23:02:42Z INFO    [HIT] #26 r/fragranceswap score=0 comments=8 title='[WTS] 🧪 Louis Vuitton / Tom Ford / MFK / Creed / PDM / Margiela / Le Labo / Jean Paul Gaultier & More 🧪 (Decant)'
2026-05-05T23:02:42Z INFO    [HIT] #27 r/Urantia_Book_Quotes score=1 comments=0 title='Humor also functions to lessen the shock of the unexpected impact of fact or of truth, rigid unyielding fact and flexible ever-living truth.'
2026-05-05T23:02:42Z INFO    [HIT] #28 r/vancouvercycling score=9 comments=14 title='Where is the "Riviera"'
2026-05-05T23:02:42Z INFO    [HIT] #29 r/Catholicism score=13 comments=14 title='This might be a strange question but is there a patron saint of saints?'
2026-05-05T23:02:42Z INFO    [HIT] #30 r/prose score=1 comments=0 title='Work, page 5. (preface in my profile).'
2026-05-05T23:02:42Z INFO    [HIT] #31 r/fo76 score=39 comments=10 title='Fallout 76 Daily Update'
2026-05-05T23:02:42Z INFO    [HIT] #32 r/NIKKEGoddessofVictory score=2 comments=0 title='Any Final Fantasy Fans? is the Star Anis event an inspirational retelling of the Stranger of Paradise narrative?'
2026-05-05T23:02:42Z INFO    [HIT] #33 r/2westerneurope4u score=6 comments=4 title='Flanders, paradise for left-handed cucks.'
2026-05-05T23:02:42Z INFO    [HIT] #34 r/PrivacyCompass score=1 comments=0 title='Best VPNs for Sweden'
2026-05-05T23:02:42Z INFO    [HIT] #35 r/NoMansSkyTheGame score=0 comments=16 title='Terraforming in NMS'
2026-05-05T23:02:42Z INFO    [HIT] #36 r/UmamusumeFFS score=4 comments=10 title='I shall show you salvation...'
2026-05-05T23:02:42Z INFO    [HIT] #37 r/sugarapplefairytale score=7 comments=2 title='SAFT Vol 19: Silver Sugar Master and the Indigo Paradise'
2026-05-05T23:02:42Z INFO    [HIT] #38 r/indiegameswap score=0 comments=1 title='[H] 1000+ games [W] Shin Megami Tensei V: Vengeance/Crysis 3 Remastered/Offers'
2026-05-05T23:02:42Z INFO    [HIT] #39 r/GameTrade score=0 comments=0 title='[H] 1000+ games [W] Shin Megami Tensei V: Vengeance/Crysis 3 Remastered/Offers'
2026-05-05T23:02:42Z INFO    [HIT] #40 r/beachboyscirclejerk score=6 comments=3 title='Did you guys know that Mike is apparently a pedophile now???'
2026-05-05T23:02:42Z INFO    [HIT] #41 r/fightsticks score=26 comments=0 title='Welcome to Paradise!'
2026-05-05T23:02:42Z INFO    [HIT] #42 r/1800slayyyter score=10 comments=10 title='day 10: which song from starfucker sounds most like troubled paradise?'
2026-05-05T23:02:42Z INFO    [HIT] #43 r/LifeAfterAlkaloids score=7 comments=2 title='My Experience'
2026-05-05T23:02:42Z INFO    [HIT] #44 r/UnsentLetters score=5 comments=1 title='Thought I Think You Should Know'
2026-05-05T23:02:42Z INFO    [HIT] #45 r/HouseMusic score=1 comments=0 title='Vibe Vortex · Episode 15 · DJ Maanu · Electro House Mix on JDK Radio · 11 Apr 2026'
2026-05-05T23:02:42Z INFO    [HIT] #46 r/Mixcloud score=2 comments=0 title='Vibe Vortex · Episode 15 · DJ Maanu · Electro House Mix on JDK Radio · 11 Apr 2026'
2026-05-05T23:02:42Z INFO    [HIT] #47 r/MixcloudMixes score=1 comments=0 title='Vibe Vortex · Episode 15 · DJ Maanu · Electro House Mix on JDK Radio · 11 Apr 2026'
2026-05-05T23:02:42Z INFO    [HIT] #48 r/StJohnsNL score=41 comments=5 title='CINCO DE MAYO!'
2026-05-05T23:02:42Z INFO    [HIT] #49 r/CookierunKingdom score=1 comments=1 title='All my cookies I have'
2026-05-05T23:02:42Z INFO    [HIT] #50 r/travelingineurope score=1 comments=0 title='How to visit Acheron Springs: An easy and complete guide'
2026-05-05T23:02:42Z INFO    [HIT] #51 r/friendship score=0 comments=2 title='About An Old Friend'
2026-05-05T23:02:42Z INFO    [HIT] #52 r/Caribbean score=1 comments=0 title='Beyond the Resort: 5 ways to see a different side of Nassau & Paradise Island'
2026-05-05T23:02:42Z INFO    [HIT] #53 r/u_NassauParadiseIsland score=1 comments=0 title='Where to find the best Mexican food in Nassau & Paradise Island'
2026-05-05T23:02:42Z INFO    [HIT] #54 r/OnePiecePowerScaling score=3 comments=16 title='Daz Bones has been placed in the Topi Roppo Tier, what tier does Glandio (Mr. 3) belong in?'
2026-05-05T23:02:42Z INFO    [HIT] #55 r/Nintendo3DS score=27 comments=12 title='Day 16: Which is the Best Sports Game on the Nintendo 3DS?'
2026-05-05T23:02:42Z INFO    [HIT] #56 r/indiegameswap score=1 comments=0 title='[H] Fanatical steam keys [W] Offers, steam keys'
2026-05-05T23:02:42Z INFO    [HIT] #57 r/GamingSoup score=2 comments=0 title='My list, avoiding repeats'
2026-05-05T23:02:42Z INFO    [HIT] #58 r/manipal score=1 comments=0 title='How is Mandavi paradise ? reviews and insights. possibility of sneak ins and all ?'
2026-05-05T23:02:42Z INFO    [HIT] #59 r/TechGawker score=2 comments=0 title='Roger Avary is adapting Milton’s Paradise Lost with an AI-oriented studio, and the backlash is already writing itself'
2026-05-05T23:02:42Z INFO    [HIT] #60 r/DigitalCodeSELL score=2 comments=34 title='(SELLING) A Lot Of 4Ks,  Dogma 4K, Weapons 4K, Bugonia 4K and more'
2026-05-05T23:02:42Z INFO    [HIT] #61 r/Permaculture score=9 comments=5 title='Planting trees between septic tank and leech field'
2026-05-05T23:02:42Z INFO    [HIT] #62 r/TheEntertainmentMix score=3 comments=0 title='The Met Gala Is Now Paradise For AI Grifters'
2026-05-05T23:02:42Z INFO    [HIT] #63 r/travel score=97 comments=3 title='Seoul, Korea trip report and recommendations'
2026-05-05T23:02:42Z INFO    [HIT] #64 r/APLit score=1 comments=0 title='I would appreciate a grading on this last minute poetry analysis, thanks!'
2026-05-05T23:02:42Z INFO    [HIT] #65 r/VisualStudio score=3 comments=1 title='Visual Studio 2026, Creating Custom IDE theme.'
2026-05-05T23:02:42Z INFO    [HIT] #66 r/WouldYouRather score=29 comments=29 title='WYR live to 120 years, become semi-immortal on Earth or become fully immortal in Heaven?'
2026-05-05T23:02:42Z INFO    [HIT] #67 r/lioden score=1 comments=0 title='Low gen Hybrid heats'
2026-05-05T23:02:42Z INFO    [HIT] #68 r/BlueArchive score=82 comments=10 title='Eden Treaty’s story is honestly amazing'
2026-05-05T23:02:42Z INFO    [HIT] #69 r/officialcookingfever score=2 comments=3 title='how would you rank these restaurants in terms of difficulty to 3-star and upgrade cost?'
2026-05-05T23:02:42Z INFO    [HIT] #70 r/DRYCLEANINGband score=1 comments=1 title='2 tickets for Dry Cleaning - Paradise Boston 5/5/26 for sale'
2026-05-05T23:02:42Z INFO    [HIT] #71 r/inkarnate score=9 comments=1 title='Need advice for map'
2026-05-05T23:02:42Z INFO    [HIT] #72 r/Nioh score=0 comments=41 title='Nioh 2 or stranger of paradise'
2026-05-05T23:02:42Z INFO    [HIT] #73 r/ghaziabad score=1 comments=1 title='How much rent for 3bhk in windsor paradise 2 raj Nagar extension ?'
2026-05-05T23:02:42Z INFO    [HIT] #74 r/weekendgolfers score=11 comments=7 title='One birdie!'
2026-05-05T23:02:42Z INFO    [HIT] #75 r/TarjaTurunen score=12 comments=7 title='Songs chart game (27th round) - which song represents From Spirits And Ghosts the best?'
2026-05-05T23:02:42Z INFO    [HIT] #76 r/IndiaFragMarketplace score=1 comments=2 title='ISO of testers - Valentino Uomo Born In Roma EDT, CH Bad Boy Cobalt EDT/EDP, CH Phantom EDT, JPG Paradise Garden 75ml'
2026-05-05T23:02:42Z INFO    [HIT] #77 r/Logic_301 score=8 comments=2 title='Paradise Records Thoughts'
2026-05-05T23:02:42Z INFO    [HIT] #78 r/datealive score=55 comments=4 title='Date A Birthday Merchandise Corner at Volks Akihabara Hobby Paradise 2 (Photos by store)'
2026-05-05T23:02:42Z INFO    [HIT] #79 r/fragranceswap score=5 comments=3 title='[WTS] New themed sets to get your dopamine fix! Lots of feminine and unisex scents to test out, new arrivals from DS&Durga, Argos, Liis (including the newest release!), House of Bo, and more! Decants available in 2mL, 5mL, and some 10mL sizes. Plus storage for all your treasures! (Decant)'
2026-05-05T23:02:42Z INFO    [HIT] #80 r/NMSCoordinateExchange score=3 comments=1 title='empty paradise'
2026-05-05T23:02:42Z INFO    [HIT] #81 r/G59 score=5 comments=17 title="What's Yalls Favortie Songs and/or Album by Scrim?"
2026-05-05T23:02:42Z INFO    [HIT] #82 r/MyAnimeList score=14 comments=5 title='One of the most unique list for sure'
2026-05-05T23:02:42Z INFO    [HIT] #83 r/ClashOfClansRecruit score=1 comments=0 title='[Recruiting] | #2LRV2QRC9 | lvl -9 | war/cwl | clan name - war paradise | th-15+'
2026-05-05T23:02:42Z INFO    [HIT] #84 r/u_ClubParadiseNL score=1 comments=0 title='Paradise Uncovered: Glow Garden'
2026-05-05T23:02:42Z INFO    [HIT] #85 r/berkeleyca score=10 comments=34 title='Natural coastal Redwood stands in Berkeley'
2026-05-05T23:02:42Z INFO    [HIT] #86 r/Muslim score=3 comments=0 title='Reminder'
2026-05-05T23:02:42Z INFO    [HIT] #87 r/Philosophy_of_Languag score=3 comments=2 title='Why is Tom Bombadil so powerful?'
2026-05-05T23:02:42Z INFO    [HIT] #88 r/TopCharacterTropes score=7 comments=3 title='A utopian place for a persecuted minority'
2026-05-05T23:02:42Z INFO    [HIT] #89 r/virginislands score=2 comments=16 title='Itinerary'
2026-05-05T23:02:42Z INFO    [HIT] #90 r/Chainsawfolk score=7 comments=5 title='The bar wasn’t even that high and I felt satisfied'
2026-05-05T23:02:42Z INFO    [HIT] #91 r/Animemes score=102 comments=15 title='The bar wasn’t even that high and I felt satisfied'
2026-05-05T23:02:42Z INFO    [HIT] #92 r/MusicgenreChallenges score=1 comments=0 title='My Lyric Challenge'
2026-05-05T23:02:42Z INFO    [HIT] #93 r/shounenfolk score=38 comments=7 title='The bar wasn’t even that high and I felt satisfied'
2026-05-05T23:02:42Z INFO    [HIT] #94 r/Epicthemusical score=17 comments=34 title='Okay, so This isnt an opinion post about the whole calypso thing, its an analysis about a detail, so please dont take it down as an "oh calypso was" post.'
2026-05-05T23:02:42Z INFO    [HIT] #95 r/NCL score=3 comments=3 title='Klaipeda excursions?'
2026-05-05T23:02:42Z INFO    [HIT] #96 r/Helldivers score=3 comments=4 title='Vacations on paradise worlds'
2026-05-05T23:02:42Z INFO    [HIT] #97 r/Anime2020s score=131 comments=6 title='Hell’s Paradise (2023)'
2026-05-05T23:02:42Z INFO    [HIT] #98 r/JordanPeterson score=3 comments=1 title='The No-Vision Option Doesn\'t Exist (And what I finally learned about the "Walled Garden")'
2026-05-05T23:02:42Z INFO    [HIT] #99 r/inearfidelity score=8 comments=0 title='NiceHCK 10th Anniversary DSP: Without PEQ, there is no paradise.'
2026-05-05T23:02:42Z INFO    [HIT] #100 r/iems score=2 comments=3 title='NiceHCK 10th Anniversary DSP: Without PEQ, there is no paradise.'
2026-05-05T23:02:42Z INFO    [WARNING] max-pages=1 reached for sort=new sub=all — more results exist
2026-05-05T23:02:42Z INFO    [PHASE] SEARCH r/Olevels  sort=relevance  variant=head:Paradise
2026-05-05T23:02:46Z INFO    [REQUEST] GET https://www.reddit.com/r/Olevels/search.json?q=Paradise&sort=relevance&limit=100&t=all&raw_json=1&restrict_sr=1
2026-05-05T23:02:46Z INFO    [RESPONSE] 200 495ms https://www.reddit.com/r/Olevels/search.json?q=Paradise&sort=relevance&limit=100&t=all&raw_json=1&restrict_sr=1
2026-05-05T23:02:46Z INFO    [HIT] #1 r/Olevels score=1 comments=14 title='In Islamabad paradise complex expressway they changed the venue and are telling the students to go to the new venue at the literal door. f u Cambridge.😡'
2026-05-05T23:02:46Z INFO    [HIT] #2 r/Olevels score=2 comments=7 title='PARADISE COMPLEX'
2026-05-05T23:02:46Z INFO    [HIT] #3 r/Olevels score=5 comments=3 title='Is any road to Paradise complex open?'
2026-05-05T23:02:46Z INFO    [HIT] #4 r/Olevels score=1 comments=5 title='Mark my answer out of 10'
2026-05-05T23:02:46Z INFO    [HIT] #5 r/Olevels score=2 comments=3 title='The center situation in islamabad'
2026-05-05T23:02:46Z INFO    [HIT] #6 r/Olevels score=2 comments=2 title='Anyone who wants some questions to practice for the olevs exams take a look'
2026-05-05T23:02:46Z INFO    [HIT] #7 r/Olevels score=1 comments=14 title='PLS HELPPP'
2026-05-05T23:02:46Z INFO    [HIT] #8 r/Olevels score=1 comments=11 title='Centre PK100'
2026-05-05T23:02:46Z INFO    [HIT] #9 r/Olevels score=2 comments=5 title='Mark Isl 4 marker'
2026-05-05T23:02:46Z INFO    [HIT] #10 r/Olevels score=2 comments=1 title='Islamiyat'
2026-05-05T23:02:46Z INFO    [HIT] #11 r/Olevels score=5 comments=9 title='Bio planning ms'
2026-05-05T23:02:46Z INFO    [HIT] #12 r/Olevels score=2 comments=6 title='Which answer is better and likely to score full marks in Quranic passages .'
2026-05-05T23:02:46Z INFO    [HIT] #13 r/Olevels score=2 comments=13 title="I don't want the paper to get cancelled 😭!"
2026-05-05T23:02:46Z INFO    [HIT] #14 r/Olevels score=5 comments=6 title='anyone else got this email?'
2026-05-05T23:02:46Z INFO    [HIT] #15 r/Olevels score=1 comments=7 title='centre pk100'
2026-05-05T23:02:46Z INFO    [PHASE] SEARCH r/igcse  sort=relevance  variant=head:Paradise
2026-05-05T23:02:50Z INFO    [REQUEST] GET https://www.reddit.com/r/igcse/search.json?q=Paradise&sort=relevance&limit=100&t=all&raw_json=1&restrict_sr=1
2026-05-05T23:02:51Z INFO    [RESPONSE] 200 532ms https://www.reddit.com/r/igcse/search.json?q=Paradise&sort=relevance&limit=100&t=all&raw_json=1&restrict_sr=1
2026-05-05T23:02:51Z INFO    [HIT] #1 r/igcse score=2 comments=2 title='In Islamabad paradise complex expressway they changed the venue and are telling the students to go to the new venue at the literal door. f u Cambridge.😡'
2026-05-05T23:02:51Z INFO    [HIT] #2 r/igcse score=1 comments=1 title='Is everyone’s Center for phy 0625 paradise complex or have I been told sm wrong???'
2026-05-05T23:02:51Z INFO    [HIT] #3 r/igcse score=1 comments=0 title='PARADISE COMPLEX'
2026-05-05T23:02:51Z INFO    [HIT] #4 r/igcse score=135 comments=54 title='29th April mismanagement of exam centre math exam'
2026-05-05T23:02:51Z INFO    [HIT] #5 r/igcse score=15 comments=9 title='p41 0610'
2026-05-05T23:02:51Z INFO    [HIT] #6 r/igcse score=1 comments=1 title='Exam venue of physics MCQ paper in IGCSE in Pakistan'
2026-05-05T23:02:51Z INFO    [HIT] #7 r/igcse score=2 comments=20 title='YOO Anyone from Islamabad/Rawalpindi (Pakistan) got their exam on Monday? (0620/42)'
2026-05-05T23:02:51Z INFO    [HIT] #8 r/igcse score=1 comments=1 title='HELP ME FOR THE SAKE OF ALLAH!!!'
2026-05-05T23:02:51Z INFO    [HIT] #9 r/igcse score=3 comments=0 title='Any Fb for Descriptive writing?'
2026-05-05T23:02:51Z INFO    [HIT] #10 r/igcse score=1 comments=5 title='ICT IGCSE document production help!!!'
2026-05-05T23:02:51Z INFO    [HIT] #11 r/igcse score=3 comments=2 title='Is anyone doing sound of waves for world lit?'
2026-05-05T23:02:51Z INFO    [HIT] #12 r/igcse score=10 comments=2 title='How much marks would i get for this essay? (English EFL IGCSE)'
2026-05-05T23:02:51Z INFO    [HIT] #13 r/igcse score=1 comments=2 title='How much marks can I get for this essay?? (Engliah first language) igcse'
2026-05-05T23:02:51Z INFO    [PHASE] SEARCH r/IGCSE_helps  sort=relevance  variant=head:Paradise
2026-05-05T23:02:55Z INFO    [REQUEST] GET https://www.reddit.com/r/IGCSE_helps/search.json?q=Paradise&sort=relevance&limit=100&t=all&raw_json=1&restrict_sr=1
2026-05-05T23:02:55Z INFO    [RESPONSE] 200 423ms https://www.reddit.com/r/IGCSE_helps/search.json?q=Paradise&sort=relevance&limit=100&t=all&raw_json=1&restrict_sr=1
2026-05-05T23:02:55Z INFO    [PHASE] SEARCH r/Alevel  sort=relevance  variant=head:Paradise
2026-05-05T23:02:59Z INFO    [REQUEST] GET https://www.reddit.com/r/Alevel/search.json?q=Paradise&sort=relevance&limit=100&t=all&raw_json=1&restrict_sr=1
2026-05-05T23:03:00Z INFO    [RESPONSE] 200 442ms https://www.reddit.com/r/Alevel/search.json?q=Paradise&sort=relevance&limit=100&t=all&raw_json=1&restrict_sr=1
2026-05-05T23:03:00Z INFO    [HIT] #1 r/alevel score=0 comments=1 title='OCR paradise lost help'
2026-05-05T23:03:00Z INFO    [HIT] #2 r/alevel score=38 comments=51 title='9709/12 CRAZY'
2026-05-05T23:03:00Z INFO    [HIT] #3 r/alevel score=10 comments=4 title='1 DAY😭😭😭🙏🏻🙏🏻😭'
2026-05-05T23:03:00Z INFO    [HIT] #4 r/alevel score=2 comments=1 title='OCR a level english lit predictions??'
2026-05-05T23:03:00Z INFO    [HIT] #5 r/alevel score=3 comments=9 title='Halat for tmrw?'
2026-05-05T23:03:00Z INFO    [HIT] #6 r/alevel score=2 comments=5 title='So how are you all planning to reach the exam centre'
2026-05-05T23:03:00Z INFO    [HIT] #7 r/alevel score=5 comments=9 title='SCAMMERS‼️‼️‼️‼️‼️'
2026-05-05T23:03:00Z INFO    [HIT] #8 r/alevel score=4 comments=9 title='GOT SCAMMED'
2026-05-05T23:03:00Z INFO    [HIT] #9 r/alevel score=17 comments=5 title='STOP BUYING L3AK$ FROM DISCORD'
2026-05-05T23:03:00Z INFO    [HIT] #10 r/alevel score=2 comments=4 title='History and English Literature - how are they?'
2026-05-05T23:03:00Z INFO    [HIT] #11 r/alevel score=1 comments=1 title='if anyone’s doing frankenstein in english lit can u clarify something for me 🙏'
2026-05-05T23:03:00Z INFO    [HIT] #12 r/alevel score=2 comments=3 title='Maths & Physics in the twin cities.'
2026-05-05T23:03:00Z INFO    [HIT] #13 r/alevel score=2 comments=2 title='English lit OCR A level help'
2026-05-05T23:03:00Z INFO    [PHASE] SEARCH r/Alevels  sort=relevance  variant=head:Paradise
2026-05-05T23:03:04Z INFO    [REQUEST] GET https://www.reddit.com/r/Alevels/search.json?q=Paradise&sort=relevance&limit=100&t=all&raw_json=1&restrict_sr=1
2026-05-05T23:03:04Z INFO    [RESPONSE] 200 333ms https://www.reddit.com/r/Alevels/search.json?q=Paradise&sort=relevance&limit=100&t=all&raw_json=1&restrict_sr=1
2026-05-05T23:03:04Z INFO    [HIT] #1 r/alevels score=1 comments=0 title='Anyone do edexel economics option A, AQA Religious studies or OCR English (Handmaids Tale, 1984, 12th night, Dolls House, Paradise Lost)??'
2026-05-05T23:03:04Z INFO    [HIT] #2 r/alevels score=4 comments=33 title='M1 le@ked?'
2026-05-05T23:03:04Z INFO    [HIT] #3 r/alevels score=68 comments=23 title='M1'
2026-05-05T23:03:04Z INFO    [HIT] #4 r/alevels score=2 comments=13 title='These people are selling le@ks.'
2026-05-05T23:03:04Z INFO    [HIT] #5 r/alevels score=1 comments=9 title='legitimate'
2026-05-05T23:03:04Z INFO    [HIT] #6 r/alevels score=0 comments=0 title='OCR a level english lit predictions??'
2026-05-05T23:03:04Z INFO    [HIT] #7 r/alevels score=5 comments=29 title='9609/12 AS LEVEL BUSINESS'
2026-05-05T23:03:04Z INFO    [PHASE] SEARCH r/GCSE  sort=relevance  variant=head:Paradise
2026-05-05T23:03:08Z INFO    [REQUEST] GET https://www.reddit.com/r/GCSE/search.json?q=Paradise&sort=relevance&limit=100&t=all&raw_json=1&restrict_sr=1
2026-05-05T23:03:09Z INFO    [RESPONSE] 200 697ms https://www.reddit.com/r/GCSE/search.json?q=Paradise&sort=relevance&limit=100&t=all&raw_json=1&restrict_sr=1
2026-05-05T23:03:09Z INFO    [HIT] #1 r/GCSE score=23 comments=6 title='Had Gangsta’s Paradise in my head the whole exam'
2026-05-05T23:03:09Z INFO    [HIT] #2 r/GCSE score=46 comments=1 title="A Gangsta's paradise parody for all you war and conflict poetry students"
2026-05-05T23:03:09Z INFO    [HIT] #3 r/GCSE score=2 comments=14 title='Worlds and Lives Ranking'
2026-05-05T23:03:09Z INFO    [HIT] #4 r/GCSE score=1 comments=21 title='Worlds and Lives tier list'
2026-05-05T23:03:09Z INFO    [HIT] #5 r/GCSE score=7 comments=61 title="Guys, drop your article headlines. I'm hella curious. (aqa lang paper 2 but everyone is welcome)"
2026-05-05T23:03:09Z INFO    [HIT] #6 r/GCSE score=6 comments=10 title='Day 2: Worst Question in English Language?'
2026-05-05T23:03:09Z INFO    [HIT] #7 r/GCSE score=3 comments=7 title='Poetry : worlds and lives comparisons'
2026-05-05T23:03:09Z INFO    [HIT] #8 r/GCSE score=180 comments=11 title='Watching the sunrise before results day has to be a top 10 experience of all time'
2026-05-05T23:03:09Z INFO    [HIT] #9 r/GCSE score=2 comments=0 title='Worlds And Lives'
2026-05-05T23:03:09Z INFO    [HIT] #10 r/GCSE score=87 comments=27 title='AQA'
2026-05-05T23:03:09Z INFO    [HIT] #11 r/GCSE score=1 comments=7 title='Chat am I cooked'
2026-05-05T23:03:09Z INFO    [HIT] #12 r/GCSE score=6 comments=4 title='how my school felt after picking worlds and lives instead of power and conflict just to be different'
2026-05-05T23:03:09Z INFO    [HIT] #13 r/GCSE score=2 comments=6 title='RATE MY STUDY PLAYLIST!!'
2026-05-05T23:03:09Z INFO    [HIT] #14 r/GCSE score=4 comments=3 title='Rate my creative writing'
2026-05-05T23:03:09Z INFO    [HIT] #15 r/GCSE score=6 comments=1 title='aita for not doing anything about the pollution on a beach?'
2026-05-05T23:03:09Z INFO    [HIT] #16 r/GCSE score=2 comments=0 title='Last Song before physics'
2026-05-05T23:03:09Z INFO    [HIT] #17 r/GCSE score=3 comments=3 title='Would this be good for an English GCSE exam?'
2026-05-05T23:03:09Z INFO    [HIT] #18 r/GCSE score=3 comments=3 title='Are intertextual references counted as context in English Literature?'
2026-05-05T23:03:09Z INFO    [HIT] #19 r/GCSE score=4 comments=8 title='can someone take a look at my eng lang paragraph?'
2026-05-05T23:03:09Z INFO    [HIT] #20 r/GCSE score=2 comments=3 title='Can I please receive feedback and a rough estimate of my mark for my English Literature essay?'
2026-05-05T23:03:09Z INFO    [HIT] #21 r/GCSE score=2 comments=2 title='Need some feedback for English Creative Writing'
2026-05-05T23:03:09Z INFO    [HIT] #22 r/GCSE score=4 comments=4 title='RE islam?'
2026-05-05T23:03:09Z INFO    [HIT] #23 r/GCSE score=1 comments=10 title='What do you think about my question 5 English language practice answer?'
2026-05-05T23:03:09Z INFO    [PHASE] SEARCH r/6thForm  sort=relevance  variant=head:Paradise
2026-05-05T23:03:13Z INFO    [REQUEST] GET https://www.reddit.com/r/6thForm/search.json?q=Paradise&sort=relevance&limit=100&t=all&raw_json=1&restrict_sr=1
2026-05-05T23:03:13Z INFO    [RESPONSE] 200 508ms https://www.reddit.com/r/6thForm/search.json?q=Paradise&sort=relevance&limit=100&t=all&raw_json=1&restrict_sr=1
2026-05-05T23:03:13Z INFO    [HIT] #1 r/6thForm score=9 comments=11 title='UCL and(not vs) Warwick.'
2026-05-05T23:03:13Z INFO    [HIT] #2 r/6thForm score=42 comments=74 title='What are your summer year 13 plans ?'
2026-05-05T23:03:13Z INFO    [HIT] #3 r/6thForm score=4 comments=5 title='Anyone applying to Balliol for history? Any current undergrads?'
2026-05-05T23:03:13Z INFO    [HIT] #4 r/6thForm score=40 comments=26 title='results'
2026-05-05T23:03:13Z INFO    [HIT] #5 r/6thForm score=3 comments=0 title='bits and pieces of advice for the y12s (soon to be y13s)'
2026-05-05T23:03:13Z INFO    [HIT] #6 r/6thForm score=1 comments=2 title='History and English Literature - how are they?'
2026-05-05T23:03:13Z INFO    [HIT] #7 r/6thForm score=3 comments=8 title='What alevels should I pick?'
2026-05-05T23:03:13Z INFO    [HIT] #8 r/6thForm score=1 comments=3 title='Please help for OCR English literature 🙏🙏🙏'
2026-05-05T23:03:13Z INFO    [HIT] #9 r/6thForm score=9 comments=5 title='Is St Peter’s Oxford good?'
2026-05-05T23:03:13Z INFO    [HIT] #10 r/6thForm score=3 comments=1 title='Can somebody mark my eng lit essay please?'
2026-05-05T23:03:13Z INFO    [HIT] #11 r/6thForm score=116 comments=18 title="Something for the new year 12's"
2026-05-05T23:03:13Z INFO    [HIT] #12 r/6thForm score=7 comments=2 title='Why do people say UCL has a campus?'
2026-05-05T23:03:13Z INFO    [HIT] #13 r/6thForm score=2 comments=0 title='English literature drama & poetry'
2026-05-05T23:03:13Z INFO    [HIT] #14 r/6thForm score=4 comments=1 title='How can I learn to spot intertextual references in my literature texts?'
2026-05-05T23:03:13Z INFO    [HIT] #15 r/6thForm score=3 comments=4 title='OCR English Drama & Poetry Ibsen/Milton and Hamlet'
2026-05-05T23:03:13Z INFO    [HIT] #16 r/6thForm score=2 comments=0 title='Revision guides for AS-Level English Literature'
2026-05-05T23:03:13Z INFO    [SECTION] PHASE 2 — FETCH-COMMENTS
2026-05-05T23:03:13Z INFO    [PHASE] FETCH-COMMENTS 476 unique post(s)
2026-05-05T23:03:17Z INFO    [REQUEST] GET https://www.reddit.com/comments/1t1v7h5.json?raw_json=1&limit=50
2026-05-05T23:03:17Z INFO    [RESPONSE] 200 380ms https://www.reddit.com/comments/1t1v7h5.json?raw_json=1&limit=50
2026-05-05T23:03:17Z INFO    [INFO] r/alevels  1t1v7h5  +7 comment(s)
2026-05-05T23:03:21Z INFO    [REQUEST] GET https://www.reddit.com/comments/1syfbu9.json?raw_json=1&limit=50
2026-05-05T23:03:22Z INFO    [RESPONSE] 200 341ms https://www.reddit.com/comments/1syfbu9.json?raw_json=1&limit=50
2026-05-05T23:03:22Z INFO    [INFO] r/alevels  1syfbu9  +3 comment(s)
2026-05-05T23:03:26Z INFO    [REQUEST] GET https://www.reddit.com/comments/7bega6.json?raw_json=1&limit=50
2026-05-05T23:03:26Z INFO    [RESPONSE] 200 571ms https://www.reddit.com/comments/7bega6.json?raw_json=1&limit=50
2026-05-05T23:03:26Z INFO    [INFO] r/Libertarian  7bega6  +7 comment(s)
2026-05-05T23:03:30Z INFO    [REQUEST] GET https://www.reddit.com/comments/1rkzhy9.json?raw_json=1&limit=50
2026-05-05T23:03:31Z INFO    [RESPONSE] 200 273ms https://www.reddit.com/comments/1rkzhy9.json?raw_json=1&limit=50
2026-05-05T23:03:31Z INFO    [INFO] r/Epstein  1rkzhy9  +5 comment(s)
2026-05-05T23:03:35Z INFO    [REQUEST] GET https://www.reddit.com/comments/7b7clr.json?raw_json=1&limit=50
2026-05-05T23:03:35Z INFO    [RESPONSE] 200 802ms https://www.reddit.com/comments/7b7clr.json?raw_json=1&limit=50
2026-05-05T23:03:35Z INFO    [INFO] r/worldnews  7b7clr  +19 comment(s)
2026-05-05T23:03:39Z INFO    [REQUEST] GET https://www.reddit.com/comments/7az4ok.json?raw_json=1&limit=50
2026-05-05T23:03:40Z INFO    [RESPONSE] 200 958ms https://www.reddit.com/comments/7az4ok.json?raw_json=1&limit=50
2026-05-05T23:03:40Z INFO    [INFO] r/worldnews  7az4ok  +17 comment(s)
2026-05-05T23:03:44Z INFO    [REQUEST] GET https://www.reddit.com/comments/7b7e5i.json?raw_json=1&limit=50
2026-05-05T23:03:45Z INFO    [RESPONSE] 200 702ms https://www.reddit.com/comments/7b7e5i.json?raw_json=1&limit=50
2026-05-05T23:03:45Z INFO    [INFO] r/AdviceAnimals  7b7e5i  +9 comment(s)
2026-05-05T23:03:49Z INFO    [REQUEST] GET https://www.reddit.com/comments/ae20cn.json?raw_json=1&limit=50
2026-05-05T23:03:52Z INFO    [RESPONSE] 200 3046ms https://www.reddit.com/comments/ae20cn.json?raw_json=1&limit=50
2026-05-05T23:03:52Z INFO    [INFO] r/worldnews  ae20cn  +10 comment(s)
2026-05-05T23:03:56Z INFO    [REQUEST] GET https://www.reddit.com/comments/7c4yu1.json?raw_json=1&limit=50
2026-05-05T23:03:57Z INFO    [RESPONSE] 200 751ms https://www.reddit.com/comments/7c4yu1.json?raw_json=1&limit=50
2026-05-05T23:03:57Z INFO    [INFO] r/worldnews  7c4yu1  +9 comment(s)
2026-05-05T23:04:01Z INFO    [REQUEST] GET https://www.reddit.com/comments/7ba5dx.json?raw_json=1&limit=50
2026-05-05T23:04:02Z INFO    [RESPONSE] 200 959ms https://www.reddit.com/comments/7ba5dx.json?raw_json=1&limit=50
2026-05-05T23:04:02Z INFO    [INFO] r/politics  7ba5dx  +11 comment(s)
2026-05-05T23:04:06Z INFO    [REQUEST] GET https://www.reddit.com/comments/xxw0xw.json?raw_json=1&limit=50
2026-05-05T23:04:07Z INFO    [RESPONSE] 200 729ms https://www.reddit.com/comments/xxw0xw.json?raw_json=1&limit=50
2026-05-05T23:04:07Z INFO    [INFO] r/canada  xxw0xw  +17 comment(s)
2026-05-05T23:04:11Z INFO    [REQUEST] GET https://www.reddit.com/comments/7azihn.json?raw_json=1&limit=50
2026-05-05T23:04:11Z INFO    [RESPONSE] 200 615ms https://www.reddit.com/comments/7azihn.json?raw_json=1&limit=50
2026-05-05T23:04:11Z INFO    [INFO] r/conspiracy  7azihn  +12 comment(s)
2026-05-05T23:04:15Z INFO    [REQUEST] GET https://www.reddit.com/comments/7az466.json?raw_json=1&limit=50
2026-05-05T23:04:16Z INFO    [RESPONSE] 200 840ms https://www.reddit.com/comments/7az466.json?raw_json=1&limit=50
2026-05-05T23:04:16Z INFO    [INFO] r/news  7az466  +10 comment(s)
2026-05-05T23:04:20Z INFO    [REQUEST] GET https://www.reddit.com/comments/7b9kz1.json?raw_json=1&limit=50
2026-05-05T23:04:21Z INFO    [RESPONSE] 200 936ms https://www.reddit.com/comments/7b9kz1.json?raw_json=1&limit=50
2026-05-05T23:04:21Z INFO    [INFO] r/OutOfTheLoop  7b9kz1  +6 comment(s)
2026-05-05T23:04:25Z INFO    [REQUEST] GET https://www.reddit.com/comments/7dzzeq.json?raw_json=1&limit=50
2026-05-05T23:04:26Z INFO    [RESPONSE] 200 724ms https://www.reddit.com/comments/7dzzeq.json?raw_json=1&limit=50
2026-05-05T23:04:26Z INFO    [INFO] r/politics  7dzzeq  +15 comment(s)
2026-05-05T23:04:30Z INFO    [REQUEST] GET https://www.reddit.com/comments/7bder7.json?raw_json=1&limit=50
2026-05-05T23:04:30Z INFO    [RESPONSE] 200 606ms https://www.reddit.com/comments/7bder7.json?raw_json=1&limit=50
2026-05-05T23:04:30Z INFO    [INFO] r/dataisbeautiful  7bder7  +8 comment(s)
2026-05-05T23:04:34Z INFO    [REQUEST] GET https://www.reddit.com/comments/7b6t0y.json?raw_json=1&limit=50
2026-05-05T23:04:35Z INFO    [RESPONSE] 200 973ms https://www.reddit.com/comments/7b6t0y.json?raw_json=1&limit=50
2026-05-05T23:04:35Z INFO    [INFO] r/politics  7b6t0y  +11 comment(s)
2026-05-05T23:04:39Z INFO    [REQUEST] GET https://www.reddit.com/comments/7by6ar.json?raw_json=1&limit=50
2026-05-05T23:04:40Z INFO    [RESPONSE] 200 801ms https://www.reddit.com/comments/7by6ar.json?raw_json=1&limit=50
2026-05-05T23:04:40Z INFO    [INFO] r/canada  7by6ar  +16 comment(s)
2026-05-05T23:04:44Z INFO    [REQUEST] GET https://www.reddit.com/comments/89gtqn.json?raw_json=1&limit=50
2026-05-05T23:04:45Z INFO    [RESPONSE] 200 691ms https://www.reddit.com/comments/89gtqn.json?raw_json=1&limit=50
2026-05-05T23:04:45Z INFO    [INFO] r/IAmA  89gtqn  +30 comment(s)
2026-05-05T23:04:49Z INFO    [REQUEST] GET https://www.reddit.com/comments/7az80v.json?raw_json=1&limit=50
2026-05-05T23:04:50Z INFO    [RESPONSE] 200 858ms https://www.reddit.com/comments/7az80v.json?raw_json=1&limit=50
2026-05-05T23:04:50Z INFO    [INFO] r/worldnews  7az80v  +12 comment(s)
2026-05-05T23:04:54Z INFO    [REQUEST] GET https://www.reddit.com/comments/7btfd3.json?raw_json=1&limit=50
2026-05-05T23:04:54Z INFO    [RESPONSE] 200 717ms https://www.reddit.com/comments/7btfd3.json?raw_json=1&limit=50
2026-05-05T23:04:54Z INFO    [INFO] r/politics  7btfd3  +9 comment(s)
2026-05-05T23:04:58Z INFO    [REQUEST] GET https://www.reddit.com/comments/7azd7d.json?raw_json=1&limit=50
2026-05-05T23:04:59Z INFO    [RESPONSE] 200 941ms https://www.reddit.com/comments/7azd7d.json?raw_json=1&limit=50
2026-05-05T23:04:59Z INFO    [INFO] r/Economics  7azd7d  +8 comment(s)
2026-05-05T23:05:03Z INFO    [REQUEST] GET https://www.reddit.com/comments/7bd6yj.json?raw_json=1&limit=50
2026-05-05T23:05:04Z INFO    [RESPONSE] 200 766ms https://www.reddit.com/comments/7bd6yj.json?raw_json=1&limit=50
2026-05-05T23:05:04Z INFO    [INFO] r/worldnews  7bd6yj  +8 comment(s)
2026-05-05T23:05:08Z INFO    [REQUEST] GET https://www.reddit.com/comments/7az4ng.json?raw_json=1&limit=50
2026-05-05T23:05:09Z INFO    [RESPONSE] 200 850ms https://www.reddit.com/comments/7az4ng.json?raw_json=1&limit=50
2026-05-05T23:05:09Z INFO    [INFO] r/ukpolitics  7az4ng  +11 comment(s)
2026-05-05T23:05:13Z INFO    [REQUEST] GET https://www.reddit.com/comments/7b4tyt.json?raw_json=1&limit=50
2026-05-05T23:05:14Z INFO    [RESPONSE] 200 841ms https://www.reddit.com/comments/7b4tyt.json?raw_json=1&limit=50
2026-05-05T23:05:14Z INFO    [INFO] r/formula1  7b4tyt  +10 comment(s)
2026-05-05T23:05:18Z INFO    [REQUEST] GET https://www.reddit.com/comments/7bfvll.json?raw_json=1&limit=50
2026-05-05T23:05:19Z INFO    [RESPONSE] 200 860ms https://www.reddit.com/comments/7bfvll.json?raw_json=1&limit=50
2026-05-05T23:05:19Z INFO    [INFO] r/worldnews  7bfvll  +12 comment(s)
2026-05-05T23:05:23Z INFO    [REQUEST] GET https://www.reddit.com/comments/7bxvd7.json?raw_json=1&limit=50
2026-05-05T23:05:23Z INFO    [RESPONSE] 200 788ms https://www.reddit.com/comments/7bxvd7.json?raw_json=1&limit=50
2026-05-05T23:05:23Z INFO    [INFO] r/worldnews  7bxvd7  +19 comment(s)
2026-05-05T23:05:27Z INFO    [REQUEST] GET https://www.reddit.com/comments/7c0eq1.json?raw_json=1&limit=50
2026-05-05T23:05:28Z INFO    [RESPONSE] 200 780ms https://www.reddit.com/comments/7c0eq1.json?raw_json=1&limit=50
2026-05-05T23:05:28Z INFO    [INFO] r/news  7c0eq1  +11 comment(s)
2026-05-05T23:05:32Z INFO    [REQUEST] GET https://www.reddit.com/comments/q9pnkt.json?raw_json=1&limit=50
2026-05-05T23:05:33Z INFO    [RESPONSE] 200 781ms https://www.reddit.com/comments/q9pnkt.json?raw_json=1&limit=50
2026-05-05T23:05:33Z INFO    [INFO] r/Superstonk  q9pnkt  +25 comment(s)
2026-05-05T23:05:37Z INFO    [REQUEST] GET https://www.reddit.com/comments/7fc410.json?raw_json=1&limit=50
2026-05-05T23:05:38Z INFO    [RESPONSE] 200 839ms https://www.reddit.com/comments/7fc410.json?raw_json=1&limit=50
2026-05-05T23:05:38Z INFO    [INFO] r/politics  7fc410  +14 comment(s)
2026-05-05T23:05:42Z INFO    [REQUEST] GET https://www.reddit.com/comments/7bt2bg.json?raw_json=1&limit=50
2026-05-05T23:05:43Z INFO    [RESPONSE] 200 734ms https://www.reddit.com/comments/7bt2bg.json?raw_json=1&limit=50
2026-05-05T23:05:43Z INFO    [INFO] r/worldnews  7bt2bg  +21 comment(s)
2026-05-05T23:05:47Z INFO    [REQUEST] GET https://www.reddit.com/comments/7b0ivc.json?raw_json=1&limit=50
2026-05-05T23:05:47Z INFO    [RESPONSE] 200 790ms https://www.reddit.com/comments/7b0ivc.json?raw_json=1&limit=50
2026-05-05T23:05:47Z INFO    [INFO] r/WikiLeaks  7b0ivc  +11 comment(s)
2026-05-05T23:05:51Z INFO    [REQUEST] GET https://www.reddit.com/comments/1rfy0tj.json?raw_json=1&limit=50
2026-05-05T23:05:52Z INFO    [RESPONSE] 200 898ms https://www.reddit.com/comments/1rfy0tj.json?raw_json=1&limit=50
2026-05-05T23:05:52Z INFO    [INFO] r/Epstein  1rfy0tj  +17 comment(s)
2026-05-05T23:05:56Z INFO    [REQUEST] GET https://www.reddit.com/comments/7c2z51.json?raw_json=1&limit=50
2026-05-05T23:05:57Z INFO    [RESPONSE] 200 632ms https://www.reddit.com/comments/7c2z51.json?raw_json=1&limit=50
2026-05-05T23:05:57Z INFO    [INFO] r/politics  7c2z51  +14 comment(s)
2026-05-05T23:06:01Z INFO    [REQUEST] GET https://www.reddit.com/comments/1njsazq.json?raw_json=1&limit=50
2026-05-05T23:06:02Z INFO    [RESPONSE] 200 623ms https://www.reddit.com/comments/1njsazq.json?raw_json=1&limit=50
2026-05-05T23:06:02Z INFO    [INFO] r/indonesia  1njsazq  +17 comment(s)
2026-05-05T23:06:06Z INFO    [REQUEST] GET https://www.reddit.com/comments/7bd6vv.json?raw_json=1&limit=50
2026-05-05T23:06:06Z INFO    [RESPONSE] 200 676ms https://www.reddit.com/comments/7bd6vv.json?raw_json=1&limit=50
2026-05-05T23:06:06Z INFO    [INFO] r/europe  7bd6vv  +7 comment(s)
2026-05-05T23:06:10Z INFO    [REQUEST] GET https://www.reddit.com/comments/7b8xs2.json?raw_json=1&limit=50
2026-05-05T23:06:12Z INFO    [RESPONSE] 200 2169ms https://www.reddit.com/comments/7b8xs2.json?raw_json=1&limit=50
2026-05-05T23:06:12Z INFO    [INFO] r/hockey  7b8xs2  +22 comment(s)
2026-05-05T23:06:16Z INFO    [REQUEST] GET https://www.reddit.com/comments/7lb6mq.json?raw_json=1&limit=50
2026-05-05T23:06:17Z INFO    [RESPONSE] 200 670ms https://www.reddit.com/comments/7lb6mq.json?raw_json=1&limit=50
2026-05-05T23:06:17Z INFO    [INFO] r/worldnews  7lb6mq  +21 comment(s)
2026-05-05T23:06:21Z INFO    [REQUEST] GET https://www.reddit.com/comments/xxw601.json?raw_json=1&limit=50
2026-05-05T23:06:22Z INFO    [RESPONSE] 200 572ms https://www.reddit.com/comments/xxw601.json?raw_json=1&limit=50
2026-05-05T23:06:22Z INFO    [INFO] r/CanadaPolitics  xxw601  +7 comment(s)
2026-05-05T23:06:26Z INFO    [REQUEST] GET https://www.reddit.com/comments/7c8oau.json?raw_json=1&limit=50
2026-05-05T23:06:26Z INFO    [RESPONSE] 200 739ms https://www.reddit.com/comments/7c8oau.json?raw_json=1&limit=50
2026-05-05T23:06:26Z INFO    [INFO] r/politics  7c8oau  +16 comment(s)
2026-05-05T23:06:30Z INFO    [REQUEST] GET https://www.reddit.com/comments/7az8wb.json?raw_json=1&limit=50
2026-05-05T23:06:31Z INFO    [RESPONSE] 200 751ms https://www.reddit.com/comments/7az8wb.json?raw_json=1&limit=50
2026-05-05T23:06:31Z INFO    [INFO] r/europe  7az8wb  +13 comment(s)
2026-05-05T23:06:35Z INFO    [REQUEST] GET https://www.reddit.com/comments/7bgfw4.json?raw_json=1&limit=50
2026-05-05T23:06:36Z INFO    [RESPONSE] 200 637ms https://www.reddit.com/comments/7bgfw4.json?raw_json=1&limit=50
2026-05-05T23:06:36Z INFO    [INFO] r/AdviceAnimals  7bgfw4  +20 comment(s)
2026-05-05T23:06:40Z INFO    [REQUEST] GET https://www.reddit.com/comments/7b3xxh.json?raw_json=1&limit=50
2026-05-05T23:06:41Z INFO    [RESPONSE] 200 1107ms https://www.reddit.com/comments/7b3xxh.json?raw_json=1&limit=50
2026-05-05T23:06:41Z INFO    [INFO] r/unitedkingdom  7b3xxh  +14 comment(s)
2026-05-05T23:06:45Z INFO    [REQUEST] GET https://www.reddit.com/comments/7azdyy.json?raw_json=1&limit=50
2026-05-05T23:06:46Z INFO    [RESPONSE] 200 672ms https://www.reddit.com/comments/7azdyy.json?raw_json=1&limit=50
2026-05-05T23:06:46Z INFO    [INFO] r/australia  7azdyy  +11 comment(s)
2026-05-05T23:06:50Z INFO    [REQUEST] GET https://www.reddit.com/comments/7btagk.json?raw_json=1&limit=50
2026-05-05T23:06:50Z INFO    [RESPONSE] 200 770ms https://www.reddit.com/comments/7btagk.json?raw_json=1&limit=50
2026-05-05T23:06:50Z INFO    [INFO] r/Patriots  7btagk  +13 comment(s)
2026-05-05T23:06:54Z INFO    [REQUEST] GET https://www.reddit.com/comments/7az46z.json?raw_json=1&limit=50
2026-05-05T23:06:55Z INFO    [RESPONSE] 200 795ms https://www.reddit.com/comments/7az46z.json?raw_json=1&limit=50
2026-05-05T23:06:55Z INFO    [INFO] r/unitedkingdom  7az46z  +14 comment(s)
2026-05-05T23:06:59Z INFO    [REQUEST] GET https://www.reddit.com/comments/1olv8ox.json?raw_json=1&limit=50
2026-05-05T23:07:00Z INFO    [RESPONSE] 200 798ms https://www.reddit.com/comments/1olv8ox.json?raw_json=1&limit=50
2026-05-05T23:07:00Z INFO    [INFO] r/Superstonk  1olv8ox  +27 comment(s)
2026-05-05T23:07:04Z INFO    [REQUEST] GET https://www.reddit.com/comments/7b48fr.json?raw_json=1&limit=50
2026-05-05T23:07:05Z INFO    [RESPONSE] 200 789ms https://www.reddit.com/comments/7b48fr.json?raw_json=1&limit=50
2026-05-05T23:07:05Z INFO    [INFO] r/canada  7b48fr  +14 comment(s)
2026-05-05T23:07:09Z INFO    [REQUEST] GET https://www.reddit.com/comments/7bthxk.json?raw_json=1&limit=50
2026-05-05T23:07:10Z INFO    [RESPONSE] 200 862ms https://www.reddit.com/comments/7bthxk.json?raw_json=1&limit=50
2026-05-05T23:07:10Z INFO    [INFO] r/MLS  7bthxk  +14 comment(s)
2026-05-05T23:07:14Z INFO    [REQUEST] GET https://www.reddit.com/comments/7b17j9.json?raw_json=1&limit=50
2026-05-05T23:07:14Z INFO    [RESPONSE] 200 581ms https://www.reddit.com/comments/7b17j9.json?raw_json=1&limit=50
2026-05-05T23:07:14Z INFO    [INFO] r/politics  7b17j9  +8 comment(s)
2026-05-05T23:07:18Z INFO    [REQUEST] GET https://www.reddit.com/comments/d9yg2c.json?raw_json=1&limit=50
2026-05-05T23:07:19Z INFO    [RESPONSE] 200 720ms https://www.reddit.com/comments/d9yg2c.json?raw_json=1&limit=50
2026-05-05T23:07:19Z INFO    [INFO] r/unitedkingdom  d9yg2c  +10 comment(s)
2026-05-05T23:07:23Z INFO    [REQUEST] GET https://www.reddit.com/comments/7c6hkm.json?raw_json=1&limit=50
2026-05-05T23:07:24Z INFO    [RESPONSE] 200 793ms https://www.reddit.com/comments/7c6hkm.json?raw_json=1&limit=50
2026-05-05T23:07:24Z INFO    [INFO] r/conspiracy  7c6hkm  +18 comment(s)
2026-05-05T23:07:28Z INFO    [REQUEST] GET https://www.reddit.com/comments/7bo8ph.json?raw_json=1&limit=50
2026-05-05T23:07:28Z INFO    [RESPONSE] 200 722ms https://www.reddit.com/comments/7bo8ph.json?raw_json=1&limit=50
2026-05-05T23:07:28Z INFO    [INFO] r/SeattleWA  7bo8ph  +10 comment(s)
2026-05-05T23:07:32Z INFO    [REQUEST] GET https://www.reddit.com/comments/7az6fq.json?raw_json=1&limit=50
2026-05-05T23:07:33Z INFO    [RESPONSE] 200 612ms https://www.reddit.com/comments/7az6fq.json?raw_json=1&limit=50
2026-05-05T23:07:33Z INFO    [INFO] r/politics  7az6fq  +9 comment(s)
2026-05-05T23:07:37Z INFO    [REQUEST] GET https://www.reddit.com/comments/7azkam.json?raw_json=1&limit=50
2026-05-05T23:07:38Z INFO    [RESPONSE] 200 610ms https://www.reddit.com/comments/7azkam.json?raw_json=1&limit=50
2026-05-05T23:07:38Z INFO    [INFO] r/politics  7azkam  +15 comment(s)
2026-05-05T23:07:42Z INFO    [REQUEST] GET https://www.reddit.com/comments/7b6aju.json?raw_json=1&limit=50
2026-05-05T23:07:42Z INFO    [RESPONSE] 200 720ms https://www.reddit.com/comments/7b6aju.json?raw_json=1&limit=50
2026-05-05T23:07:42Z INFO    [INFO] r/politics  7b6aju  +9 comment(s)
2026-05-05T23:07:46Z INFO    [REQUEST] GET https://www.reddit.com/comments/7b82fh.json?raw_json=1&limit=50
2026-05-05T23:07:47Z INFO    [RESPONSE] 200 794ms https://www.reddit.com/comments/7b82fh.json?raw_json=1&limit=50
2026-05-05T23:07:47Z INFO    [INFO] r/canada  7b82fh  +17 comment(s)
2026-05-05T23:07:51Z INFO    [REQUEST] GET https://www.reddit.com/comments/7b0lj1.json?raw_json=1&limit=50
2026-05-05T23:07:52Z INFO    [RESPONSE] 200 678ms https://www.reddit.com/comments/7b0lj1.json?raw_json=1&limit=50
2026-05-05T23:07:52Z INFO    [INFO] r/ukpolitics  7b0lj1  +19 comment(s)
2026-05-05T23:07:56Z INFO    [REQUEST] GET https://www.reddit.com/comments/7by88p.json?raw_json=1&limit=50
2026-05-05T23:07:57Z INFO    [RESPONSE] 200 849ms https://www.reddit.com/comments/7by88p.json?raw_json=1&limit=50
2026-05-05T23:07:57Z INFO    [INFO] r/worldnews  7by88p  +10 comment(s)
2026-05-05T23:08:01Z INFO    [REQUEST] GET https://www.reddit.com/comments/1ssqhbi.json?raw_json=1&limit=50
2026-05-05T23:08:01Z INFO    [RESPONSE] 200 657ms https://www.reddit.com/comments/1ssqhbi.json?raw_json=1&limit=50
2026-05-05T23:08:01Z INFO    [INFO] r/formuladank  1ssqhbi  +12 comment(s)
2026-05-05T23:08:05Z INFO    [REQUEST] GET https://www.reddit.com/comments/7bdvqi.json?raw_json=1&limit=50
2026-05-05T23:08:06Z INFO    [RESPONSE] 200 609ms https://www.reddit.com/comments/7bdvqi.json?raw_json=1&limit=50
2026-05-05T23:08:06Z INFO    [INFO] r/de  7bdvqi  +11 comment(s)
2026-05-05T23:08:10Z INFO    [REQUEST] GET https://www.reddit.com/comments/7az4k9.json?raw_json=1&limit=50
2026-05-05T23:08:10Z INFO    [RETRY] 1/3 wait=1.0s HTTP 429
2026-05-05T23:08:14Z INFO    [REQUEST] GET https://www.reddit.com/comments/7az4k9.json?raw_json=1&limit=50
2026-05-05T23:08:14Z INFO    [RETRY] 2/3 wait=2.0s HTTP 429
2026-05-05T23:08:18Z INFO    [REQUEST] GET https://www.reddit.com/comments/7az4k9.json?raw_json=1&limit=50
2026-05-05T23:08:18Z INFO    [ERROR] GET https://www.reddit.com/comments/7az4k9.json?raw_json=1&limit=50 → HTTP 429 after 3 attempts; giving up
2026-05-05T23:08:22Z INFO    [REQUEST] GET https://www.reddit.com/comments/q57a8b.json?raw_json=1&limit=50
2026-05-05T23:08:23Z INFO    [RETRY] 1/3 wait=1.0s HTTP 429
2026-05-05T23:08:27Z INFO    [REQUEST] GET https://www.reddit.com/comments/q57a8b.json?raw_json=1&limit=50
2026-05-05T23:08:27Z INFO    [RETRY] 2/3 wait=2.0s HTTP 429
2026-05-05T23:08:31Z INFO    [REQUEST] GET https://www.reddit.com/comments/q57a8b.json?raw_json=1&limit=50
2026-05-05T23:08:31Z INFO    [ERROR] GET https://www.reddit.com/comments/q57a8b.json?raw_json=1&limit=50 → HTTP 429 after 3 attempts; giving up
2026-05-05T23:08:35Z INFO    [REQUEST] GET https://www.reddit.com/comments/7az6no.json?raw_json=1&limit=50
2026-05-05T23:08:35Z INFO    [RETRY] 1/3 wait=1.0s HTTP 429
2026-05-05T23:08:39Z INFO    [REQUEST] GET https://www.reddit.com/comments/7az6no.json?raw_json=1&limit=50
2026-05-05T23:08:39Z INFO    [RETRY] 2/3 wait=2.0s HTTP 429
2026-05-05T23:08:43Z INFO    [REQUEST] GET https://www.reddit.com/comments/7az6no.json?raw_json=1&limit=50
2026-05-05T23:08:43Z INFO    [ERROR] GET https://www.reddit.com/comments/7az6no.json?raw_json=1&limit=50 → HTTP 429 after 3 attempts; giving up
2026-05-05T23:08:47Z INFO    [REQUEST] GET https://www.reddit.com/comments/7bqd73.json?raw_json=1&limit=50
2026-05-05T23:08:48Z INFO    [RETRY] 1/3 wait=1.0s HTTP 429
2026-05-05T23:08:52Z INFO    [REQUEST] GET https://www.reddit.com/comments/7bqd73.json?raw_json=1&limit=50
2026-05-05T23:08:52Z INFO    [RETRY] 2/3 wait=2.0s HTTP 429
2026-05-05T23:08:56Z INFO    [REQUEST] GET https://www.reddit.com/comments/7bqd73.json?raw_json=1&limit=50
2026-05-05T23:08:56Z INFO    [ERROR] GET https://www.reddit.com/comments/7bqd73.json?raw_json=1&limit=50 → HTTP 429 after 3 attempts; giving up
2026-05-05T23:09:00Z INFO    [REQUEST] GET https://www.reddit.com/comments/7c50zy.json?raw_json=1&limit=50
2026-05-05T23:09:00Z INFO    [RETRY] 1/3 wait=1.0s HTTP 429
2026-05-05T23:09:04Z INFO    [REQUEST] GET https://www.reddit.com/comments/7c50zy.json?raw_json=1&limit=50
2026-05-05T23:09:04Z INFO    [RETRY] 2/3 wait=2.0s HTTP 429
2026-05-05T23:09:08Z INFO    [REQUEST] GET https://www.reddit.com/comments/7c50zy.json?raw_json=1&limit=50
2026-05-05T23:09:09Z INFO    [ERROR] GET https://www.reddit.com/comments/7c50zy.json?raw_json=1&limit=50 → HTTP 429 after 3 attempts; giving up
2026-05-05T23:09:13Z INFO    [REQUEST] GET https://www.reddit.com/comments/7brozb.json?raw_json=1&limit=50
2026-05-05T23:09:13Z INFO    [RETRY] 1/3 wait=1.0s HTTP 429
2026-05-05T23:09:17Z INFO    [REQUEST] GET https://www.reddit.com/comments/7brozb.json?raw_json=1&limit=50
2026-05-05T23:09:17Z INFO    [RETRY] 2/3 wait=2.0s HTTP 429
2026-05-05T23:09:21Z INFO    [REQUEST] GET https://www.reddit.com/comments/7brozb.json?raw_json=1&limit=50
2026-05-05T23:09:21Z INFO    [ERROR] GET https://www.reddit.com/comments/7brozb.json?raw_json=1&limit=50 → HTTP 429 after 3 attempts; giving up
2026-05-05T23:09:25Z INFO    [REQUEST] GET https://www.reddit.com/comments/yo3a9l.json?raw_json=1&limit=50
2026-05-05T23:09:25Z INFO    [RETRY] 1/3 wait=1.0s HTTP 429
2026-05-05T23:09:29Z INFO    [REQUEST] GET https://www.reddit.com/comments/yo3a9l.json?raw_json=1&limit=50
2026-05-05T23:09:30Z INFO    [RETRY] 2/3 wait=2.0s HTTP 429
2026-05-05T23:09:34Z INFO    [REQUEST] GET https://www.reddit.com/comments/yo3a9l.json?raw_json=1&limit=50
2026-05-05T23:09:34Z INFO    [ERROR] GET https://www.reddit.com/comments/yo3a9l.json?raw_json=1&limit=50 → HTTP 429 after 3 attempts; giving up
2026-05-05T23:09:38Z INFO    [REQUEST] GET https://www.reddit.com/comments/7az551.json?raw_json=1&limit=50
2026-05-05T23:09:38Z INFO    [RETRY] 1/3 wait=1.0s HTTP 429
2026-05-05T23:09:42Z INFO    [REQUEST] GET https://www.reddit.com/comments/7az551.json?raw_json=1&limit=50
2026-05-05T23:09:42Z INFO    [RETRY] 2/3 wait=2.0s HTTP 429
2026-05-05T23:09:46Z INFO    [REQUEST] GET https://www.reddit.com/comments/7az551.json?raw_json=1&limit=50
2026-05-05T23:09:46Z INFO    [ERROR] GET https://www.reddit.com/comments/7az551.json?raw_json=1&limit=50 → HTTP 429 after 3 attempts; giving up
2026-05-05T23:09:50Z INFO    [REQUEST] GET https://www.reddit.com/comments/7bdrg1.json?raw_json=1&limit=50
2026-05-05T23:09:50Z INFO    [RETRY] 1/3 wait=1.0s HTTP 429
2026-05-05T23:09:54Z INFO    [REQUEST] GET https://www.reddit.com/comments/7bdrg1.json?raw_json=1&limit=50
2026-05-05T23:09:55Z INFO    [RETRY] 2/3 wait=2.0s HTTP 429
2026-05-05T23:09:59Z INFO    [REQUEST] GET https://www.reddit.com/comments/7bdrg1.json?raw_json=1&limit=50
2026-05-05T23:09:59Z INFO    [ERROR] GET https://www.reddit.com/comments/7bdrg1.json?raw_json=1&limit=50 → HTTP 429 after 3 attempts; giving up
2026-05-05T23:10:03Z INFO    [REQUEST] GET https://www.reddit.com/comments/1t3iind.json?raw_json=1&limit=50
2026-05-05T23:10:03Z INFO    [RESPONSE] 200 302ms https://www.reddit.com/comments/1t3iind.json?raw_json=1&limit=50
2026-05-05T23:10:03Z INFO    [INFO] r/alevels  1t3iind  +3 comment(s)
2026-05-05T23:10:07Z INFO    [REQUEST] GET https://www.reddit.com/comments/7b4mqg.json?raw_json=1&limit=50
2026-05-05T23:10:08Z INFO    [RESPONSE] 200 846ms https://www.reddit.com/comments/7b4mqg.json?raw_json=1&limit=50
2026-05-05T23:10:08Z INFO    [INFO] r/europe  7b4mqg  +9 comment(s)
2026-05-05T23:10:12Z INFO    [REQUEST] GET https://www.reddit.com/comments/7bawvd.json?raw_json=1&limit=50
2026-05-05T23:10:13Z INFO    [RESPONSE] 200 645ms https://www.reddit.com/comments/7bawvd.json?raw_json=1&limit=50
2026-05-05T23:10:13Z INFO    [INFO] r/politics  7bawvd  +15 comment(s)
2026-05-05T23:10:17Z INFO    [REQUEST] GET https://www.reddit.com/comments/7dpody.json?raw_json=1&limit=50
2026-05-05T23:10:18Z INFO    [RESPONSE] 200 1206ms https://www.reddit.com/comments/7dpody.json?raw_json=1&limit=50
2026-05-05T23:10:18Z INFO    [INFO] r/politics  7dpody  +11 comment(s)
2026-05-05T23:10:22Z INFO    [REQUEST] GET https://www.reddit.com/comments/1rkzgh0.json?raw_json=1&limit=50
2026-05-05T23:10:22Z INFO    [RESPONSE] 200 278ms https://www.reddit.com/comments/1rkzgh0.json?raw_json=1&limit=50
2026-05-05T23:10:22Z INFO    [INFO] r/Epstein  1rkzgh0  +3 comment(s)
2026-05-05T23:10:26Z INFO    [REQUEST] GET https://www.reddit.com/comments/7cyl1r.json?raw_json=1&limit=50
2026-05-05T23:10:27Z INFO    [RESPONSE] 200 728ms https://www.reddit.com/comments/7cyl1r.json?raw_json=1&limit=50
2026-05-05T23:10:27Z INFO    [INFO] r/conspiracy  7cyl1r  +19 comment(s)
2026-05-05T23:10:31Z INFO    [REQUEST] GET https://www.reddit.com/comments/7blpqn.json?raw_json=1&limit=50
2026-05-05T23:10:32Z INFO    [RESPONSE] 200 859ms https://www.reddit.com/comments/7blpqn.json?raw_json=1&limit=50
2026-05-05T23:10:32Z INFO    [INFO] r/canada  7blpqn  +17 comment(s)
2026-05-05T23:10:36Z INFO    [REQUEST] GET https://www.reddit.com/comments/7c0vfs.json?raw_json=1&limit=50
2026-05-05T23:10:37Z INFO    [RESPONSE] 200 706ms https://www.reddit.com/comments/7c0vfs.json?raw_json=1&limit=50
2026-05-05T23:10:37Z INFO    [INFO] r/conspiracy  7c0vfs  +26 comment(s)
2026-05-05T23:10:41Z INFO    [REQUEST] GET https://www.reddit.com/comments/1okgn8c.json?raw_json=1&limit=50
2026-05-05T23:10:42Z INFO    [RESPONSE] 200 851ms https://www.reddit.com/comments/1okgn8c.json?raw_json=1&limit=50
2026-05-05T23:10:42Z INFO    [INFO] r/Superstonk  1okgn8c  +31 comment(s)
2026-05-05T23:10:46Z INFO    [REQUEST] GET https://www.reddit.com/comments/7azzav.json?raw_json=1&limit=50
2026-05-05T23:10:46Z INFO    [RESPONSE] 200 447ms https://www.reddit.com/comments/7azzav.json?raw_json=1&limit=50
2026-05-05T23:10:46Z INFO    [INFO] r/bestof  7azzav  +10 comment(s)
2026-05-05T23:10:50Z INFO    [REQUEST] GET https://www.reddit.com/comments/1o7vuu2.json?raw_json=1&limit=50
2026-05-05T23:10:51Z INFO    [RESPONSE] 200 682ms https://www.reddit.com/comments/1o7vuu2.json?raw_json=1&limit=50
2026-05-05T23:10:51Z INFO    [INFO] r/Superstonk  1o7vuu2  +35 comment(s)
2026-05-05T23:10:55Z INFO    [REQUEST] GET https://www.reddit.com/comments/x2vzcl.json?raw_json=1&limit=50
2026-05-05T23:10:55Z INFO    [RESPONSE] 200 805ms https://www.reddit.com/comments/x2vzcl.json?raw_json=1&limit=50
2026-05-05T23:10:55Z INFO    [INFO] r/Superstonk  x2vzcl  +20 comment(s)
2026-05-05T23:10:59Z INFO    [REQUEST] GET https://www.reddit.com/comments/7b05s4.json?raw_json=1&limit=50
2026-05-05T23:11:00Z INFO    [RESPONSE] 200 754ms https://www.reddit.com/comments/7b05s4.json?raw_json=1&limit=50
2026-05-05T23:11:00Z INFO    [INFO] r/RussiaLago  7b05s4  +13 comment(s)
2026-05-05T23:11:04Z INFO    [REQUEST] GET https://www.reddit.com/comments/7b1uhj.json?raw_json=1&limit=50
2026-05-05T23:11:05Z INFO    [RESPONSE] 200 751ms https://www.reddit.com/comments/7b1uhj.json?raw_json=1&limit=50
2026-05-05T23:11:05Z INFO    [INFO] r/india  7b1uhj  +10 comment(s)
2026-05-05T23:11:09Z INFO    [REQUEST] GET https://www.reddit.com/comments/7b5x7i.json?raw_json=1&limit=50
2026-05-05T23:11:10Z INFO    [RESPONSE] 200 576ms https://www.reddit.com/comments/7b5x7i.json?raw_json=1&limit=50
2026-05-05T23:11:10Z INFO    [INFO] r/beer  7b5x7i  +8 comment(s)
2026-05-05T23:11:14Z INFO    [REQUEST] GET https://www.reddit.com/comments/7bs43c.json?raw_json=1&limit=50
2026-05-05T23:11:14Z INFO    [RESPONSE] 200 686ms https://www.reddit.com/comments/7bs43c.json?raw_json=1&limit=50
2026-05-05T23:11:14Z INFO    [INFO] r/worldnews  7bs43c  +7 comment(s)
2026-05-05T23:11:18Z INFO    [REQUEST] GET https://www.reddit.com/comments/7bb0nm.json?raw_json=1&limit=50
2026-05-05T23:11:19Z INFO    [RESPONSE] 200 1141ms https://www.reddit.com/comments/7bb0nm.json?raw_json=1&limit=50
2026-05-05T23:11:19Z INFO    [INFO] r/collapse  7bb0nm  +8 comment(s)
2026-05-05T23:11:23Z INFO    [REQUEST] GET https://www.reddit.com/comments/pfpjxh.json?raw_json=1&limit=50
2026-05-05T23:11:24Z INFO    [RESPONSE] 200 828ms https://www.reddit.com/comments/pfpjxh.json?raw_json=1&limit=50
2026-05-05T23:11:24Z INFO    [INFO] r/amcstock  pfpjxh  +14 comment(s)
2026-05-05T23:11:28Z INFO    [REQUEST] GET https://www.reddit.com/comments/7az4dz.json?raw_json=1&limit=50
2026-05-05T23:11:30Z INFO    [RESPONSE] 200 2007ms https://www.reddit.com/comments/7az4dz.json?raw_json=1&limit=50
2026-05-05T23:11:30Z INFO    [INFO] r/CanadaPolitics  7az4dz  +14 comment(s)
2026-05-05T23:11:34Z INFO    [REQUEST] GET https://www.reddit.com/comments/1o79wv6.json?raw_json=1&limit=50
2026-05-05T23:11:35Z INFO    [RESPONSE] 200 567ms https://www.reddit.com/comments/1o79wv6.json?raw_json=1&limit=50
2026-05-05T23:11:35Z INFO    [INFO] r/conspiracy  1o79wv6  +5 comment(s)
2026-05-05T23:11:39Z INFO    [REQUEST] GET https://www.reddit.com/comments/89wuhm.json?raw_json=1&limit=50
2026-05-05T23:11:40Z INFO    [RESPONSE] 200 766ms https://www.reddit.com/comments/89wuhm.json?raw_json=1&limit=50
2026-05-05T23:11:40Z INFO    [INFO] r/RussiaLago  89wuhm  +10 comment(s)
2026-05-05T23:11:44Z INFO    [REQUEST] GET https://www.reddit.com/comments/7vg5ec.json?raw_json=1&limit=50
2026-05-05T23:11:44Z INFO    [RESPONSE] 200 537ms https://www.reddit.com/comments/7vg5ec.json?raw_json=1&limit=50
2026-05-05T23:11:44Z INFO    [INFO] r/PanamaPapers  7vg5ec  +5 comment(s)
2026-05-05T23:11:48Z INFO    [REQUEST] GET https://www.reddit.com/comments/7c8luw.json?raw_json=1&limit=50
2026-05-05T23:11:49Z INFO    [RESPONSE] 200 630ms https://www.reddit.com/comments/7c8luw.json?raw_json=1&limit=50
2026-05-05T23:11:49Z INFO    [INFO] r/manga  7c8luw  +9 comment(s)
2026-05-05T23:11:53Z INFO    [REQUEST] GET https://www.reddit.com/comments/7b4zfq.json?raw_json=1&limit=50
2026-05-05T23:11:53Z INFO    [RESPONSE] 200 539ms https://www.reddit.com/comments/7b4zfq.json?raw_json=1&limit=50
2026-05-05T23:11:53Z INFO    [INFO] r/politics  7b4zfq  +22 comment(s)
2026-05-05T23:11:57Z INFO    [REQUEST] GET https://www.reddit.com/comments/7b50hs.json?raw_json=1&limit=50
2026-05-05T23:11:58Z INFO    [RESPONSE] 200 551ms https://www.reddit.com/comments/7b50hs.json?raw_json=1&limit=50
2026-05-05T23:11:58Z INFO    [INFO] r/worldnews  7b50hs  +8 comment(s)
2026-05-05T23:12:02Z INFO    [REQUEST] GET https://www.reddit.com/comments/7b6z8f.json?raw_json=1&limit=50
2026-05-05T23:12:03Z INFO    [RESPONSE] 200 717ms https://www.reddit.com/comments/7b6z8f.json?raw_json=1&limit=50
2026-05-05T23:12:03Z INFO    [INFO] r/politics  7b6z8f  +11 comment(s)
2026-05-05T23:12:07Z INFO    [REQUEST] GET https://www.reddit.com/comments/7b3xw4.json?raw_json=1&limit=50
2026-05-05T23:12:08Z INFO    [RESPONSE] 200 1006ms https://www.reddit.com/comments/7b3xw4.json?raw_json=1&limit=50
2026-05-05T23:12:08Z INFO    [INFO] r/ukpolitics  7b3xw4  +7 comment(s)
2026-05-05T23:12:12Z INFO    [REQUEST] GET https://www.reddit.com/comments/7cz3y5.json?raw_json=1&limit=50
2026-05-05T23:12:12Z INFO    [RESPONSE] 200 806ms https://www.reddit.com/comments/7cz3y5.json?raw_json=1&limit=50
2026-05-05T23:12:12Z INFO    [INFO] r/france  7cz3y5  +9 comment(s)
2026-05-05T23:12:16Z INFO    [REQUEST] GET https://www.reddit.com/comments/7qlrm2.json?raw_json=1&limit=50
2026-05-05T23:12:17Z INFO    [RESPONSE] 200 418ms https://www.reddit.com/comments/7qlrm2.json?raw_json=1&limit=50
2026-05-05T23:12:17Z INFO    [INFO] r/politics  7qlrm2  +11 comment(s)
2026-05-05T23:12:21Z INFO    [REQUEST] GET https://www.reddit.com/comments/7b1lo8.json?raw_json=1&limit=50
2026-05-05T23:12:21Z INFO    [RESPONSE] 200 433ms https://www.reddit.com/comments/7b1lo8.json?raw_json=1&limit=50
2026-05-05T23:12:21Z INFO    [INFO] r/politics  7b1lo8  +6 comment(s)
2026-05-05T23:12:25Z INFO    [REQUEST] GET https://www.reddit.com/comments/1t2kqn5.json?raw_json=1&limit=50
2026-05-05T23:12:26Z INFO    [RESPONSE] 200 407ms https://www.reddit.com/comments/1t2kqn5.json?raw_json=1&limit=50
2026-05-05T23:12:26Z INFO    [INFO] r/alevels  1t2kqn5  +35 comment(s)
2026-05-05T23:12:30Z INFO    [REQUEST] GET https://www.reddit.com/comments/1t0zk67.json?raw_json=1&limit=50
2026-05-05T23:12:30Z INFO    [RESPONSE] 200 233ms https://www.reddit.com/comments/1t0zk67.json?raw_json=1&limit=50
2026-05-05T23:12:34Z INFO    [REQUEST] GET https://www.reddit.com/comments/1szcjzf.json?raw_json=1&limit=50
2026-05-05T23:12:34Z INFO    [RESPONSE] 200 478ms https://www.reddit.com/comments/1szcjzf.json?raw_json=1&limit=50
2026-05-05T23:12:34Z INFO    [INFO] r/theories  1szcjzf  +26 comment(s)
2026-05-05T23:12:38Z INFO    [REQUEST] GET https://www.reddit.com/comments/1seebvu.json?raw_json=1&limit=50
2026-05-05T23:12:39Z INFO    [RESPONSE] 200 755ms https://www.reddit.com/comments/1seebvu.json?raw_json=1&limit=50
2026-05-05T23:12:39Z INFO    [INFO] r/Epstein  1seebvu  +11 comment(s)
2026-05-05T23:12:43Z INFO    [REQUEST] GET https://www.reddit.com/comments/1se59ye.json?raw_json=1&limit=50
2026-05-05T23:12:43Z INFO    [RESPONSE] 200 294ms https://www.reddit.com/comments/1se59ye.json?raw_json=1&limit=50
2026-05-05T23:12:43Z INFO    [INFO] r/suppressed_news  1se59ye  +1 comment(s)
2026-05-05T23:12:47Z INFO    [REQUEST] GET https://www.reddit.com/comments/1se59lz.json?raw_json=1&limit=50
2026-05-05T23:12:48Z INFO    [RESPONSE] 200 283ms https://www.reddit.com/comments/1se59lz.json?raw_json=1&limit=50
2026-05-05T23:12:52Z INFO    [REQUEST] GET https://www.reddit.com/comments/1se58w0.json?raw_json=1&limit=50
2026-05-05T23:12:52Z INFO    [RESPONSE] 200 323ms https://www.reddit.com/comments/1se58w0.json?raw_json=1&limit=50
2026-05-05T23:12:56Z INFO    [REQUEST] GET https://www.reddit.com/comments/1se58it.json?raw_json=1&limit=50
2026-05-05T23:12:56Z INFO    [RESPONSE] 200 382ms https://www.reddit.com/comments/1se58it.json?raw_json=1&limit=50
2026-05-05T23:13:00Z INFO    [REQUEST] GET https://www.reddit.com/comments/1se589l.json?raw_json=1&limit=50
2026-05-05T23:13:01Z INFO    [RESPONSE] 200 325ms https://www.reddit.com/comments/1se589l.json?raw_json=1&limit=50
2026-05-05T23:13:05Z INFO    [REQUEST] GET https://www.reddit.com/comments/1se57q8.json?raw_json=1&limit=50
2026-05-05T23:13:05Z INFO    [RESPONSE] 200 379ms https://www.reddit.com/comments/1se57q8.json?raw_json=1&limit=50
2026-05-05T23:13:05Z INFO    [INFO] r/conspiracy  1se57q8  +1 comment(s)
2026-05-05T23:13:09Z INFO    [REQUEST] GET https://www.reddit.com/comments/1se54zi.json?raw_json=1&limit=50
2026-05-05T23:13:10Z INFO    [RESPONSE] 200 567ms https://www.reddit.com/comments/1se54zi.json?raw_json=1&limit=50
2026-05-05T23:13:10Z INFO    [INFO] r/Epstein  1se54zi  +1 comment(s)
2026-05-05T23:13:14Z INFO    [REQUEST] GET https://www.reddit.com/comments/1sd3wb1.json?raw_json=1&limit=50
2026-05-05T23:13:14Z INFO    [RESPONSE] 200 380ms https://www.reddit.com/comments/1sd3wb1.json?raw_json=1&limit=50
2026-05-05T23:13:18Z INFO    [REQUEST] GET https://www.reddit.com/comments/1sd0s14.json?raw_json=1&limit=50
2026-05-05T23:13:18Z INFO    [RESPONSE] 200 321ms https://www.reddit.com/comments/1sd0s14.json?raw_json=1&limit=50
2026-05-05T23:13:18Z INFO    [INFO] r/suppressed_news  1sd0s14  +1 comment(s)
2026-05-05T23:13:22Z INFO    [REQUEST] GET https://www.reddit.com/comments/1sd0qt0.json?raw_json=1&limit=50
2026-05-05T23:13:23Z INFO    [RESPONSE] 200 442ms https://www.reddit.com/comments/1sd0qt0.json?raw_json=1&limit=50
2026-05-05T23:13:23Z INFO    [INFO] r/suppressed_news  1sd0qt0  +2 comment(s)
2026-05-05T23:13:27Z INFO    [REQUEST] GET https://www.reddit.com/comments/1scy143.json?raw_json=1&limit=50
2026-05-05T23:13:27Z INFO    [RESPONSE] 200 348ms https://www.reddit.com/comments/1scy143.json?raw_json=1&limit=50
2026-05-05T23:13:31Z INFO    [REQUEST] GET https://www.reddit.com/comments/1scy081.json?raw_json=1&limit=50
2026-05-05T23:13:32Z INFO    [RESPONSE] 200 340ms https://www.reddit.com/comments/1scy081.json?raw_json=1&limit=50
2026-05-05T23:13:36Z INFO    [REQUEST] GET https://www.reddit.com/comments/1scxz44.json?raw_json=1&limit=50
2026-05-05T23:13:36Z INFO    [RESPONSE] 200 326ms https://www.reddit.com/comments/1scxz44.json?raw_json=1&limit=50
2026-05-05T23:13:40Z INFO    [REQUEST] GET https://www.reddit.com/comments/1scxy9f.json?raw_json=1&limit=50
2026-05-05T23:13:40Z INFO    [RESPONSE] 200 476ms https://www.reddit.com/comments/1scxy9f.json?raw_json=1&limit=50
2026-05-05T23:13:40Z INFO    [INFO] r/MeidasTouch  1scxy9f  +2 comment(s)
2026-05-05T23:13:44Z INFO    [REQUEST] GET https://www.reddit.com/comments/1sc613y.json?raw_json=1&limit=50
2026-05-05T23:13:45Z INFO    [RESPONSE] 200 619ms https://www.reddit.com/comments/1sc613y.json?raw_json=1&limit=50
2026-05-05T23:13:45Z INFO    [INFO] r/Epstein  1sc613y  +2 comment(s)
2026-05-05T23:13:49Z INFO    [REQUEST] GET https://www.reddit.com/comments/1sb82q1.json?raw_json=1&limit=50
2026-05-05T23:13:50Z INFO    [RESPONSE] 200 907ms https://www.reddit.com/comments/1sb82q1.json?raw_json=1&limit=50
2026-05-05T23:13:50Z INFO    [INFO] r/Epstein  1sb82q1  +11 comment(s)
2026-05-05T23:13:54Z INFO    [REQUEST] GET https://www.reddit.com/comments/1sb1gle.json?raw_json=1&limit=50
2026-05-05T23:13:54Z INFO    [RESPONSE] 200 290ms https://www.reddit.com/comments/1sb1gle.json?raw_json=1&limit=50
2026-05-05T23:13:58Z INFO    [REQUEST] GET https://www.reddit.com/comments/1sb1fn8.json?raw_json=1&limit=50
2026-05-05T23:14:00Z INFO    [RESPONSE] 200 2008ms https://www.reddit.com/comments/1sb1fn8.json?raw_json=1&limit=50
2026-05-05T23:14:04Z INFO    [REQUEST] GET https://www.reddit.com/comments/1s4iep5.json?raw_json=1&limit=50
2026-05-05T23:14:05Z INFO    [RESPONSE] 200 489ms https://www.reddit.com/comments/1s4iep5.json?raw_json=1&limit=50
2026-05-05T23:14:05Z INFO    [INFO] r/hrvatska  1s4iep5  +11 comment(s)
2026-05-05T23:14:09Z INFO    [REQUEST] GET https://www.reddit.com/comments/1rrzi9t.json?raw_json=1&limit=50
2026-05-05T23:14:09Z INFO    [RESPONSE] 200 563ms https://www.reddit.com/comments/1rrzi9t.json?raw_json=1&limit=50
2026-05-05T23:14:09Z INFO    [INFO] r/leftist  1rrzi9t  +9 comment(s)
2026-05-05T23:14:13Z INFO    [REQUEST] GET https://www.reddit.com/comments/1rpq4rw.json?raw_json=1&limit=50
2026-05-05T23:14:14Z INFO    [RESPONSE] 200 871ms https://www.reddit.com/comments/1rpq4rw.json?raw_json=1&limit=50
2026-05-05T23:14:14Z INFO    [INFO] r/halifax  1rpq4rw  +22 comment(s)
2026-05-05T23:14:18Z INFO    [REQUEST] GET https://www.reddit.com/comments/1rl97lb.json?raw_json=1&limit=50
2026-05-05T23:14:18Z INFO    [RESPONSE] 200 314ms https://www.reddit.com/comments/1rl97lb.json?raw_json=1&limit=50
2026-05-05T23:14:18Z INFO    [INFO] r/Epstein  1rl97lb  +4 comment(s)
2026-05-05T23:14:22Z INFO    [REQUEST] GET https://www.reddit.com/comments/1rjz894.json?raw_json=1&limit=50
2026-05-05T23:14:23Z INFO    [RESPONSE] 200 301ms https://www.reddit.com/comments/1rjz894.json?raw_json=1&limit=50
2026-05-05T23:14:23Z INFO    [INFO] r/Epstein  1rjz894  +1 comment(s)
2026-05-05T23:14:27Z INFO    [REQUEST] GET https://www.reddit.com/comments/1reqggg.json?raw_json=1&limit=50
2026-05-05T23:14:27Z INFO    [RESPONSE] 200 333ms https://www.reddit.com/comments/1reqggg.json?raw_json=1&limit=50
2026-05-05T23:14:27Z INFO    [INFO] r/SteamGameSwap  1reqggg  +1 comment(s)
2026-05-05T23:14:31Z INFO    [REQUEST] GET https://www.reddit.com/comments/1reqgfq.json?raw_json=1&limit=50
2026-05-05T23:14:32Z INFO    [RESPONSE] 200 485ms https://www.reddit.com/comments/1reqgfq.json?raw_json=1&limit=50
2026-05-05T23:14:32Z INFO    [INFO] r/indiegameswap  1reqgfq  +9 comment(s)
2026-05-05T23:14:36Z INFO    [REQUEST] GET https://www.reddit.com/comments/1rekn53.json?raw_json=1&limit=50
2026-05-05T23:14:36Z INFO    [RESPONSE] 200 684ms https://www.reddit.com/comments/1rekn53.json?raw_json=1&limit=50
2026-05-05T23:14:36Z INFO    [INFO] r/monarchism  1rekn53  +8 comment(s)
2026-05-05T23:14:40Z INFO    [REQUEST] GET https://www.reddit.com/comments/1rdx53p.json?raw_json=1&limit=50
2026-05-05T23:14:41Z INFO    [RESPONSE] 200 361ms https://www.reddit.com/comments/1rdx53p.json?raw_json=1&limit=50
2026-05-05T23:14:41Z INFO    [INFO] r/indiegameswap  1rdx53p  +5 comment(s)
2026-05-05T23:14:45Z INFO    [REQUEST] GET https://www.reddit.com/comments/1rdx4za.json?raw_json=1&limit=50
2026-05-05T23:14:45Z INFO    [RESPONSE] 200 354ms https://www.reddit.com/comments/1rdx4za.json?raw_json=1&limit=50
2026-05-05T23:14:45Z INFO    [INFO] r/SteamGameSwap  1rdx4za  +1 comment(s)
2026-05-05T23:14:49Z INFO    [REQUEST] GET https://www.reddit.com/comments/1rcpaoz.json?raw_json=1&limit=50
2026-05-05T23:14:50Z INFO    [RESPONSE] 200 588ms https://www.reddit.com/comments/1rcpaoz.json?raw_json=1&limit=50
2026-05-05T23:14:50Z INFO    [INFO] r/SteamGameSwap  1rcpaoz  +1 comment(s)
2026-05-05T23:14:54Z INFO    [REQUEST] GET https://www.reddit.com/comments/1rcpano.json?raw_json=1&limit=50
2026-05-05T23:14:54Z INFO    [RESPONSE] 200 357ms https://www.reddit.com/comments/1rcpano.json?raw_json=1&limit=50
2026-05-05T23:14:54Z INFO    [INFO] r/indiegameswap  1rcpano  +6 comment(s)
2026-05-05T23:14:58Z INFO    [REQUEST] GET https://www.reddit.com/comments/1raxwl5.json?raw_json=1&limit=50
2026-05-05T23:14:58Z INFO    [RESPONSE] 200 466ms https://www.reddit.com/comments/1raxwl5.json?raw_json=1&limit=50
2026-05-05T23:14:58Z INFO    [INFO] r/indiegameswap  1raxwl5  +9 comment(s)
2026-05-05T23:15:02Z INFO    [REQUEST] GET https://www.reddit.com/comments/1raxvih.json?raw_json=1&limit=50
2026-05-05T23:15:03Z INFO    [RESPONSE] 200 352ms https://www.reddit.com/comments/1raxvih.json?raw_json=1&limit=50
2026-05-05T23:15:03Z INFO    [INFO] r/SteamGameSwap  1raxvih  +1 comment(s)
2026-05-05T23:15:07Z INFO    [REQUEST] GET https://www.reddit.com/comments/1raxnpr.json?raw_json=1&limit=50
2026-05-05T23:15:07Z INFO    [RESPONSE] 200 535ms https://www.reddit.com/comments/1raxnpr.json?raw_json=1&limit=50
2026-05-05T23:15:07Z INFO    [INFO] r/Epstein  1raxnpr  +2 comment(s)
2026-05-05T23:15:11Z INFO    [REQUEST] GET https://www.reddit.com/comments/1rac4ii.json?raw_json=1&limit=50
2026-05-05T23:15:12Z INFO    [RESPONSE] 200 437ms https://www.reddit.com/comments/1rac4ii.json?raw_json=1&limit=50
2026-05-05T23:15:12Z INFO    [INFO] r/indiegameswap  1rac4ii  +4 comment(s)
2026-05-05T23:15:16Z INFO    [REQUEST] GET https://www.reddit.com/comments/1rac3q2.json?raw_json=1&limit=50
2026-05-05T23:15:16Z INFO    [RESPONSE] 200 323ms https://www.reddit.com/comments/1rac3q2.json?raw_json=1&limit=50
2026-05-05T23:15:16Z INFO    [INFO] r/SteamGameSwap  1rac3q2  +1 comment(s)
2026-05-05T23:15:20Z INFO    [REQUEST] GET https://www.reddit.com/comments/1r9jyrx.json?raw_json=1&limit=50
2026-05-05T23:15:20Z INFO    [RESPONSE] 200 342ms https://www.reddit.com/comments/1r9jyrx.json?raw_json=1&limit=50
2026-05-05T23:15:20Z INFO    [INFO] r/SteamGameSwap  1r9jyrx  +1 comment(s)
2026-05-05T23:15:24Z INFO    [REQUEST] GET https://www.reddit.com/comments/1r9jyr2.json?raw_json=1&limit=50
2026-05-05T23:15:25Z INFO    [RESPONSE] 200 374ms https://www.reddit.com/comments/1r9jyr2.json?raw_json=1&limit=50
2026-05-05T23:15:25Z INFO    [INFO] r/indiegameswap  1r9jyr2  +6 comment(s)
2026-05-05T23:15:29Z INFO    [REQUEST] GET https://www.reddit.com/comments/1r87477.json?raw_json=1&limit=50
2026-05-05T23:15:29Z INFO    [RESPONSE] 200 373ms https://www.reddit.com/comments/1r87477.json?raw_json=1&limit=50
2026-05-05T23:15:29Z INFO    [INFO] r/indiegameswap  1r87477  +8 comment(s)
2026-05-05T23:15:33Z INFO    [REQUEST] GET https://www.reddit.com/comments/1r6v0d1.json?raw_json=1&limit=50
2026-05-05T23:15:34Z INFO    [RESPONSE] 200 424ms https://www.reddit.com/comments/1r6v0d1.json?raw_json=1&limit=50
2026-05-05T23:15:34Z INFO    [INFO] r/indiegameswap  1r6v0d1  +9 comment(s)
2026-05-05T23:15:38Z INFO    [REQUEST] GET https://www.reddit.com/comments/1r2t21o.json?raw_json=1&limit=50
2026-05-05T23:15:38Z INFO    [RESPONSE] 200 249ms https://www.reddit.com/comments/1r2t21o.json?raw_json=1&limit=50
2026-05-05T23:15:42Z INFO    [REQUEST] GET https://www.reddit.com/comments/1r1rr4x.json?raw_json=1&limit=50
2026-05-05T23:15:42Z INFO    [RESPONSE] 200 376ms https://www.reddit.com/comments/1r1rr4x.json?raw_json=1&limit=50
2026-05-05T23:15:42Z INFO    [INFO] r/Epstein  1r1rr4x  +6 comment(s)
2026-05-05T23:15:46Z INFO    [REQUEST] GET https://www.reddit.com/comments/1r1l1ry.json?raw_json=1&limit=50
2026-05-05T23:15:46Z INFO    [RESPONSE] 200 309ms https://www.reddit.com/comments/1r1l1ry.json?raw_json=1&limit=50
2026-05-05T23:15:46Z INFO    [INFO] r/Epstein  1r1l1ry  +5 comment(s)
2026-05-05T23:15:50Z INFO    [REQUEST] GET https://www.reddit.com/comments/1r0jrn2.json?raw_json=1&limit=50
2026-05-05T23:15:51Z INFO    [RESPONSE] 200 459ms https://www.reddit.com/comments/1r0jrn2.json?raw_json=1&limit=50
2026-05-05T23:15:51Z INFO    [INFO] r/Epstein  1r0jrn2  +1 comment(s)
2026-05-05T23:15:55Z INFO    [REQUEST] GET https://www.reddit.com/comments/1qx39tm.json?raw_json=1&limit=50
2026-05-05T23:15:55Z INFO    [RESPONSE] 200 352ms https://www.reddit.com/comments/1qx39tm.json?raw_json=1&limit=50
2026-05-05T23:15:59Z INFO    [REQUEST] GET https://www.reddit.com/comments/1qwyy6c.json?raw_json=1&limit=50
2026-05-05T23:16:00Z INFO    [RESPONSE] 200 317ms https://www.reddit.com/comments/1qwyy6c.json?raw_json=1&limit=50
2026-05-05T23:16:00Z INFO    [INFO] r/neoliberal  1qwyy6c  +1 comment(s)
2026-05-05T23:16:04Z INFO    [REQUEST] GET https://www.reddit.com/comments/1qwsm63.json?raw_json=1&limit=50
2026-05-05T23:16:04Z INFO    [RESPONSE] 200 365ms https://www.reddit.com/comments/1qwsm63.json?raw_json=1&limit=50
2026-05-05T23:16:04Z INFO    [INFO] r/CanadianConservative  1qwsm63  +3 comment(s)
2026-05-05T23:16:08Z INFO    [REQUEST] GET https://www.reddit.com/comments/1qvbwf4.json?raw_json=1&limit=50
2026-05-05T23:16:09Z INFO    [RESPONSE] 200 669ms https://www.reddit.com/comments/1qvbwf4.json?raw_json=1&limit=50
2026-05-05T23:16:09Z INFO    [INFO] r/U2Band  1qvbwf4  +15 comment(s)
2026-05-05T23:16:13Z INFO    [REQUEST] GET https://www.reddit.com/comments/1quhoa3.json?raw_json=1&limit=50
2026-05-05T23:16:13Z INFO    [RESPONSE] 200 457ms https://www.reddit.com/comments/1quhoa3.json?raw_json=1&limit=50
2026-05-05T23:16:13Z INFO    [INFO] r/QuantumComputing  1quhoa3  +5 comment(s)
2026-05-05T23:16:17Z INFO    [REQUEST] GET https://www.reddit.com/comments/1qqu49n.json?raw_json=1&limit=50
2026-05-05T23:16:18Z INFO    [RESPONSE] 200 495ms https://www.reddit.com/comments/1qqu49n.json?raw_json=1&limit=50
2026-05-05T23:16:18Z INFO    [INFO] r/TargetedSolutions  1qqu49n  +2 comment(s)
2026-05-05T23:16:22Z INFO    [REQUEST] GET https://www.reddit.com/comments/1qjnxhs.json?raw_json=1&limit=50
2026-05-05T23:16:22Z INFO    [RESPONSE] 200 453ms https://www.reddit.com/comments/1qjnxhs.json?raw_json=1&limit=50
2026-05-05T23:16:22Z INFO    [INFO] r/qualityrabbitholes  1qjnxhs  +4 comment(s)
2026-05-05T23:16:26Z INFO    [REQUEST] GET https://www.reddit.com/comments/1qgjzqu.json?raw_json=1&limit=50
2026-05-05T23:16:26Z INFO    [RESPONSE] 200 295ms https://www.reddit.com/comments/1qgjzqu.json?raw_json=1&limit=50
2026-05-05T23:16:26Z INFO    [INFO] r/qualityrabbitholes  1qgjzqu  +1 comment(s)
2026-05-05T23:16:30Z INFO    [REQUEST] GET https://www.reddit.com/comments/1q0isro.json?raw_json=1&limit=50
2026-05-05T23:16:31Z INFO    [RESPONSE] 200 371ms https://www.reddit.com/comments/1q0isro.json?raw_json=1&limit=50
2026-05-05T23:16:31Z INFO    [INFO] r/Suomi  1q0isro  +3 comment(s)
2026-05-05T23:16:35Z INFO    [REQUEST] GET https://www.reddit.com/comments/1pt1tho.json?raw_json=1&limit=50
2026-05-05T23:16:35Z INFO    [RESPONSE] 200 363ms https://www.reddit.com/comments/1pt1tho.json?raw_json=1&limit=50
2026-05-05T23:16:35Z INFO    [INFO] r/IndianStockDaily  1pt1tho  +9 comment(s)
2026-05-05T23:16:39Z INFO    [REQUEST] GET https://www.reddit.com/comments/1psvybc.json?raw_json=1&limit=50
2026-05-05T23:16:40Z INFO    [RESPONSE] 200 569ms https://www.reddit.com/comments/1psvybc.json?raw_json=1&limit=50
2026-05-05T23:16:40Z INFO    [INFO] r/malta  1psvybc  +12 comment(s)
2026-05-05T23:16:44Z INFO    [REQUEST] GET https://www.reddit.com/comments/1ppyhje.json?raw_json=1&limit=50
2026-05-05T23:16:44Z INFO    [RESPONSE] 200 281ms https://www.reddit.com/comments/1ppyhje.json?raw_json=1&limit=50
2026-05-05T23:16:44Z INFO    [INFO] r/SteamGameSwap  1ppyhje  +1 comment(s)
2026-05-05T23:16:48Z INFO    [REQUEST] GET https://www.reddit.com/comments/1ppyhei.json?raw_json=1&limit=50
2026-05-05T23:16:48Z INFO    [RESPONSE] 200 287ms https://www.reddit.com/comments/1ppyhei.json?raw_json=1&limit=50
2026-05-05T23:16:48Z INFO    [INFO] r/indiegameswap  1ppyhei  +1 comment(s)
2026-05-05T23:16:52Z INFO    [REQUEST] GET https://www.reddit.com/comments/1ppatsk.json?raw_json=1&limit=50
2026-05-05T23:16:53Z INFO    [RESPONSE] 200 277ms https://www.reddit.com/comments/1ppatsk.json?raw_json=1&limit=50
2026-05-05T23:16:53Z INFO    [INFO] r/SteamGameSwap  1ppatsk  +1 comment(s)
2026-05-05T23:16:57Z INFO    [REQUEST] GET https://www.reddit.com/comments/1ppatra.json?raw_json=1&limit=50
2026-05-05T23:16:57Z INFO    [RESPONSE] 200 271ms https://www.reddit.com/comments/1ppatra.json?raw_json=1&limit=50
2026-05-05T23:16:57Z INFO    [INFO] r/indiegameswap  1ppatra  +1 comment(s)
2026-05-05T23:17:01Z INFO    [REQUEST] GET https://www.reddit.com/comments/1pn7pnj.json?raw_json=1&limit=50
2026-05-05T23:17:01Z INFO    [RESPONSE] 200 564ms https://www.reddit.com/comments/1pn7pnj.json?raw_json=1&limit=50
2026-05-05T23:17:01Z INFO    [INFO] r/VitoriaFutebolClube  1pn7pnj  +6 comment(s)
2026-05-05T23:17:05Z INFO    [REQUEST] GET https://www.reddit.com/comments/1pm5kx6.json?raw_json=1&limit=50
2026-05-05T23:17:06Z INFO    [RESPONSE] 200 265ms https://www.reddit.com/comments/1pm5kx6.json?raw_json=1&limit=50
2026-05-05T23:17:10Z INFO    [REQUEST] GET https://www.reddit.com/comments/1pm0076.json?raw_json=1&limit=50
2026-05-05T23:17:10Z INFO    [RESPONSE] 200 327ms https://www.reddit.com/comments/1pm0076.json?raw_json=1&limit=50
2026-05-05T23:17:10Z INFO    [INFO] r/SteamGameSwap  1pm0076  +4 comment(s)
2026-05-05T23:17:14Z INFO    [REQUEST] GET https://www.reddit.com/comments/1pm0066.json?raw_json=1&limit=50
2026-05-05T23:17:14Z INFO    [RESPONSE] 200 348ms https://www.reddit.com/comments/1pm0066.json?raw_json=1&limit=50
2026-05-05T23:17:14Z INFO    [INFO] r/indiegameswap  1pm0066  +3 comment(s)
2026-05-05T23:17:18Z INFO    [REQUEST] GET https://www.reddit.com/comments/1pkzn3x.json?raw_json=1&limit=50
2026-05-05T23:17:19Z INFO    [RESPONSE] 200 353ms https://www.reddit.com/comments/1pkzn3x.json?raw_json=1&limit=50
2026-05-05T23:17:19Z INFO    [INFO] r/SteamGameSwap  1pkzn3x  +1 comment(s)
2026-05-05T23:17:23Z INFO    [REQUEST] GET https://www.reddit.com/comments/1pkzky8.json?raw_json=1&limit=50
2026-05-05T23:17:23Z INFO    [RESPONSE] 200 359ms https://www.reddit.com/comments/1pkzky8.json?raw_json=1&limit=50
2026-05-05T23:17:23Z INFO    [INFO] r/indiegameswap  1pkzky8  +3 comment(s)
2026-05-05T23:17:27Z INFO    [REQUEST] GET https://www.reddit.com/comments/1pjyj70.json?raw_json=1&limit=50
2026-05-05T23:17:28Z INFO    [RESPONSE] 200 663ms https://www.reddit.com/comments/1pjyj70.json?raw_json=1&limit=50
2026-05-05T23:17:28Z INFO    [INFO] r/indiegameswap  1pjyj70  +15 comment(s)
2026-05-05T23:17:32Z INFO    [REQUEST] GET https://www.reddit.com/comments/1pjyj32.json?raw_json=1&limit=50
2026-05-05T23:17:32Z INFO    [RESPONSE] 200 336ms https://www.reddit.com/comments/1pjyj32.json?raw_json=1&limit=50
2026-05-05T23:17:32Z INFO    [INFO] r/SteamGameSwap  1pjyj32  +1 comment(s)
2026-05-05T23:17:36Z INFO    [REQUEST] GET https://www.reddit.com/comments/1pja1ad.json?raw_json=1&limit=50
2026-05-05T23:17:36Z INFO    [RETRY] 1/3 wait=1.0s HTTP 429
2026-05-05T23:17:40Z INFO    [REQUEST] GET https://www.reddit.com/comments/1pja1ad.json?raw_json=1&limit=50
2026-05-05T23:17:40Z INFO    [RETRY] 2/3 wait=2.0s HTTP 429
2026-05-05T23:17:44Z INFO    [REQUEST] GET https://www.reddit.com/comments/1pja1ad.json?raw_json=1&limit=50
2026-05-05T23:17:45Z INFO    [ERROR] GET https://www.reddit.com/comments/1pja1ad.json?raw_json=1&limit=50 → HTTP 429 after 3 attempts; giving up
2026-05-05T23:17:49Z INFO    [REQUEST] GET https://www.reddit.com/comments/1pja18p.json?raw_json=1&limit=50
2026-05-05T23:17:49Z INFO    [RETRY] 1/3 wait=1.0s HTTP 429
2026-05-05T23:17:53Z INFO    [REQUEST] GET https://www.reddit.com/comments/1pja18p.json?raw_json=1&limit=50
2026-05-05T23:17:53Z INFO    [RETRY] 2/3 wait=2.0s HTTP 429
2026-05-05T23:17:57Z INFO    [REQUEST] GET https://www.reddit.com/comments/1pja18p.json?raw_json=1&limit=50
2026-05-05T23:17:57Z INFO    [ERROR] GET https://www.reddit.com/comments/1pja18p.json?raw_json=1&limit=50 → HTTP 429 after 3 attempts; giving up
2026-05-05T23:18:01Z INFO    [REQUEST] GET https://www.reddit.com/comments/1pii6yy.json?raw_json=1&limit=50
2026-05-05T23:18:01Z INFO    [RETRY] 1/3 wait=1.0s HTTP 429
2026-05-05T23:18:05Z INFO    [REQUEST] GET https://www.reddit.com/comments/1pii6yy.json?raw_json=1&limit=50
2026-05-05T23:18:05Z INFO    [RETRY] 2/3 wait=2.0s HTTP 429
2026-05-05T23:18:09Z INFO    [REQUEST] GET https://www.reddit.com/comments/1pii6yy.json?raw_json=1&limit=50
2026-05-05T23:18:09Z INFO    [ERROR] GET https://www.reddit.com/comments/1pii6yy.json?raw_json=1&limit=50 → HTTP 429 after 3 attempts; giving up
2026-05-05T23:18:13Z INFO    [REQUEST] GET https://www.reddit.com/comments/1pii6vv.json?raw_json=1&limit=50
2026-05-05T23:18:14Z INFO    [RETRY] 1/3 wait=1.0s HTTP 429
2026-05-05T23:18:18Z INFO    [REQUEST] GET https://www.reddit.com/comments/1pii6vv.json?raw_json=1&limit=50
2026-05-05T23:18:18Z INFO    [RETRY] 2/3 wait=2.0s HTTP 429
2026-05-05T23:18:22Z INFO    [REQUEST] GET https://www.reddit.com/comments/1pii6vv.json?raw_json=1&limit=50
2026-05-05T23:18:22Z INFO    [ERROR] GET https://www.reddit.com/comments/1pii6vv.json?raw_json=1&limit=50 → HTTP 429 after 3 attempts; giving up
2026-05-05T23:18:26Z INFO    [REQUEST] GET https://www.reddit.com/comments/1pib7nr.json?raw_json=1&limit=50
2026-05-05T23:18:26Z INFO    [RETRY] 1/3 wait=1.0s HTTP 429
2026-05-05T23:18:30Z INFO    [REQUEST] GET https://www.reddit.com/comments/1pib7nr.json?raw_json=1&limit=50
2026-05-05T23:18:30Z INFO    [RETRY] 2/3 wait=2.0s HTTP 429
2026-05-05T23:18:34Z INFO    [REQUEST] GET https://www.reddit.com/comments/1pib7nr.json?raw_json=1&limit=50
2026-05-05T23:18:34Z INFO    [ERROR] GET https://www.reddit.com/comments/1pib7nr.json?raw_json=1&limit=50 → HTTP 429 after 3 attempts; giving up
2026-05-05T23:18:38Z INFO    [REQUEST] GET https://www.reddit.com/comments/1phg30s.json?raw_json=1&limit=50
2026-05-05T23:18:39Z INFO    [RETRY] 1/3 wait=1.0s HTTP 429
2026-05-05T23:18:43Z INFO    [REQUEST] GET https://www.reddit.com/comments/1phg30s.json?raw_json=1&limit=50
2026-05-05T23:18:43Z INFO    [RETRY] 2/3 wait=2.0s HTTP 429
2026-05-05T23:18:47Z INFO    [REQUEST] GET https://www.reddit.com/comments/1phg30s.json?raw_json=1&limit=50
2026-05-05T23:18:47Z INFO    [ERROR] GET https://www.reddit.com/comments/1phg30s.json?raw_json=1&limit=50 → HTTP 429 after 3 attempts; giving up
2026-05-05T23:18:51Z INFO    [REQUEST] GET https://www.reddit.com/comments/1phg2yp.json?raw_json=1&limit=50
2026-05-05T23:18:51Z INFO    [RETRY] 1/3 wait=1.0s HTTP 429
2026-05-05T23:18:55Z INFO    [REQUEST] GET https://www.reddit.com/comments/1phg2yp.json?raw_json=1&limit=50
2026-05-05T23:18:55Z INFO    [RETRY] 2/3 wait=2.0s HTTP 429
2026-05-05T23:18:59Z INFO    [REQUEST] GET https://www.reddit.com/comments/1phg2yp.json?raw_json=1&limit=50
2026-05-05T23:18:59Z INFO    [ERROR] GET https://www.reddit.com/comments/1phg2yp.json?raw_json=1&limit=50 → HTTP 429 after 3 attempts; giving up
2026-05-05T23:19:03Z INFO    [REQUEST] GET https://www.reddit.com/comments/1pgx586.json?raw_json=1&limit=50
2026-05-05T23:19:04Z INFO    [RETRY] 1/3 wait=1.0s HTTP 429
2026-05-05T23:19:08Z INFO    [REQUEST] GET https://www.reddit.com/comments/1pgx586.json?raw_json=1&limit=50
2026-05-05T23:19:08Z INFO    [RETRY] 2/3 wait=2.0s HTTP 429
2026-05-05T23:19:12Z INFO    [REQUEST] GET https://www.reddit.com/comments/1pgx586.json?raw_json=1&limit=50
2026-05-05T23:19:12Z INFO    [ERROR] GET https://www.reddit.com/comments/1pgx586.json?raw_json=1&limit=50 → HTTP 429 after 3 attempts; giving up
2026-05-05T23:19:16Z INFO    [REQUEST] GET https://www.reddit.com/comments/1pgx56h.json?raw_json=1&limit=50
2026-05-05T23:19:16Z INFO    [RETRY] 1/3 wait=1.0s HTTP 429
2026-05-05T23:19:20Z INFO    [REQUEST] GET https://www.reddit.com/comments/1pgx56h.json?raw_json=1&limit=50
2026-05-05T23:19:20Z INFO    [RETRY] 2/3 wait=2.0s HTTP 429
2026-05-05T23:19:24Z INFO    [REQUEST] GET https://www.reddit.com/comments/1pgx56h.json?raw_json=1&limit=50
2026-05-05T23:19:24Z INFO    [ERROR] GET https://www.reddit.com/comments/1pgx56h.json?raw_json=1&limit=50 → HTTP 429 after 3 attempts; giving up
2026-05-05T23:19:28Z INFO    [REQUEST] GET https://www.reddit.com/comments/1pg1day.json?raw_json=1&limit=50
2026-05-05T23:19:29Z INFO    [RETRY] 1/3 wait=1.0s HTTP 429
2026-05-05T23:19:33Z INFO    [REQUEST] GET https://www.reddit.com/comments/1pg1day.json?raw_json=1&limit=50
2026-05-05T23:19:33Z INFO    [RETRY] 2/3 wait=2.0s HTTP 429
2026-05-05T23:19:37Z INFO    [REQUEST] GET https://www.reddit.com/comments/1pg1day.json?raw_json=1&limit=50
2026-05-05T23:19:37Z INFO    [ERROR] GET https://www.reddit.com/comments/1pg1day.json?raw_json=1&limit=50 → HTTP 429 after 3 attempts; giving up
2026-05-05T23:19:41Z INFO    [REQUEST] GET https://www.reddit.com/comments/1pg1d8l.json?raw_json=1&limit=50
2026-05-05T23:19:41Z INFO    [RETRY] 1/3 wait=1.0s HTTP 429
2026-05-05T23:19:45Z INFO    [REQUEST] GET https://www.reddit.com/comments/1pg1d8l.json?raw_json=1&limit=50
2026-05-05T23:19:45Z INFO    [RETRY] 2/3 wait=2.0s HTTP 429
2026-05-05T23:19:49Z INFO    [REQUEST] GET https://www.reddit.com/comments/1pg1d8l.json?raw_json=1&limit=50
2026-05-05T23:19:49Z INFO    [ERROR] GET https://www.reddit.com/comments/1pg1d8l.json?raw_json=1&limit=50 → HTTP 429 after 3 attempts; giving up
2026-05-05T23:19:53Z INFO    [REQUEST] GET https://www.reddit.com/comments/1pf845p.json?raw_json=1&limit=50
2026-05-05T23:19:54Z INFO    [RETRY] 1/3 wait=1.0s HTTP 429
2026-05-05T23:19:58Z INFO    [REQUEST] GET https://www.reddit.com/comments/1pf845p.json?raw_json=1&limit=50
2026-05-05T23:19:58Z INFO    [RETRY] 2/3 wait=2.0s HTTP 429
2026-05-05T23:20:02Z INFO    [REQUEST] GET https://www.reddit.com/comments/1pf845p.json?raw_json=1&limit=50
2026-05-05T23:20:02Z INFO    [RESPONSE] 200 356ms https://www.reddit.com/comments/1pf845p.json?raw_json=1&limit=50
2026-05-05T23:20:02Z INFO    [INFO] r/indiegameswap  1pf845p  +5 comment(s)
2026-05-05T23:20:06Z INFO    [REQUEST] GET https://www.reddit.com/comments/1pf841k.json?raw_json=1&limit=50
2026-05-05T23:20:06Z INFO    [RESPONSE] 200 303ms https://www.reddit.com/comments/1pf841k.json?raw_json=1&limit=50
2026-05-05T23:20:06Z INFO    [INFO] r/SteamGameSwap  1pf841k  +1 comment(s)
2026-05-05T23:20:10Z INFO    [REQUEST] GET https://www.reddit.com/comments/1pe3po1.json?raw_json=1&limit=50
2026-05-05T23:20:11Z INFO    [RESPONSE] 200 692ms https://www.reddit.com/comments/1pe3po1.json?raw_json=1&limit=50
2026-05-05T23:20:11Z INFO    [INFO] r/SteamGameSwap  1pe3po1  +2 comment(s)
2026-05-05T23:20:15Z INFO    [REQUEST] GET https://www.reddit.com/comments/1pe3pmg.json?raw_json=1&limit=50
2026-05-05T23:20:16Z INFO    [RESPONSE] 200 372ms https://www.reddit.com/comments/1pe3pmg.json?raw_json=1&limit=50
2026-05-05T23:20:16Z INFO    [INFO] r/indiegameswap  1pe3pmg  +7 comment(s)
2026-05-05T23:20:20Z INFO    [REQUEST] GET https://www.reddit.com/comments/1pd9u7z.json?raw_json=1&limit=50
2026-05-05T23:20:20Z INFO    [RESPONSE] 200 384ms https://www.reddit.com/comments/1pd9u7z.json?raw_json=1&limit=50
2026-05-05T23:20:20Z INFO    [INFO] r/indiegameswap  1pd9u7z  +7 comment(s)
2026-05-05T23:20:24Z INFO    [REQUEST] GET https://www.reddit.com/comments/1pd9tkb.json?raw_json=1&limit=50
2026-05-05T23:20:24Z INFO    [RESPONSE] 200 375ms https://www.reddit.com/comments/1pd9tkb.json?raw_json=1&limit=50
2026-05-05T23:20:24Z INFO    [INFO] r/SteamGameSwap  1pd9tkb  +2 comment(s)
2026-05-05T23:20:28Z INFO    [REQUEST] GET https://www.reddit.com/comments/1p7h9zv.json?raw_json=1&limit=50
2026-05-05T23:20:29Z INFO    [RESPONSE] 200 340ms https://www.reddit.com/comments/1p7h9zv.json?raw_json=1&limit=50
2026-05-05T23:20:29Z INFO    [INFO] r/AskGreece  1p7h9zv  +7 comment(s)
2026-05-05T23:20:33Z INFO    [REQUEST] GET https://www.reddit.com/comments/1ooo25r.json?raw_json=1&limit=50
2026-05-05T23:20:33Z INFO    [RESPONSE] 200 327ms https://www.reddit.com/comments/1ooo25r.json?raw_json=1&limit=50
2026-05-05T23:20:33Z INFO    [INFO] r/exIglesiaNiCristo  1ooo25r  +6 comment(s)
2026-05-05T23:20:37Z INFO    [REQUEST] GET https://www.reddit.com/comments/1oit9za.json?raw_json=1&limit=50
2026-05-05T23:20:38Z INFO    [RESPONSE] 200 609ms https://www.reddit.com/comments/1oit9za.json?raw_json=1&limit=50
2026-05-05T23:20:38Z INFO    [INFO] r/Odsp  1oit9za  +10 comment(s)
2026-05-05T23:20:42Z INFO    [REQUEST] GET https://www.reddit.com/comments/1t36t03.json?raw_json=1&limit=50
2026-05-05T23:20:42Z INFO    [RESPONSE] 200 350ms https://www.reddit.com/comments/1t36t03.json?raw_json=1&limit=50
2026-05-05T23:20:42Z INFO    [INFO] r/alevels  1t36t03  +5 comment(s)
2026-05-05T23:20:46Z INFO    [REQUEST] GET https://www.reddit.com/comments/1s7g7pm.json?raw_json=1&limit=50
2026-05-05T23:20:47Z INFO    [RESPONSE] 200 696ms https://www.reddit.com/comments/1s7g7pm.json?raw_json=1&limit=50
2026-05-05T23:20:47Z INFO    [INFO] r/ParadiseHulu  1s7g7pm  +16 comment(s)
2026-05-05T23:20:51Z INFO    [REQUEST] GET https://www.reddit.com/comments/1s7g315.json?raw_json=1&limit=50
2026-05-05T23:20:51Z INFO    [RESPONSE] 200 606ms https://www.reddit.com/comments/1s7g315.json?raw_json=1&limit=50
2026-05-05T23:20:51Z INFO    [INFO] r/ParadiseHulu  1s7g315  +29 comment(s)
2026-05-05T23:20:55Z INFO    [REQUEST] GET https://www.reddit.com/comments/1scdgcb.json?raw_json=1&limit=50
2026-05-05T23:20:56Z INFO    [RESPONSE] 200 690ms https://www.reddit.com/comments/1scdgcb.json?raw_json=1&limit=50
2026-05-05T23:20:56Z INFO    [INFO] r/television  1scdgcb  +13 comment(s)
2026-05-05T23:21:00Z INFO    [REQUEST] GET https://www.reddit.com/comments/1s9jarg.json?raw_json=1&limit=50
2026-05-05T23:21:01Z INFO    [RESPONSE] 200 629ms https://www.reddit.com/comments/1s9jarg.json?raw_json=1&limit=50
2026-05-05T23:21:01Z INFO    [INFO] r/television  1s9jarg  +34 comment(s)
2026-05-05T23:21:05Z INFO    [REQUEST] GET https://www.reddit.com/comments/1ol90ws.json?raw_json=1&limit=50
2026-05-05T23:21:05Z INFO    [RESPONSE] 200 589ms https://www.reddit.com/comments/1ol90ws.json?raw_json=1&limit=50
2026-05-05T23:21:05Z INFO    [INFO] r/television  1ol90ws  +25 comment(s)
2026-05-05T23:21:09Z INFO    [REQUEST] GET https://www.reddit.com/comments/1iszvqm.json?raw_json=1&limit=50
2026-05-05T23:21:10Z INFO    [RESPONSE] 200 680ms https://www.reddit.com/comments/1iszvqm.json?raw_json=1&limit=50
2026-05-05T23:21:10Z INFO    [INFO] r/television  1iszvqm  +22 comment(s)
2026-05-05T23:21:14Z INFO    [REQUEST] GET https://www.reddit.com/comments/1spm6ug.json?raw_json=1&limit=50
2026-05-05T23:21:14Z INFO    [RESPONSE] 200 595ms https://www.reddit.com/comments/1spm6ug.json?raw_json=1&limit=50
2026-05-05T23:21:14Z INFO    [INFO] r/tamagotchi  1spm6ug  +25 comment(s)
2026-05-05T23:21:18Z INFO    [REQUEST] GET https://www.reddit.com/comments/1ndv7xy.json?raw_json=1&limit=50
2026-05-05T23:21:19Z INFO    [RESPONSE] 200 713ms https://www.reddit.com/comments/1ndv7xy.json?raw_json=1&limit=50
2026-05-05T23:21:19Z INFO    [INFO] r/tamagotchi  1ndv7xy  +33 comment(s)
2026-05-05T23:21:23Z INFO    [REQUEST] GET https://www.reddit.com/comments/1qou3g2.json?raw_json=1&limit=50
2026-05-05T23:21:23Z INFO    [RESPONSE] 200 330ms https://www.reddit.com/comments/1qou3g2.json?raw_json=1&limit=50
2026-05-05T23:21:23Z INFO    [INFO] r/Anime2020s  1qou3g2  +2 comment(s)
2026-05-05T23:21:27Z INFO    [REQUEST] GET https://www.reddit.com/comments/1k2o9di.json?raw_json=1&limit=50
2026-05-05T23:21:28Z INFO    [RESPONSE] 200 302ms https://www.reddit.com/comments/1k2o9di.json?raw_json=1&limit=50
2026-05-05T23:21:28Z INFO    [INFO] r/television  1k2o9di  +9 comment(s)
2026-05-05T23:21:32Z INFO    [REQUEST] GET https://www.reddit.com/comments/1rr4vos.json?raw_json=1&limit=50
2026-05-05T23:21:32Z INFO    [RESPONSE] 200 632ms https://www.reddit.com/comments/1rr4vos.json?raw_json=1&limit=50
2026-05-05T23:21:32Z INFO    [INFO] r/malelivingspace  1rr4vos  +9 comment(s)
2026-05-05T23:21:36Z INFO    [REQUEST] GET https://www.reddit.com/comments/1sbqny8.json?raw_json=1&limit=50
2026-05-05T23:21:37Z INFO    [RESPONSE] 200 578ms https://www.reddit.com/comments/1sbqny8.json?raw_json=1&limit=50
2026-05-05T23:21:37Z INFO    [INFO] r/NoMansSkyTheGame  1sbqny8  +20 comment(s)
2026-05-05T23:21:41Z INFO    [REQUEST] GET https://www.reddit.com/comments/1qe5qua.json?raw_json=1&limit=50
2026-05-05T23:21:42Z INFO    [RESPONSE] 200 803ms https://www.reddit.com/comments/1qe5qua.json?raw_json=1&limit=50
2026-05-05T23:21:42Z INFO    [INFO] r/HonkaiStarRail_leaks  1qe5qua  +23 comment(s)
2026-05-05T23:21:46Z INFO    [REQUEST] GET https://www.reddit.com/comments/1n9k5y6.json?raw_json=1&limit=50
2026-05-05T23:21:47Z INFO    [RESPONSE] 200 819ms https://www.reddit.com/comments/1n9k5y6.json?raw_json=1&limit=50
2026-05-05T23:21:47Z INFO    [INFO] r/NatureIsFuckingLit  1n9k5y6  +20 comment(s)
2026-05-05T23:21:51Z INFO    [REQUEST] GET https://www.reddit.com/comments/1skuzwr.json?raw_json=1&limit=50
2026-05-05T23:21:51Z INFO    [RESPONSE] 200 663ms https://www.reddit.com/comments/1skuzwr.json?raw_json=1&limit=50
2026-05-05T23:21:51Z INFO    [INFO] r/NoMansSkyTheGame  1skuzwr  +15 comment(s)
2026-05-05T23:21:55Z INFO    [REQUEST] GET https://www.reddit.com/comments/1k2caz9.json?raw_json=1&limit=50
2026-05-05T23:21:56Z INFO    [RESPONSE] 200 744ms https://www.reddit.com/comments/1k2caz9.json?raw_json=1&limit=50
2026-05-05T23:21:56Z INFO    [INFO] r/geography  1k2caz9  +13 comment(s)
2026-05-05T23:22:00Z INFO    [REQUEST] GET https://www.reddit.com/comments/1sjg5l7.json?raw_json=1&limit=50
2026-05-05T23:22:01Z INFO    [RESPONSE] 200 690ms https://www.reddit.com/comments/1sjg5l7.json?raw_json=1&limit=50
2026-05-05T23:22:01Z INFO    [INFO] r/ImaginaryWarhammer  1sjg5l7  +20 comment(s)
2026-05-05T23:22:05Z INFO    [REQUEST] GET https://www.reddit.com/comments/1m86uj5.json?raw_json=1&limit=50
2026-05-05T23:22:05Z INFO    [RESPONSE] 200 740ms https://www.reddit.com/comments/1m86uj5.json?raw_json=1&limit=50
2026-05-05T23:22:05Z INFO    [INFO] r/NativePlantGardening  1m86uj5  +21 comment(s)
2026-05-05T23:22:09Z INFO    [REQUEST] GET https://www.reddit.com/comments/1mv46ou.json?raw_json=1&limit=50
2026-05-05T23:22:10Z INFO    [RESPONSE] 200 640ms https://www.reddit.com/comments/1mv46ou.json?raw_json=1&limit=50
2026-05-05T23:22:10Z INFO    [INFO] r/Grimdank  1mv46ou  +11 comment(s)
2026-05-05T23:22:14Z INFO    [REQUEST] GET https://www.reddit.com/comments/1t3oveq.json?raw_json=1&limit=50
2026-05-05T23:22:15Z INFO    [RESPONSE] 200 622ms https://www.reddit.com/comments/1t3oveq.json?raw_json=1&limit=50
2026-05-05T23:22:15Z INFO    [INFO] r/geography  1t3oveq  +7 comment(s)
2026-05-05T23:22:19Z INFO    [REQUEST] GET https://www.reddit.com/comments/1sfy388.json?raw_json=1&limit=50
2026-05-05T23:22:19Z INFO    [RESPONSE] 200 489ms https://www.reddit.com/comments/1sfy388.json?raw_json=1&limit=50
2026-05-05T23:22:19Z INFO    [INFO] r/ImaginaryWarhammer  1sfy388  +11 comment(s)
2026-05-05T23:22:23Z INFO    [REQUEST] GET https://www.reddit.com/comments/1fh9zbf.json?raw_json=1&limit=50
2026-05-05T23:22:24Z INFO    [RESPONSE] 200 724ms https://www.reddit.com/comments/1fh9zbf.json?raw_json=1&limit=50
2026-05-05T23:22:24Z INFO    [INFO] r/malelivingspace  1fh9zbf  +22 comment(s)
2026-05-05T23:22:28Z INFO    [REQUEST] GET https://www.reddit.com/comments/1r3txj7.json?raw_json=1&limit=50
2026-05-05T23:22:29Z INFO    [RESPONSE] 200 646ms https://www.reddit.com/comments/1r3txj7.json?raw_json=1&limit=50
2026-05-05T23:22:29Z INFO    [INFO] r/NoMansSkyTheGame  1r3txj7  +18 comment(s)
2026-05-05T23:22:33Z INFO    [REQUEST] GET https://www.reddit.com/comments/1gbyd1y.json?raw_json=1&limit=50
2026-05-05T23:22:33Z INFO    [RESPONSE] 200 809ms https://www.reddit.com/comments/1gbyd1y.json?raw_json=1&limit=50
2026-05-05T23:22:33Z INFO    [INFO] r/nextfuckinglevel  1gbyd1y  +17 comment(s)
2026-05-05T23:22:37Z INFO    [REQUEST] GET https://www.reddit.com/comments/1s6xxpw.json?raw_json=1&limit=50
2026-05-05T23:22:38Z INFO    [RESPONSE] 200 699ms https://www.reddit.com/comments/1s6xxpw.json?raw_json=1&limit=50
2026-05-05T23:22:38Z INFO    [INFO] r/anime  1s6xxpw  +16 comment(s)
2026-05-05T23:22:42Z INFO    [REQUEST] GET https://www.reddit.com/comments/1o0l5l4.json?raw_json=1&limit=50
2026-05-05T23:22:43Z INFO    [RESPONSE] 200 655ms https://www.reddit.com/comments/1o0l5l4.json?raw_json=1&limit=50
2026-05-05T23:22:43Z INFO    [INFO] r/geography  1o0l5l4  +15 comment(s)
2026-05-05T23:22:47Z INFO    [REQUEST] GET https://www.reddit.com/comments/1nq6h0b.json?raw_json=1&limit=50
2026-05-05T23:22:48Z INFO    [RESPONSE] 200 820ms https://www.reddit.com/comments/1nq6h0b.json?raw_json=1&limit=50
2026-05-05T23:22:48Z INFO    [INFO] r/Fauxmoi  1nq6h0b  +16 comment(s)
2026-05-05T23:22:52Z INFO    [REQUEST] GET https://www.reddit.com/comments/1rvfwp8.json?raw_json=1&limit=50
2026-05-05T23:22:52Z INFO    [RESPONSE] 200 677ms https://www.reddit.com/comments/1rvfwp8.json?raw_json=1&limit=50
2026-05-05T23:22:52Z INFO    [INFO] r/geography  1rvfwp8  +18 comment(s)
2026-05-05T23:22:56Z INFO    [REQUEST] GET https://www.reddit.com/comments/1qw1rin.json?raw_json=1&limit=50
2026-05-05T23:22:57Z INFO    [RESPONSE] 200 706ms https://www.reddit.com/comments/1qw1rin.json?raw_json=1&limit=50
2026-05-05T23:22:57Z INFO    [INFO] r/NoMansSkyTheGame  1qw1rin  +18 comment(s)
2026-05-05T23:23:01Z INFO    [REQUEST] GET https://www.reddit.com/comments/1sqr10f.json?raw_json=1&limit=50
2026-05-05T23:23:02Z INFO    [RESPONSE] 200 707ms https://www.reddit.com/comments/1sqr10f.json?raw_json=1&limit=50
2026-05-05T23:23:02Z INFO    [INFO] r/abandoned  1sqr10f  +17 comment(s)
2026-05-05T23:23:06Z INFO    [REQUEST] GET https://www.reddit.com/comments/1rtvidi.json?raw_json=1&limit=50
2026-05-05T23:23:06Z INFO    [RESPONSE] 200 465ms https://www.reddit.com/comments/1rtvidi.json?raw_json=1&limit=50
2026-05-05T23:23:06Z INFO    [INFO] r/todayilearned  1rtvidi  +18 comment(s)
2026-05-05T23:23:10Z INFO    [REQUEST] GET https://www.reddit.com/comments/1rs8nly.json?raw_json=1&limit=50
2026-05-05T23:23:11Z INFO    [RESPONSE] 200 744ms https://www.reddit.com/comments/1rs8nly.json?raw_json=1&limit=50
2026-05-05T23:23:11Z INFO    [INFO] r/zillowgonewild  1rs8nly  +16 comment(s)
2026-05-05T23:23:15Z INFO    [REQUEST] GET https://www.reddit.com/comments/1qa21dg.json?raw_json=1&limit=50
2026-05-05T23:23:16Z INFO    [RESPONSE] 200 656ms https://www.reddit.com/comments/1qa21dg.json?raw_json=1&limit=50
2026-05-05T23:23:16Z INFO    [INFO] r/anime  1qa21dg  +11 comment(s)
2026-05-05T23:23:20Z INFO    [REQUEST] GET https://www.reddit.com/comments/1rhp9lx.json?raw_json=1&limit=50
2026-05-05T23:23:20Z INFO    [RESPONSE] 200 629ms https://www.reddit.com/comments/1rhp9lx.json?raw_json=1&limit=50
2026-05-05T23:23:20Z INFO    [INFO] r/NoMansSkyTheGame  1rhp9lx  +12 comment(s)
2026-05-05T23:23:24Z INFO    [REQUEST] GET https://www.reddit.com/comments/1rbof5p.json?raw_json=1&limit=50
2026-05-05T23:23:25Z INFO    [RESPONSE] 200 722ms https://www.reddit.com/comments/1rbof5p.json?raw_json=1&limit=50
2026-05-05T23:23:25Z INFO    [INFO] r/anime  1rbof5p  +20 comment(s)
2026-05-05T23:23:29Z INFO    [REQUEST] GET https://www.reddit.com/comments/1s0v35v.json?raw_json=1&limit=50
2026-05-05T23:23:29Z INFO    [RESPONSE] 200 523ms https://www.reddit.com/comments/1s0v35v.json?raw_json=1&limit=50
2026-05-05T23:23:29Z INFO    [INFO] r/recruitinghell  1s0v35v  +31 comment(s)
2026-05-05T23:23:33Z INFO    [REQUEST] GET https://www.reddit.com/comments/1na1q8z.json?raw_json=1&limit=50
2026-05-05T23:23:34Z INFO    [RESPONSE] 200 1041ms https://www.reddit.com/comments/1na1q8z.json?raw_json=1&limit=50
2026-05-05T23:23:34Z INFO    [INFO] r/NOMANSSKY  1na1q8z  +11 comment(s)
2026-05-05T23:23:38Z INFO    [REQUEST] GET https://www.reddit.com/comments/1ekif02.json?raw_json=1&limit=50
2026-05-05T23:23:39Z INFO    [RESPONSE] 200 731ms https://www.reddit.com/comments/1ekif02.json?raw_json=1&limit=50
2026-05-05T23:23:39Z INFO    [INFO] r/coolguides  1ekif02  +15 comment(s)
2026-05-05T23:23:43Z INFO    [REQUEST] GET https://www.reddit.com/comments/1rmrjfl.json?raw_json=1&limit=50
2026-05-05T23:23:44Z INFO    [RESPONSE] 200 526ms https://www.reddit.com/comments/1rmrjfl.json?raw_json=1&limit=50
2026-05-05T23:23:44Z INFO    [INFO] r/NoMansSkyTheGame  1rmrjfl  +28 comment(s)
2026-05-05T23:23:48Z INFO    [REQUEST] GET https://www.reddit.com/comments/1h4sgw1.json?raw_json=1&limit=50
2026-05-05T23:23:49Z INFO    [RESPONSE] 200 841ms https://www.reddit.com/comments/1h4sgw1.json?raw_json=1&limit=50
2026-05-05T23:23:49Z INFO    [INFO] r/Grimdank  1h4sgw1  +8 comment(s)
2026-05-05T23:23:53Z INFO    [REQUEST] GET https://www.reddit.com/comments/1k25hmh.json?raw_json=1&limit=50
2026-05-05T23:23:53Z INFO    [RESPONSE] 200 708ms https://www.reddit.com/comments/1k25hmh.json?raw_json=1&limit=50
2026-05-05T23:23:53Z INFO    [INFO] r/worldnews  1k25hmh  +9 comment(s)
2026-05-05T23:23:57Z INFO    [REQUEST] GET https://www.reddit.com/comments/1qmlssm.json?raw_json=1&limit=50
2026-05-05T23:23:58Z INFO    [RESPONSE] 200 642ms https://www.reddit.com/comments/1qmlssm.json?raw_json=1&limit=50
2026-05-05T23:23:58Z INFO    [INFO] r/anime  1qmlssm  +16 comment(s)
2026-05-05T23:24:02Z INFO    [REQUEST] GET https://www.reddit.com/comments/1on2sqj.json?raw_json=1&limit=50
2026-05-05T23:24:03Z INFO    [RESPONSE] 200 668ms https://www.reddit.com/comments/1on2sqj.json?raw_json=1&limit=50
2026-05-05T23:24:03Z INFO    [INFO] r/travel  1on2sqj  +18 comment(s)
2026-05-05T23:24:07Z INFO    [REQUEST] GET https://www.reddit.com/comments/1qgb9o8.json?raw_json=1&limit=50
2026-05-05T23:24:07Z INFO    [RESPONSE] 200 741ms https://www.reddit.com/comments/1qgb9o8.json?raw_json=1&limit=50
2026-05-05T23:24:07Z INFO    [INFO] r/anime  1qgb9o8  +16 comment(s)
2026-05-05T23:24:11Z INFO    [REQUEST] GET https://www.reddit.com/comments/1nefj6b.json?raw_json=1&limit=50
2026-05-05T23:24:12Z INFO    [RESPONSE] 200 736ms https://www.reddit.com/comments/1nefj6b.json?raw_json=1&limit=50
2026-05-05T23:24:12Z INFO    [INFO] r/NMSCoordinateExchange  1nefj6b  +24 comment(s)
2026-05-05T23:24:16Z INFO    [REQUEST] GET https://www.reddit.com/comments/1bfcdld.json?raw_json=1&limit=50
2026-05-05T23:24:17Z INFO    [RESPONSE] 200 1144ms https://www.reddit.com/comments/1bfcdld.json?raw_json=1&limit=50
2026-05-05T23:24:17Z INFO    [INFO] r/Grimdank  1bfcdld  +14 comment(s)
2026-05-05T23:24:21Z INFO    [REQUEST] GET https://www.reddit.com/comments/1s0odyd.json?raw_json=1&limit=50
2026-05-05T23:24:22Z INFO    [RESPONSE] 200 612ms https://www.reddit.com/comments/1s0odyd.json?raw_json=1&limit=50
2026-05-05T23:24:22Z INFO    [INFO] r/anime  1s0odyd  +21 comment(s)
2026-05-05T23:24:26Z INFO    [REQUEST] GET https://www.reddit.com/comments/140qgh3.json?raw_json=1&limit=50
2026-05-05T23:24:27Z INFO    [RESPONSE] 200 703ms https://www.reddit.com/comments/140qgh3.json?raw_json=1&limit=50
2026-05-05T23:24:27Z INFO    [INFO] r/facepalm  140qgh3  +19 comment(s)
2026-05-05T23:24:31Z INFO    [REQUEST] GET https://www.reddit.com/comments/1ng8f4e.json?raw_json=1&limit=50
2026-05-05T23:24:31Z INFO    [RESPONSE] 200 645ms https://www.reddit.com/comments/1ng8f4e.json?raw_json=1&limit=50
2026-05-05T23:24:31Z INFO    [INFO] r/NoMansSkyTheGame  1ng8f4e  +15 comment(s)
2026-05-05T23:24:35Z INFO    [REQUEST] GET https://www.reddit.com/comments/m95r6o.json?raw_json=1&limit=50
2026-05-05T23:24:37Z INFO    [RESPONSE] 200 1552ms https://www.reddit.com/comments/m95r6o.json?raw_json=1&limit=50
2026-05-05T23:24:37Z INFO    [INFO] r/ThatsInsane  m95r6o  +15 comment(s)
2026-05-05T23:24:41Z INFO    [REQUEST] GET https://www.reddit.com/comments/1oq82zo.json?raw_json=1&limit=50
2026-05-05T23:24:41Z INFO    [RESPONSE] 200 656ms https://www.reddit.com/comments/1oq82zo.json?raw_json=1&limit=50
2026-05-05T23:24:41Z INFO    [INFO] r/toronto  1oq82zo  +27 comment(s)
2026-05-05T23:24:45Z INFO    [REQUEST] GET https://www.reddit.com/comments/1r5h4sc.json?raw_json=1&limit=50
2026-05-05T23:24:46Z INFO    [RESPONSE] 200 611ms https://www.reddit.com/comments/1r5h4sc.json?raw_json=1&limit=50
2026-05-05T23:24:46Z INFO    [INFO] r/anime  1r5h4sc  +17 comment(s)
2026-05-05T23:24:50Z INFO    [REQUEST] GET https://www.reddit.com/comments/pk9x7d.json?raw_json=1&limit=50
2026-05-05T23:24:51Z INFO    [RESPONSE] 200 782ms https://www.reddit.com/comments/pk9x7d.json?raw_json=1&limit=50
2026-05-05T23:24:51Z INFO    [INFO] r/ThatsInsane  pk9x7d  +15 comment(s)
2026-05-05T23:24:55Z INFO    [REQUEST] GET https://www.reddit.com/comments/1qt17re.json?raw_json=1&limit=50
2026-05-05T23:24:55Z INFO    [RESPONSE] 200 619ms https://www.reddit.com/comments/1qt17re.json?raw_json=1&limit=50
2026-05-05T23:24:55Z INFO    [INFO] r/anime  1qt17re  +14 comment(s)
2026-05-05T23:24:59Z INFO    [REQUEST] GET https://www.reddit.com/comments/1jgjl35.json?raw_json=1&limit=50
2026-05-05T23:25:00Z INFO    [RESPONSE] 200 654ms https://www.reddit.com/comments/1jgjl35.json?raw_json=1&limit=50
2026-05-05T23:25:00Z INFO    [INFO] r/NoMansSkyTheGame  1jgjl35  +17 comment(s)
2026-05-05T23:25:04Z INFO    [REQUEST] GET https://www.reddit.com/comments/1cvwflz.json?raw_json=1&limit=50
2026-05-05T23:25:05Z INFO    [RESPONSE] 200 656ms https://www.reddit.com/comments/1cvwflz.json?raw_json=1&limit=50
2026-05-05T23:25:05Z INFO    [INFO] r/england  1cvwflz  +12 comment(s)
2026-05-05T23:25:09Z INFO    [REQUEST] GET https://www.reddit.com/comments/1pmb193.json?raw_json=1&limit=50
2026-05-05T23:25:09Z INFO    [RESPONSE] 200 667ms https://www.reddit.com/comments/1pmb193.json?raw_json=1&limit=50
2026-05-05T23:25:09Z INFO    [INFO] r/mildlyinteresting  1pmb193  +12 comment(s)
2026-05-05T23:25:13Z INFO    [REQUEST] GET https://www.reddit.com/comments/1rugp6a.json?raw_json=1&limit=50
2026-05-05T23:25:14Z INFO    [RESPONSE] 200 613ms https://www.reddit.com/comments/1rugp6a.json?raw_json=1&limit=50
2026-05-05T23:25:14Z INFO    [INFO] r/anime  1rugp6a  +19 comment(s)
2026-05-05T23:25:18Z INFO    [REQUEST] GET https://www.reddit.com/comments/1o25drp.json?raw_json=1&limit=50
2026-05-05T23:25:19Z INFO    [RESPONSE] 200 505ms https://www.reddit.com/comments/1o25drp.json?raw_json=1&limit=50
2026-05-05T23:25:19Z INFO    [INFO] r/anime  1o25drp  +16 comment(s)
2026-05-05T23:25:23Z INFO    [REQUEST] GET https://www.reddit.com/comments/1375ak8.json?raw_json=1&limit=50
2026-05-05T23:25:23Z INFO    [RESPONSE] 200 497ms https://www.reddit.com/comments/1375ak8.json?raw_json=1&limit=50
2026-05-05T23:25:23Z INFO    [INFO] r/movies  1375ak8  +8 comment(s)
2026-05-05T23:25:27Z INFO    [REQUEST] GET https://www.reddit.com/comments/1paj5qf.json?raw_json=1&limit=50
2026-05-05T23:25:28Z INFO    [RESPONSE] 200 591ms https://www.reddit.com/comments/1paj5qf.json?raw_json=1&limit=50
2026-05-05T23:25:28Z INFO    [INFO] r/NatureIsFuckingLit  1paj5qf  +29 comment(s)
2026-05-05T23:25:32Z INFO    [REQUEST] GET https://www.reddit.com/comments/1qzbjj4.json?raw_json=1&limit=50
2026-05-05T23:25:32Z INFO    [RESPONSE] 200 700ms https://www.reddit.com/comments/1qzbjj4.json?raw_json=1&limit=50
2026-05-05T23:25:32Z INFO    [INFO] r/anime  1qzbjj4  +17 comment(s)
2026-05-05T23:25:36Z INFO    [REQUEST] GET https://www.reddit.com/comments/1rhzw3q.json?raw_json=1&limit=50
2026-05-05T23:25:37Z INFO    [RESPONSE] 200 630ms https://www.reddit.com/comments/1rhzw3q.json?raw_json=1&limit=50
2026-05-05T23:25:37Z INFO    [INFO] r/anime  1rhzw3q  +24 comment(s)
2026-05-05T23:25:41Z INFO    [REQUEST] GET https://www.reddit.com/comments/1op45i4.json?raw_json=1&limit=50
2026-05-05T23:25:42Z INFO    [RESPONSE] 200 542ms https://www.reddit.com/comments/1op45i4.json?raw_json=1&limit=50
2026-05-05T23:25:42Z INFO    [INFO] r/wunkus  1op45i4  +22 comment(s)
2026-05-05T23:25:46Z INFO    [REQUEST] GET https://www.reddit.com/comments/1ro7foh.json?raw_json=1&limit=50
2026-05-05T23:25:46Z INFO    [RESPONSE] 200 808ms https://www.reddit.com/comments/1ro7foh.json?raw_json=1&limit=50
2026-05-05T23:25:46Z INFO    [INFO] r/anime  1ro7foh  +21 comment(s)
2026-05-05T23:25:50Z INFO    [REQUEST] GET https://www.reddit.com/comments/1snzz88.json?raw_json=1&limit=50
2026-05-05T23:25:51Z INFO    [RESPONSE] 200 482ms https://www.reddit.com/comments/1snzz88.json?raw_json=1&limit=50
2026-05-05T23:25:51Z INFO    [INFO] r/NatureIsFuckingLit  1snzz88  +28 comment(s)
2026-05-05T23:25:55Z INFO    [REQUEST] GET https://www.reddit.com/comments/1qzkpi8.json?raw_json=1&limit=50
2026-05-05T23:25:56Z INFO    [RESPONSE] 200 1086ms https://www.reddit.com/comments/1qzkpi8.json?raw_json=1&limit=50
2026-05-05T23:25:56Z INFO    [INFO] r/SinglesInferno  1qzkpi8  +23 comment(s)
2026-05-05T23:26:00Z INFO    [REQUEST] GET https://www.reddit.com/comments/9vltq7.json?raw_json=1&limit=50
2026-05-05T23:26:01Z INFO    [RESPONSE] 200 1013ms https://www.reddit.com/comments/9vltq7.json?raw_json=1&limit=50
2026-05-05T23:26:01Z INFO    [INFO] r/gifs  9vltq7  +15 comment(s)
2026-05-05T23:26:05Z INFO    [REQUEST] GET https://www.reddit.com/comments/1szq9ci.json?raw_json=1&limit=50
2026-05-05T23:26:05Z INFO    [RESPONSE] 200 494ms https://www.reddit.com/comments/1szq9ci.json?raw_json=1&limit=50
2026-05-05T23:26:05Z INFO    [INFO] r/interesting  1szq9ci  +22 comment(s)
2026-05-05T23:26:09Z INFO    [REQUEST] GET https://www.reddit.com/comments/gca8zw.json?raw_json=1&limit=50
2026-05-05T23:26:10Z INFO    [RESPONSE] 200 743ms https://www.reddit.com/comments/gca8zw.json?raw_json=1&limit=50
2026-05-05T23:26:10Z INFO    [INFO] r/nottheonion  gca8zw  +13 comment(s)
2026-05-05T23:26:14Z INFO    [REQUEST] GET https://www.reddit.com/comments/10p0bzj.json?raw_json=1&limit=50
2026-05-05T23:26:15Z INFO    [RESPONSE] 200 720ms https://www.reddit.com/comments/10p0bzj.json?raw_json=1&limit=50
2026-05-05T23:26:15Z INFO    [INFO] r/NatureIsFuckingLit  10p0bzj  +15 comment(s)
2026-05-05T23:26:19Z INFO    [REQUEST] GET https://www.reddit.com/comments/12imzjq.json?raw_json=1&limit=50
2026-05-05T23:26:20Z INFO    [RESPONSE] 200 672ms https://www.reddit.com/comments/12imzjq.json?raw_json=1&limit=50
2026-05-05T23:26:20Z INFO    [INFO] r/movies  12imzjq  +12 comment(s)
2026-05-05T23:26:24Z INFO    [REQUEST] GET https://www.reddit.com/comments/gccll0.json?raw_json=1&limit=50
2026-05-05T23:26:24Z INFO    [RESPONSE] 200 932ms https://www.reddit.com/comments/gccll0.json?raw_json=1&limit=50
2026-05-05T23:26:24Z INFO    [INFO] r/news  gccll0  +8 comment(s)
2026-05-05T23:26:28Z INFO    [REQUEST] GET https://www.reddit.com/comments/128pwmj.json?raw_json=1&limit=50
2026-05-05T23:26:29Z INFO    [RESPONSE] 200 709ms https://www.reddit.com/comments/128pwmj.json?raw_json=1&limit=50
2026-05-05T23:26:29Z INFO    [INFO] r/anime  128pwmj  +15 comment(s)
2026-05-05T23:26:33Z INFO    [REQUEST] GET https://www.reddit.com/comments/1pt1w0d.json?raw_json=1&limit=50
2026-05-05T23:26:34Z INFO    [RESPONSE] 200 681ms https://www.reddit.com/comments/1pt1w0d.json?raw_json=1&limit=50
2026-05-05T23:26:34Z INFO    [INFO] r/EpicGamesPC  1pt1w0d  +20 comment(s)
2026-05-05T23:26:38Z INFO    [REQUEST] GET https://www.reddit.com/comments/1m94xk2.json?raw_json=1&limit=50
2026-05-05T23:26:38Z INFO    [RESPONSE] 200 521ms https://www.reddit.com/comments/1m94xk2.json?raw_json=1&limit=50
2026-05-05T23:26:38Z INFO    [INFO] r/trashy  1m94xk2  +19 comment(s)
2026-05-05T23:26:42Z INFO    [REQUEST] GET https://www.reddit.com/comments/93mv51.json?raw_json=1&limit=50
2026-05-05T23:26:43Z INFO    [RESPONSE] 200 848ms https://www.reddit.com/comments/93mv51.json?raw_json=1&limit=50
2026-05-05T23:26:43Z INFO    [INFO] r/WTF  93mv51  +16 comment(s)
2026-05-05T23:26:47Z INFO    [REQUEST] GET https://www.reddit.com/comments/1o4cotq.json?raw_json=1&limit=50
2026-05-05T23:26:48Z INFO    [RESPONSE] 200 709ms https://www.reddit.com/comments/1o4cotq.json?raw_json=1&limit=50
2026-05-05T23:26:48Z INFO    [INFO] r/NoMansSkyTheGame  1o4cotq  +25 comment(s)
2026-05-05T23:26:52Z INFO    [REQUEST] GET https://www.reddit.com/comments/1lbvoos.json?raw_json=1&limit=50
2026-05-05T23:26:52Z INFO    [RESPONSE] 200 454ms https://www.reddit.com/comments/1lbvoos.json?raw_json=1&limit=50
2026-05-05T23:26:52Z INFO    [INFO] r/GardeningUK  1lbvoos  +39 comment(s)
2026-05-05T23:26:56Z INFO    [REQUEST] GET https://www.reddit.com/comments/13tzrb5.json?raw_json=1&limit=50
2026-05-05T23:26:57Z INFO    [RESPONSE] 200 613ms https://www.reddit.com/comments/13tzrb5.json?raw_json=1&limit=50
2026-05-05T23:26:57Z INFO    [INFO] r/terriblefacebookmemes  13tzrb5  +16 comment(s)
2026-05-05T23:27:01Z INFO    [REQUEST] GET https://www.reddit.com/comments/1s16nmi.json?raw_json=1&limit=50
2026-05-05T23:27:02Z INFO    [RESPONSE] 200 1127ms https://www.reddit.com/comments/1s16nmi.json?raw_json=1&limit=50
2026-05-05T23:27:02Z INFO    [INFO] r/ParadiseHulu  1s16nmi  +25 comment(s)
2026-05-05T23:27:06Z INFO    [REQUEST] GET https://www.reddit.com/comments/1mdsxtu.json?raw_json=1&limit=50
2026-05-05T23:27:07Z INFO    [RESPONSE] 200 467ms https://www.reddit.com/comments/1mdsxtu.json?raw_json=1&limit=50
2026-05-05T23:27:07Z INFO    [INFO] r/AustralianNostalgia  1mdsxtu  +18 comment(s)
2026-05-05T23:27:11Z INFO    [REQUEST] GET https://www.reddit.com/comments/1srvq0u.json?raw_json=1&limit=50
2026-05-05T23:27:11Z INFO    [RESPONSE] 200 481ms https://www.reddit.com/comments/1srvq0u.json?raw_json=1&limit=50
2026-05-05T23:27:11Z INFO    [INFO] r/IndianCricket  1srvq0u  +31 comment(s)
2026-05-05T23:27:15Z INFO    [REQUEST] GET https://www.reddit.com/comments/eubs92.json?raw_json=1&limit=50
2026-05-05T23:27:16Z INFO    [RESPONSE] 200 698ms https://www.reddit.com/comments/eubs92.json?raw_json=1&limit=50
2026-05-05T23:27:16Z INFO    [INFO] r/BlackPeopleTwitter  eubs92  +18 comment(s)
2026-05-05T23:27:20Z INFO    [REQUEST] GET https://www.reddit.com/comments/1ludgvl.json?raw_json=1&limit=50
2026-05-05T23:27:20Z INFO    [RESPONSE] 200 605ms https://www.reddit.com/comments/1ludgvl.json?raw_json=1&limit=50
2026-05-05T23:27:20Z INFO    [INFO] r/NoMansSkyTheGame  1ludgvl  +21 comment(s)
2026-05-05T23:27:24Z INFO    [REQUEST] GET https://www.reddit.com/comments/1scu5gy.json?raw_json=1&limit=50
2026-05-05T23:27:25Z INFO    [RESPONSE] 200 445ms https://www.reddit.com/comments/1scu5gy.json?raw_json=1&limit=50
2026-05-05T23:27:25Z INFO    [INFO] r/80smemorylane  1scu5gy  +36 comment(s)
2026-05-05T23:27:29Z INFO    [REQUEST] GET https://www.reddit.com/comments/7nqm3k.json?raw_json=1&limit=50
2026-05-05T23:27:29Z INFO    [RESPONSE] 200 612ms https://www.reddit.com/comments/7nqm3k.json?raw_json=1&limit=50
2026-05-05T23:27:29Z INFO    [INFO] r/videos  7nqm3k  +11 comment(s)
2026-05-05T23:27:33Z INFO    [REQUEST] GET https://www.reddit.com/comments/12n7mel.json?raw_json=1&limit=50
2026-05-05T23:27:34Z INFO    [RESPONSE] 200 626ms https://www.reddit.com/comments/12n7mel.json?raw_json=1&limit=50
2026-05-05T23:27:34Z INFO    [INFO] r/anime  12n7mel  +20 comment(s)
2026-05-05T23:27:38Z INFO    [REQUEST] GET https://www.reddit.com/comments/xqu1i8.json?raw_json=1&limit=50
2026-05-05T23:27:39Z INFO    [RESPONSE] 200 829ms https://www.reddit.com/comments/xqu1i8.json?raw_json=1&limit=50
2026-05-05T23:27:39Z INFO    [INFO] r/news  xqu1i8  +15 comment(s)
2026-05-05T23:27:43Z INFO    [REQUEST] GET https://www.reddit.com/comments/1rx2gml.json?raw_json=1&limit=50
2026-05-05T23:27:44Z INFO    [RESPONSE] 200 832ms https://www.reddit.com/comments/1rx2gml.json?raw_json=1&limit=50
2026-05-05T23:27:44Z INFO    [INFO] r/delta  1rx2gml  +30 comment(s)
2026-05-05T23:27:48Z INFO    [REQUEST] GET https://www.reddit.com/comments/1p80k72.json?raw_json=1&limit=50
2026-05-05T23:27:48Z INFO    [RETRY] 1/3 wait=1.0s HTTP 429
2026-05-05T23:27:52Z INFO    [REQUEST] GET https://www.reddit.com/comments/1p80k72.json?raw_json=1&limit=50
2026-05-05T23:27:52Z INFO    [RETRY] 2/3 wait=2.0s HTTP 429
2026-05-05T23:27:56Z INFO    [REQUEST] GET https://www.reddit.com/comments/1p80k72.json?raw_json=1&limit=50
2026-05-05T23:27:56Z INFO    [ERROR] GET https://www.reddit.com/comments/1p80k72.json?raw_json=1&limit=50 → HTTP 429 after 3 attempts; giving up
2026-05-05T23:28:00Z INFO    [REQUEST] GET https://www.reddit.com/comments/fpcjac.json?raw_json=1&limit=50
2026-05-05T23:28:00Z INFO    [RETRY] 1/3 wait=1.0s HTTP 429
2026-05-05T23:28:04Z INFO    [REQUEST] GET https://www.reddit.com/comments/fpcjac.json?raw_json=1&limit=50
2026-05-05T23:28:05Z INFO    [RETRY] 2/3 wait=2.0s HTTP 429
2026-05-05T23:28:09Z INFO    [REQUEST] GET https://www.reddit.com/comments/fpcjac.json?raw_json=1&limit=50
2026-05-05T23:28:09Z INFO    [ERROR] GET https://www.reddit.com/comments/fpcjac.json?raw_json=1&limit=50 → HTTP 429 after 3 attempts; giving up
2026-05-05T23:28:13Z INFO    [REQUEST] GET https://www.reddit.com/comments/1q9xxmw.json?raw_json=1&limit=50
2026-05-05T23:28:13Z INFO    [RETRY] 1/3 wait=1.0s HTTP 429
2026-05-05T23:28:17Z INFO    [REQUEST] GET https://www.reddit.com/comments/1q9xxmw.json?raw_json=1&limit=50
2026-05-05T23:28:17Z INFO    [RETRY] 2/3 wait=2.0s HTTP 429
2026-05-05T23:28:21Z INFO    [REQUEST] GET https://www.reddit.com/comments/1q9xxmw.json?raw_json=1&limit=50
2026-05-05T23:28:21Z INFO    [ERROR] GET https://www.reddit.com/comments/1q9xxmw.json?raw_json=1&limit=50 → HTTP 429 after 3 attempts; giving up
2026-05-05T23:28:25Z INFO    [REQUEST] GET https://www.reddit.com/comments/xqvb0m.json?raw_json=1&limit=50
2026-05-05T23:28:26Z INFO    [RETRY] 1/3 wait=1.0s HTTP 429
2026-05-05T23:28:30Z INFO    [REQUEST] GET https://www.reddit.com/comments/xqvb0m.json?raw_json=1&limit=50
2026-05-05T23:28:30Z INFO    [RETRY] 2/3 wait=2.0s HTTP 429
2026-05-05T23:28:34Z INFO    [REQUEST] GET https://www.reddit.com/comments/xqvb0m.json?raw_json=1&limit=50
2026-05-05T23:28:34Z INFO    [ERROR] GET https://www.reddit.com/comments/xqvb0m.json?raw_json=1&limit=50 → HTTP 429 after 3 attempts; giving up
2026-05-05T23:28:38Z INFO    [REQUEST] GET https://www.reddit.com/comments/12fpglm.json?raw_json=1&limit=50
2026-05-05T23:28:38Z INFO    [RETRY] 1/3 wait=1.0s HTTP 429
2026-05-05T23:28:42Z INFO    [REQUEST] GET https://www.reddit.com/comments/12fpglm.json?raw_json=1&limit=50
2026-05-05T23:28:42Z INFO    [RETRY] 2/3 wait=2.0s HTTP 429
2026-05-05T23:28:46Z INFO    [REQUEST] GET https://www.reddit.com/comments/12fpglm.json?raw_json=1&limit=50
2026-05-05T23:28:46Z INFO    [ERROR] GET https://www.reddit.com/comments/12fpglm.json?raw_json=1&limit=50 → HTTP 429 after 3 attempts; giving up
2026-05-05T23:28:50Z INFO    [REQUEST] GET https://www.reddit.com/comments/1ljd7ls.json?raw_json=1&limit=50
2026-05-05T23:28:51Z INFO    [RETRY] 1/3 wait=1.0s HTTP 429
2026-05-05T23:28:55Z INFO    [REQUEST] GET https://www.reddit.com/comments/1ljd7ls.json?raw_json=1&limit=50
2026-05-05T23:28:55Z INFO    [RETRY] 2/3 wait=2.0s HTTP 429
2026-05-05T23:28:59Z INFO    [REQUEST] GET https://www.reddit.com/comments/1ljd7ls.json?raw_json=1&limit=50
2026-05-05T23:28:59Z INFO    [ERROR] GET https://www.reddit.com/comments/1ljd7ls.json?raw_json=1&limit=50 → HTTP 429 after 3 attempts; giving up
2026-05-05T23:29:03Z INFO    [REQUEST] GET https://www.reddit.com/comments/1qhuzk5.json?raw_json=1&limit=50
2026-05-05T23:29:03Z INFO    [RETRY] 1/3 wait=1.0s HTTP 429
2026-05-05T23:29:07Z INFO    [REQUEST] GET https://www.reddit.com/comments/1qhuzk5.json?raw_json=1&limit=50
2026-05-05T23:29:07Z INFO    [RETRY] 2/3 wait=2.0s HTTP 429
2026-05-05T23:29:11Z INFO    [REQUEST] GET https://www.reddit.com/comments/1qhuzk5.json?raw_json=1&limit=50
2026-05-05T23:29:11Z INFO    [ERROR] GET https://www.reddit.com/comments/1qhuzk5.json?raw_json=1&limit=50 → HTTP 429 after 3 attempts; giving up
2026-05-05T23:29:15Z INFO    [REQUEST] GET https://www.reddit.com/comments/1o3tnjc.json?raw_json=1&limit=50
2026-05-05T23:29:15Z INFO    [RETRY] 1/3 wait=1.0s HTTP 429
2026-05-05T23:29:19Z INFO    [REQUEST] GET https://www.reddit.com/comments/1o3tnjc.json?raw_json=1&limit=50
2026-05-05T23:29:20Z INFO    [RETRY] 2/3 wait=2.0s HTTP 429
2026-05-05T23:29:24Z INFO    [REQUEST] GET https://www.reddit.com/comments/1o3tnjc.json?raw_json=1&limit=50
2026-05-05T23:29:24Z INFO    [ERROR] GET https://www.reddit.com/comments/1o3tnjc.json?raw_json=1&limit=50 → HTTP 429 after 3 attempts; giving up
2026-05-05T23:29:28Z INFO    [REQUEST] GET https://www.reddit.com/comments/1t4qamx.json?raw_json=1&limit=50
2026-05-05T23:29:28Z INFO    [RETRY] 1/3 wait=1.0s HTTP 429
2026-05-05T23:29:32Z INFO    [REQUEST] GET https://www.reddit.com/comments/1t4qamx.json?raw_json=1&limit=50
2026-05-05T23:29:32Z INFO    [RETRY] 2/3 wait=2.0s HTTP 429
2026-05-05T23:29:36Z INFO    [REQUEST] GET https://www.reddit.com/comments/1t4qamx.json?raw_json=1&limit=50
2026-05-05T23:29:36Z INFO    [ERROR] GET https://www.reddit.com/comments/1t4qamx.json?raw_json=1&limit=50 → HTTP 429 after 3 attempts; giving up
2026-05-05T23:29:40Z INFO    [REQUEST] GET https://www.reddit.com/comments/1t4q8hm.json?raw_json=1&limit=50
2026-05-05T23:29:40Z INFO    [RETRY] 1/3 wait=1.0s HTTP 429
2026-05-05T23:29:44Z INFO    [REQUEST] GET https://www.reddit.com/comments/1t4q8hm.json?raw_json=1&limit=50
2026-05-05T23:29:45Z INFO    [RETRY] 2/3 wait=2.0s HTTP 429
2026-05-05T23:29:49Z INFO    [REQUEST] GET https://www.reddit.com/comments/1t4q8hm.json?raw_json=1&limit=50
2026-05-05T23:29:49Z INFO    [ERROR] GET https://www.reddit.com/comments/1t4q8hm.json?raw_json=1&limit=50 → HTTP 429 after 3 attempts; giving up
2026-05-05T23:29:53Z INFO    [REQUEST] GET https://www.reddit.com/comments/1t4q5kg.json?raw_json=1&limit=50
2026-05-05T23:29:53Z INFO    [RETRY] 1/3 wait=1.0s HTTP 429
2026-05-05T23:29:57Z INFO    [REQUEST] GET https://www.reddit.com/comments/1t4q5kg.json?raw_json=1&limit=50
2026-05-05T23:29:57Z INFO    [RETRY] 2/3 wait=2.0s HTTP 429
2026-05-05T23:30:01Z INFO    [REQUEST] GET https://www.reddit.com/comments/1t4q5kg.json?raw_json=1&limit=50
2026-05-05T23:30:03Z INFO    [RESPONSE] 200 2189ms https://www.reddit.com/comments/1t4q5kg.json?raw_json=1&limit=50
2026-05-05T23:30:07Z INFO    [REQUEST] GET https://www.reddit.com/comments/1t4pyrd.json?raw_json=1&limit=50
2026-05-05T23:30:07Z INFO    [RESPONSE] 200 224ms https://www.reddit.com/comments/1t4pyrd.json?raw_json=1&limit=50
2026-05-05T23:30:11Z INFO    [REQUEST] GET https://www.reddit.com/comments/1t4ptn0.json?raw_json=1&limit=50
2026-05-05T23:30:12Z INFO    [RESPONSE] 200 247ms https://www.reddit.com/comments/1t4ptn0.json?raw_json=1&limit=50
2026-05-05T23:30:16Z INFO    [REQUEST] GET https://www.reddit.com/comments/1t4prxw.json?raw_json=1&limit=50
2026-05-05T23:30:16Z INFO    [RESPONSE] 200 317ms https://www.reddit.com/comments/1t4prxw.json?raw_json=1&limit=50
2026-05-05T23:30:16Z INFO    [INFO] r/AtlasEarthOfficial  1t4prxw  +3 comment(s)
2026-05-05T23:30:20Z INFO    [REQUEST] GET https://www.reddit.com/comments/1t4podr.json?raw_json=1&limit=50
2026-05-05T23:30:20Z INFO    [RESPONSE] 200 300ms https://www.reddit.com/comments/1t4podr.json?raw_json=1&limit=50
2026-05-05T23:30:20Z INFO    [INFO] r/assam  1t4podr  +4 comment(s)
2026-05-05T23:30:24Z INFO    [REQUEST] GET https://www.reddit.com/comments/1t4p14j.json?raw_json=1&limit=50
2026-05-05T23:30:25Z INFO    [RESPONSE] 200 232ms https://www.reddit.com/comments/1t4p14j.json?raw_json=1&limit=50
2026-05-05T23:30:25Z INFO    [INFO] r/poledancing  1t4p14j  +1 comment(s)
2026-05-05T23:30:29Z INFO    [REQUEST] GET https://www.reddit.com/comments/1t4p0ub.json?raw_json=1&limit=50
2026-05-05T23:30:29Z INFO    [RESPONSE] 200 326ms https://www.reddit.com/comments/1t4p0ub.json?raw_json=1&limit=50
2026-05-05T23:30:33Z INFO    [REQUEST] GET https://www.reddit.com/comments/1t4owxy.json?raw_json=1&limit=50
2026-05-05T23:30:33Z INFO    [RESPONSE] 200 531ms https://www.reddit.com/comments/1t4owxy.json?raw_json=1&limit=50
2026-05-05T23:30:37Z INFO    [REQUEST] GET https://www.reddit.com/comments/1t4owrs.json?raw_json=1&limit=50
2026-05-05T23:30:38Z INFO    [RESPONSE] 200 466ms https://www.reddit.com/comments/1t4owrs.json?raw_json=1&limit=50
2026-05-05T23:30:42Z INFO    [REQUEST] GET https://www.reddit.com/comments/1t4otu1.json?raw_json=1&limit=50
2026-05-05T23:30:42Z INFO    [RESPONSE] 200 313ms https://www.reddit.com/comments/1t4otu1.json?raw_json=1&limit=50
2026-05-05T23:30:42Z INFO    [INFO] r/OCPoetry  1t4otu1  +3 comment(s)
2026-05-05T23:30:46Z INFO    [REQUEST] GET https://www.reddit.com/comments/1t4onbu.json?raw_json=1&limit=50
2026-05-05T23:30:47Z INFO    [RESPONSE] 200 324ms https://www.reddit.com/comments/1t4onbu.json?raw_json=1&limit=50
2026-05-05T23:30:47Z INFO    [INFO] r/tamagotchi  1t4onbu  +2 comment(s)
2026-05-05T23:30:51Z INFO    [REQUEST] GET https://www.reddit.com/comments/1t4ombu.json?raw_json=1&limit=50
2026-05-05T23:30:52Z INFO    [RESPONSE] 200 1044ms https://www.reddit.com/comments/1t4ombu.json?raw_json=1&limit=50
2026-05-05T23:30:52Z INFO    [INFO] r/tamagotchi  1t4ombu  +14 comment(s)
2026-05-05T23:30:56Z INFO    [REQUEST] GET https://www.reddit.com/comments/1t4om5u.json?raw_json=1&limit=50
2026-05-05T23:30:56Z INFO    [RESPONSE] 200 339ms https://www.reddit.com/comments/1t4om5u.json?raw_json=1&limit=50
2026-05-05T23:30:56Z INFO    [INFO] r/NMSCoordinateExchange  1t4om5u  +1 comment(s)
2026-05-05T23:31:00Z INFO    [REQUEST] GET https://www.reddit.com/comments/1t4olif.json?raw_json=1&limit=50
2026-05-05T23:31:00Z INFO    [RESPONSE] 200 374ms https://www.reddit.com/comments/1t4olif.json?raw_json=1&limit=50
2026-05-05T23:31:00Z INFO    [INFO] r/SeaHousing  1t4olif  +1 comment(s)
2026-05-05T23:31:04Z INFO    [REQUEST] GET https://www.reddit.com/comments/1t4okpe.json?raw_json=1&limit=50
2026-05-05T23:31:05Z INFO    [RESPONSE] 200 310ms https://www.reddit.com/comments/1t4okpe.json?raw_json=1&limit=50
2026-05-05T23:31:05Z INFO    [INFO] r/Adulting  1t4okpe  +2 comment(s)
2026-05-05T23:31:09Z INFO    [REQUEST] GET https://www.reddit.com/comments/1t4ojvy.json?raw_json=1&limit=50
2026-05-05T23:31:09Z INFO    [RESPONSE] 200 339ms https://www.reddit.com/comments/1t4ojvy.json?raw_json=1&limit=50
2026-05-05T23:31:09Z INFO    [INFO] r/humansarespaceorcs  1t4ojvy  +2 comment(s)
2026-05-05T23:31:13Z INFO    [REQUEST] GET https://www.reddit.com/comments/1t4oh6j.json?raw_json=1&limit=50
2026-05-05T23:31:13Z INFO    [RESPONSE] 200 290ms https://www.reddit.com/comments/1t4oh6j.json?raw_json=1&limit=50
2026-05-05T23:31:17Z INFO    [REQUEST] GET https://www.reddit.com/comments/1t4ofhx.json?raw_json=1&limit=50
2026-05-05T23:31:18Z INFO    [RESPONSE] 200 453ms https://www.reddit.com/comments/1t4ofhx.json?raw_json=1&limit=50
2026-05-05T23:31:18Z INFO    [INFO] r/musicteenager  1t4ofhx  +11 comment(s)
2026-05-05T23:31:22Z INFO    [REQUEST] GET https://www.reddit.com/comments/1t4o21i.json?raw_json=1&limit=50
2026-05-05T23:31:22Z INFO    [RESPONSE] 200 299ms https://www.reddit.com/comments/1t4o21i.json?raw_json=1&limit=50
2026-05-05T23:31:26Z INFO    [REQUEST] GET https://www.reddit.com/comments/1t4o0wj.json?raw_json=1&limit=50
2026-05-05T23:31:26Z INFO    [RESPONSE] 200 386ms https://www.reddit.com/comments/1t4o0wj.json?raw_json=1&limit=50
2026-05-05T23:31:26Z INFO    [INFO] r/fragranceswap  1t4o0wj  +4 comment(s)
2026-05-05T23:31:30Z INFO    [REQUEST] GET https://www.reddit.com/comments/1t4nwdf.json?raw_json=1&limit=50
2026-05-05T23:31:31Z INFO    [RESPONSE] 200 432ms https://www.reddit.com/comments/1t4nwdf.json?raw_json=1&limit=50
2026-05-05T23:31:31Z INFO    [INFO] r/SteamGameSwap  1t4nwdf  +2 comment(s)
2026-05-05T23:31:35Z INFO    [REQUEST] GET https://www.reddit.com/comments/1t4nw1f.json?raw_json=1&limit=50
2026-05-05T23:31:35Z INFO    [RESPONSE] 200 371ms https://www.reddit.com/comments/1t4nw1f.json?raw_json=1&limit=50
2026-05-05T23:31:35Z INFO    [INFO] r/indiegameswap  1t4nw1f  +2 comment(s)
2026-05-05T23:31:39Z INFO    [REQUEST] GET https://www.reddit.com/comments/1t4no8d.json?raw_json=1&limit=50
2026-05-05T23:31:40Z INFO    [RESPONSE] 200 286ms https://www.reddit.com/comments/1t4no8d.json?raw_json=1&limit=50
2026-05-05T23:31:44Z INFO    [REQUEST] GET https://www.reddit.com/comments/1t4nf8m.json?raw_json=1&limit=50
2026-05-05T23:31:44Z INFO    [RESPONSE] 200 380ms https://www.reddit.com/comments/1t4nf8m.json?raw_json=1&limit=50
2026-05-05T23:31:44Z INFO    [INFO] r/fragranceswap  1t4nf8m  +6 comment(s)
2026-05-05T23:31:48Z INFO    [REQUEST] GET https://www.reddit.com/comments/1t4n8y8.json?raw_json=1&limit=50
2026-05-05T23:31:48Z INFO    [RESPONSE] 200 293ms https://www.reddit.com/comments/1t4n8y8.json?raw_json=1&limit=50
2026-05-05T23:31:52Z INFO    [REQUEST] GET https://www.reddit.com/comments/1t4n8q8.json?raw_json=1&limit=50
2026-05-05T23:31:53Z INFO    [RESPONSE] 200 1260ms https://www.reddit.com/comments/1t4n8q8.json?raw_json=1&limit=50
2026-05-05T23:31:53Z INFO    [INFO] r/vancouvercycling  1t4n8q8  +9 comment(s)
2026-05-05T23:31:57Z INFO    [REQUEST] GET https://www.reddit.com/comments/1t4n85h.json?raw_json=1&limit=50
2026-05-05T23:31:58Z INFO    [RESPONSE] 200 374ms https://www.reddit.com/comments/1t4n85h.json?raw_json=1&limit=50
2026-05-05T23:31:58Z INFO    [INFO] r/Catholicism  1t4n85h  +10 comment(s)
2026-05-05T23:32:02Z INFO    [REQUEST] GET https://www.reddit.com/comments/1t4n3u3.json?raw_json=1&limit=50
2026-05-05T23:32:02Z INFO    [RESPONSE] 200 273ms https://www.reddit.com/comments/1t4n3u3.json?raw_json=1&limit=50
2026-05-05T23:32:06Z INFO    [REQUEST] GET https://www.reddit.com/comments/1t4n1yf.json?raw_json=1&limit=50
2026-05-05T23:32:06Z INFO    [RESPONSE] 200 382ms https://www.reddit.com/comments/1t4n1yf.json?raw_json=1&limit=50
2026-05-05T23:32:06Z INFO    [INFO] r/fo76  1t4n1yf  +3 comment(s)
2026-05-05T23:32:10Z INFO    [REQUEST] GET https://www.reddit.com/comments/1t4mwzg.json?raw_json=1&limit=50
2026-05-05T23:32:11Z INFO    [RESPONSE] 200 245ms https://www.reddit.com/comments/1t4mwzg.json?raw_json=1&limit=50
2026-05-05T23:32:15Z INFO    [REQUEST] GET https://www.reddit.com/comments/1t4mwkh.json?raw_json=1&limit=50
2026-05-05T23:32:15Z INFO    [RESPONSE] 200 316ms https://www.reddit.com/comments/1t4mwkh.json?raw_json=1&limit=50
2026-05-05T23:32:15Z INFO    [INFO] r/2westerneurope4u  1t4mwkh  +3 comment(s)
2026-05-05T23:32:19Z INFO    [REQUEST] GET https://www.reddit.com/comments/1t4mogc.json?raw_json=1&limit=50
2026-05-05T23:32:19Z INFO    [RESPONSE] 200 372ms https://www.reddit.com/comments/1t4mogc.json?raw_json=1&limit=50
2026-05-05T23:32:23Z INFO    [REQUEST] GET https://www.reddit.com/comments/1t4mh36.json?raw_json=1&limit=50
2026-05-05T23:32:24Z INFO    [RESPONSE] 200 380ms https://www.reddit.com/comments/1t4mh36.json?raw_json=1&limit=50
2026-05-05T23:32:24Z INFO    [INFO] r/NoMansSkyTheGame  1t4mh36  +14 comment(s)
2026-05-05T23:32:28Z INFO    [REQUEST] GET https://www.reddit.com/comments/1t4mgz2.json?raw_json=1&limit=50
2026-05-05T23:32:28Z INFO    [RESPONSE] 200 393ms https://www.reddit.com/comments/1t4mgz2.json?raw_json=1&limit=50
2026-05-05T23:32:28Z INFO    [INFO] r/UmamusumeFFS  1t4mgz2  +4 comment(s)
2026-05-05T23:32:32Z INFO    [REQUEST] GET https://www.reddit.com/comments/1t4mfs1.json?raw_json=1&limit=50
2026-05-05T23:32:32Z INFO    [RESPONSE] 200 294ms https://www.reddit.com/comments/1t4mfs1.json?raw_json=1&limit=50
2026-05-05T23:32:32Z INFO    [INFO] r/sugarapplefairytale  1t4mfs1  +1 comment(s)
2026-05-05T23:32:36Z INFO    [REQUEST] GET https://www.reddit.com/comments/1t4ma1p.json?raw_json=1&limit=50
2026-05-05T23:32:37Z INFO    [RESPONSE] 200 803ms https://www.reddit.com/comments/1t4ma1p.json?raw_json=1&limit=50
2026-05-05T23:32:37Z INFO    [INFO] r/indiegameswap  1t4ma1p  +1 comment(s)
2026-05-05T23:32:41Z INFO    [REQUEST] GET https://www.reddit.com/comments/1t4m9zd.json?raw_json=1&limit=50
2026-05-05T23:32:42Z INFO    [RESPONSE] 200 606ms https://www.reddit.com/comments/1t4m9zd.json?raw_json=1&limit=50
2026-05-05T23:32:46Z INFO    [REQUEST] GET https://www.reddit.com/comments/1t4m2ry.json?raw_json=1&limit=50
2026-05-05T23:32:46Z INFO    [RESPONSE] 200 256ms https://www.reddit.com/comments/1t4m2ry.json?raw_json=1&limit=50
2026-05-05T23:32:46Z INFO    [INFO] r/beachboyscirclejerk  1t4m2ry  +3 comment(s)
2026-05-05T23:32:50Z INFO    [REQUEST] GET https://www.reddit.com/comments/1t4m16e.json?raw_json=1&limit=50
2026-05-05T23:32:50Z INFO    [RESPONSE] 200 227ms https://www.reddit.com/comments/1t4m16e.json?raw_json=1&limit=50
2026-05-05T23:32:54Z INFO    [REQUEST] GET https://www.reddit.com/comments/1t4lzsf.json?raw_json=1&limit=50
2026-05-05T23:32:55Z INFO    [RESPONSE] 200 332ms https://www.reddit.com/comments/1t4lzsf.json?raw_json=1&limit=50
2026-05-05T23:32:55Z INFO    [INFO] r/1800slayyyter  1t4lzsf  +10 comment(s)
2026-05-05T23:32:59Z INFO    [REQUEST] GET https://www.reddit.com/comments/1t4ljva.json?raw_json=1&limit=50
2026-05-05T23:32:59Z INFO    [RESPONSE] 200 296ms https://www.reddit.com/comments/1t4ljva.json?raw_json=1&limit=50
2026-05-05T23:32:59Z INFO    [INFO] r/LifeAfterAlkaloids  1t4ljva  +1 comment(s)
2026-05-05T23:33:03Z INFO    [REQUEST] GET https://www.reddit.com/comments/1t4lifx.json?raw_json=1&limit=50
2026-05-05T23:33:03Z INFO    [RESPONSE] 200 298ms https://www.reddit.com/comments/1t4lifx.json?raw_json=1&limit=50
2026-05-05T23:33:03Z INFO    [INFO] r/UnsentLetters  1t4lifx  +1 comment(s)
2026-05-05T23:33:07Z INFO    [REQUEST] GET https://www.reddit.com/comments/1t4lhk6.json?raw_json=1&limit=50
2026-05-05T23:33:08Z INFO    [RESPONSE] 200 278ms https://www.reddit.com/comments/1t4lhk6.json?raw_json=1&limit=50
2026-05-05T23:33:12Z INFO    [REQUEST] GET https://www.reddit.com/comments/1t4lgfo.json?raw_json=1&limit=50
2026-05-05T23:33:12Z INFO    [RESPONSE] 200 306ms https://www.reddit.com/comments/1t4lgfo.json?raw_json=1&limit=50
2026-05-05T23:33:16Z INFO    [REQUEST] GET https://www.reddit.com/comments/1t4lfet.json?raw_json=1&limit=50
2026-05-05T23:33:16Z INFO    [RESPONSE] 200 236ms https://www.reddit.com/comments/1t4lfet.json?raw_json=1&limit=50
2026-05-05T23:33:20Z INFO    [REQUEST] GET https://www.reddit.com/comments/1t4lfaa.json?raw_json=1&limit=50
2026-05-05T23:33:20Z INFO    [RESPONSE] 200 319ms https://www.reddit.com/comments/1t4lfaa.json?raw_json=1&limit=50
2026-05-05T23:33:20Z INFO    [INFO] r/StJohnsNL  1t4lfaa  +4 comment(s)
2026-05-05T23:33:24Z INFO    [REQUEST] GET https://www.reddit.com/comments/1t4le7x.json?raw_json=1&limit=50
2026-05-05T23:33:25Z INFO    [RESPONSE] 200 344ms https://www.reddit.com/comments/1t4le7x.json?raw_json=1&limit=50
2026-05-05T23:33:25Z INFO    [INFO] r/CookierunKingdom  1t4le7x  +1 comment(s)
2026-05-05T23:33:29Z INFO    [REQUEST] GET https://www.reddit.com/comments/1t4ld9g.json?raw_json=1&limit=50
2026-05-05T23:33:29Z INFO    [RESPONSE] 200 376ms https://www.reddit.com/comments/1t4ld9g.json?raw_json=1&limit=50
2026-05-05T23:33:33Z INFO    [REQUEST] GET https://www.reddit.com/comments/1t4lad6.json?raw_json=1&limit=50
2026-05-05T23:33:34Z INFO    [RESPONSE] 200 338ms https://www.reddit.com/comments/1t4lad6.json?raw_json=1&limit=50
2026-05-05T23:33:34Z INFO    [INFO] r/friendship  1t4lad6  +2 comment(s)
2026-05-05T23:33:38Z INFO    [REQUEST] GET https://www.reddit.com/comments/1t4l7ta.json?raw_json=1&limit=50
2026-05-05T23:33:38Z INFO    [RESPONSE] 200 267ms https://www.reddit.com/comments/1t4l7ta.json?raw_json=1&limit=50
2026-05-05T23:33:42Z INFO    [REQUEST] GET https://www.reddit.com/comments/1t4l50z.json?raw_json=1&limit=50
2026-05-05T23:33:42Z INFO    [RESPONSE] 200 330ms https://www.reddit.com/comments/1t4l50z.json?raw_json=1&limit=50
2026-05-05T23:33:46Z INFO    [REQUEST] GET https://www.reddit.com/comments/1t4ktc1.json?raw_json=1&limit=50
2026-05-05T23:33:47Z INFO    [RESPONSE] 200 491ms https://www.reddit.com/comments/1t4ktc1.json?raw_json=1&limit=50
2026-05-05T23:33:47Z INFO    [INFO] r/OnePiecePowerScaling  1t4ktc1  +11 comment(s)
2026-05-05T23:33:51Z INFO    [REQUEST] GET https://www.reddit.com/comments/1t4ks4j.json?raw_json=1&limit=50
2026-05-05T23:33:51Z INFO    [RESPONSE] 200 410ms https://www.reddit.com/comments/1t4ks4j.json?raw_json=1&limit=50
2026-05-05T23:33:51Z INFO    [INFO] r/Nintendo3DS  1t4ks4j  +10 comment(s)
2026-05-05T23:33:55Z INFO    [REQUEST] GET https://www.reddit.com/comments/1t4kru5.json?raw_json=1&limit=50
2026-05-05T23:33:55Z INFO    [RESPONSE] 200 342ms https://www.reddit.com/comments/1t4kru5.json?raw_json=1&limit=50
2026-05-05T23:33:59Z INFO    [REQUEST] GET https://www.reddit.com/comments/1t4klz7.json?raw_json=1&limit=50
2026-05-05T23:34:00Z INFO    [RESPONSE] 200 263ms https://www.reddit.com/comments/1t4klz7.json?raw_json=1&limit=50
2026-05-05T23:34:04Z INFO    [REQUEST] GET https://www.reddit.com/comments/1t4klch.json?raw_json=1&limit=50
2026-05-05T23:34:04Z INFO    [RESPONSE] 200 273ms https://www.reddit.com/comments/1t4klch.json?raw_json=1&limit=50
2026-05-05T23:34:08Z INFO    [REQUEST] GET https://www.reddit.com/comments/1t4khe2.json?raw_json=1&limit=50
2026-05-05T23:34:08Z INFO    [RESPONSE] 200 262ms https://www.reddit.com/comments/1t4khe2.json?raw_json=1&limit=50
2026-05-05T23:34:12Z INFO    [REQUEST] GET https://www.reddit.com/comments/1t4k8mb.json?raw_json=1&limit=50
2026-05-05T23:34:13Z INFO    [RESPONSE] 200 579ms https://www.reddit.com/comments/1t4k8mb.json?raw_json=1&limit=50
2026-05-05T23:34:13Z INFO    [INFO] r/DigitalCodeSELL  1t4k8mb  +10 comment(s)
2026-05-05T23:34:17Z INFO    [REQUEST] GET https://www.reddit.com/comments/1t4k7f0.json?raw_json=1&limit=50
2026-05-05T23:34:17Z INFO    [RESPONSE] 200 325ms https://www.reddit.com/comments/1t4k7f0.json?raw_json=1&limit=50
2026-05-05T23:34:17Z INFO    [INFO] r/Permaculture  1t4k7f0  +4 comment(s)
2026-05-05T23:34:21Z INFO    [REQUEST] GET https://www.reddit.com/comments/1t4jst7.json?raw_json=1&limit=50
2026-05-05T23:34:21Z INFO    [RESPONSE] 200 257ms https://www.reddit.com/comments/1t4jst7.json?raw_json=1&limit=50
2026-05-05T23:34:25Z INFO    [REQUEST] GET https://www.reddit.com/comments/1t4jq2e.json?raw_json=1&limit=50
2026-05-05T23:34:26Z INFO    [RESPONSE] 200 406ms https://www.reddit.com/comments/1t4jq2e.json?raw_json=1&limit=50
2026-05-05T23:34:26Z INFO    [INFO] r/travel  1t4jq2e  +2 comment(s)
2026-05-05T23:34:30Z INFO    [REQUEST] GET https://www.reddit.com/comments/1t4jjy4.json?raw_json=1&limit=50
2026-05-05T23:34:30Z INFO    [RESPONSE] 200 285ms https://www.reddit.com/comments/1t4jjy4.json?raw_json=1&limit=50
2026-05-05T23:34:34Z INFO    [REQUEST] GET https://www.reddit.com/comments/1t4jejh.json?raw_json=1&limit=50
2026-05-05T23:34:34Z INFO    [RESPONSE] 200 355ms https://www.reddit.com/comments/1t4jejh.json?raw_json=1&limit=50
2026-05-05T23:34:34Z INFO    [INFO] r/VisualStudio  1t4jejh  +1 comment(s)
2026-05-05T23:34:38Z INFO    [REQUEST] GET https://www.reddit.com/comments/1t4jdi5.json?raw_json=1&limit=50
2026-05-05T23:34:39Z INFO    [RESPONSE] 200 631ms https://www.reddit.com/comments/1t4jdi5.json?raw_json=1&limit=50
2026-05-05T23:34:39Z INFO    [INFO] r/WouldYouRather  1t4jdi5  +16 comment(s)
2026-05-05T23:34:43Z INFO    [REQUEST] GET https://www.reddit.com/comments/1t4j2td.json?raw_json=1&limit=50
2026-05-05T23:34:43Z INFO    [RESPONSE] 200 295ms https://www.reddit.com/comments/1t4j2td.json?raw_json=1&limit=50
2026-05-05T23:34:47Z INFO    [REQUEST] GET https://www.reddit.com/comments/1t4j1jz.json?raw_json=1&limit=50
2026-05-05T23:34:48Z INFO    [RESPONSE] 200 373ms https://www.reddit.com/comments/1t4j1jz.json?raw_json=1&limit=50
2026-05-05T23:34:48Z INFO    [INFO] r/BlueArchive  1t4j1jz  +9 comment(s)
2026-05-05T23:34:52Z INFO    [REQUEST] GET https://www.reddit.com/comments/1t4iz7b.json?raw_json=1&limit=50
2026-05-05T23:34:52Z INFO    [RESPONSE] 200 329ms https://www.reddit.com/comments/1t4iz7b.json?raw_json=1&limit=50
2026-05-05T23:34:52Z INFO    [INFO] r/officialcookingfever  1t4iz7b  +3 comment(s)
2026-05-05T23:34:56Z INFO    [REQUEST] GET https://www.reddit.com/comments/1t4itax.json?raw_json=1&limit=50
2026-05-05T23:34:56Z INFO    [RESPONSE] 200 292ms https://www.reddit.com/comments/1t4itax.json?raw_json=1&limit=50
2026-05-05T23:34:56Z INFO    [INFO] r/DRYCLEANINGband  1t4itax  +1 comment(s)
2026-05-05T23:35:00Z INFO    [REQUEST] GET https://www.reddit.com/comments/1t4it7c.json?raw_json=1&limit=50
2026-05-05T23:35:01Z INFO    [RESPONSE] 200 276ms https://www.reddit.com/comments/1t4it7c.json?raw_json=1&limit=50
2026-05-05T23:35:01Z INFO    [INFO] r/inkarnate  1t4it7c  +1 comment(s)
2026-05-05T23:35:05Z INFO    [REQUEST] GET https://www.reddit.com/comments/1t4inie.json?raw_json=1&limit=50
2026-05-05T23:35:05Z INFO    [RESPONSE] 200 552ms https://www.reddit.com/comments/1t4inie.json?raw_json=1&limit=50
2026-05-05T23:35:05Z INFO    [INFO] r/Nioh  1t4inie  +12 comment(s)
2026-05-05T23:35:09Z INFO    [REQUEST] GET https://www.reddit.com/comments/1t4imor.json?raw_json=1&limit=50
2026-05-05T23:35:09Z INFO    [RESPONSE] 200 267ms https://www.reddit.com/comments/1t4imor.json?raw_json=1&limit=50
2026-05-05T23:35:09Z INFO    [INFO] r/ghaziabad  1t4imor  +1 comment(s)
2026-05-05T23:35:13Z INFO    [REQUEST] GET https://www.reddit.com/comments/1t4il4y.json?raw_json=1&limit=50
2026-05-05T23:35:14Z INFO    [RESPONSE] 200 440ms https://www.reddit.com/comments/1t4il4y.json?raw_json=1&limit=50
2026-05-05T23:35:14Z INFO    [INFO] r/weekendgolfers  1t4il4y  +3 comment(s)
2026-05-05T23:35:18Z INFO    [REQUEST] GET https://www.reddit.com/comments/1t4ik1o.json?raw_json=1&limit=50
2026-05-05T23:35:18Z INFO    [RESPONSE] 200 309ms https://www.reddit.com/comments/1t4ik1o.json?raw_json=1&limit=50
2026-05-05T23:35:18Z INFO    [INFO] r/TarjaTurunen  1t4ik1o  +4 comment(s)
2026-05-05T23:35:22Z INFO    [REQUEST] GET https://www.reddit.com/comments/1t4ihsm.json?raw_json=1&limit=50
2026-05-05T23:35:22Z INFO    [RESPONSE] 200 276ms https://www.reddit.com/comments/1t4ihsm.json?raw_json=1&limit=50
2026-05-05T23:35:22Z INFO    [INFO] r/IndiaFragMarketplace  1t4ihsm  +2 comment(s)
2026-05-05T23:35:26Z INFO    [REQUEST] GET https://www.reddit.com/comments/1t4i9tq.json?raw_json=1&limit=50
2026-05-05T23:35:27Z INFO    [RESPONSE] 200 303ms https://www.reddit.com/comments/1t4i9tq.json?raw_json=1&limit=50
2026-05-05T23:35:27Z INFO    [INFO] r/Logic_301  1t4i9tq  +3 comment(s)
2026-05-05T23:35:31Z INFO    [REQUEST] GET https://www.reddit.com/comments/1t4i6id.json?raw_json=1&limit=50
2026-05-05T23:35:31Z INFO    [RESPONSE] 200 342ms https://www.reddit.com/comments/1t4i6id.json?raw_json=1&limit=50
2026-05-05T23:35:31Z INFO    [INFO] r/datealive  1t4i6id  +4 comment(s)
2026-05-05T23:35:35Z INFO    [REQUEST] GET https://www.reddit.com/comments/1t4i3o9.json?raw_json=1&limit=50
2026-05-05T23:35:35Z INFO    [RESPONSE] 200 387ms https://www.reddit.com/comments/1t4i3o9.json?raw_json=1&limit=50
2026-05-05T23:35:35Z INFO    [INFO] r/fragranceswap  1t4i3o9  +3 comment(s)
2026-05-05T23:35:39Z INFO    [REQUEST] GET https://www.reddit.com/comments/1t4hynm.json?raw_json=1&limit=50
2026-05-05T23:35:40Z INFO    [RESPONSE] 200 275ms https://www.reddit.com/comments/1t4hynm.json?raw_json=1&limit=50
2026-05-05T23:35:40Z INFO    [INFO] r/NMSCoordinateExchange  1t4hynm  +1 comment(s)
2026-05-05T23:35:44Z INFO    [REQUEST] GET https://www.reddit.com/comments/1t4ho96.json?raw_json=1&limit=50
2026-05-05T23:35:44Z INFO    [RESPONSE] 200 598ms https://www.reddit.com/comments/1t4ho96.json?raw_json=1&limit=50
2026-05-05T23:35:44Z INFO    [INFO] r/G59  1t4ho96  +14 comment(s)
2026-05-05T23:35:48Z INFO    [REQUEST] GET https://www.reddit.com/comments/1t4hmly.json?raw_json=1&limit=50
2026-05-05T23:35:49Z INFO    [RESPONSE] 200 351ms https://www.reddit.com/comments/1t4hmly.json?raw_json=1&limit=50
2026-05-05T23:35:49Z INFO    [INFO] r/MyAnimeList  1t4hmly  +6 comment(s)
2026-05-05T23:35:53Z INFO    [REQUEST] GET https://www.reddit.com/comments/1t4hmbn.json?raw_json=1&limit=50
2026-05-05T23:35:53Z INFO    [RESPONSE] 200 315ms https://www.reddit.com/comments/1t4hmbn.json?raw_json=1&limit=50
2026-05-05T23:35:57Z INFO    [REQUEST] GET https://www.reddit.com/comments/1t4hjn3.json?raw_json=1&limit=50
2026-05-05T23:35:57Z INFO    [RESPONSE] 200 272ms https://www.reddit.com/comments/1t4hjn3.json?raw_json=1&limit=50
2026-05-05T23:36:01Z INFO    [REQUEST] GET https://www.reddit.com/comments/1t4heeg.json?raw_json=1&limit=50
2026-05-05T23:36:02Z INFO    [RESPONSE] 200 457ms https://www.reddit.com/comments/1t4heeg.json?raw_json=1&limit=50
2026-05-05T23:36:02Z INFO    [INFO] r/berkeleyca  1t4heeg  +11 comment(s)
2026-05-05T23:36:06Z INFO    [REQUEST] GET https://www.reddit.com/comments/1t4hbrz.json?raw_json=1&limit=50
2026-05-05T23:36:06Z INFO    [RESPONSE] 200 250ms https://www.reddit.com/comments/1t4hbrz.json?raw_json=1&limit=50
2026-05-05T23:36:10Z INFO    [REQUEST] GET https://www.reddit.com/comments/1t4hb8a.json?raw_json=1&limit=50
2026-05-05T23:36:10Z INFO    [RESPONSE] 200 340ms https://www.reddit.com/comments/1t4hb8a.json?raw_json=1&limit=50
2026-05-05T23:36:10Z INFO    [INFO] r/Philosophy_of_Languag  1t4hb8a  +1 comment(s)
2026-05-05T23:36:14Z INFO    [REQUEST] GET https://www.reddit.com/comments/1t4h8h0.json?raw_json=1&limit=50
2026-05-05T23:36:15Z INFO    [RESPONSE] 200 364ms https://www.reddit.com/comments/1t4h8h0.json?raw_json=1&limit=50
2026-05-05T23:36:15Z INFO    [INFO] r/TopCharacterTropes  1t4h8h0  +3 comment(s)
2026-05-05T23:36:19Z INFO    [REQUEST] GET https://www.reddit.com/comments/1t4h11w.json?raw_json=1&limit=50
2026-05-05T23:36:19Z INFO    [RESPONSE] 200 364ms https://www.reddit.com/comments/1t4h11w.json?raw_json=1&limit=50
2026-05-05T23:36:19Z INFO    [INFO] r/virginislands  1t4h11w  +8 comment(s)
2026-05-05T23:36:23Z INFO    [REQUEST] GET https://www.reddit.com/comments/1t4gzew.json?raw_json=1&limit=50
2026-05-05T23:36:23Z INFO    [RESPONSE] 200 303ms https://www.reddit.com/comments/1t4gzew.json?raw_json=1&limit=50
2026-05-05T23:36:23Z INFO    [INFO] r/Chainsawfolk  1t4gzew  +4 comment(s)
2026-05-05T23:36:27Z INFO    [REQUEST] GET https://www.reddit.com/comments/1t4gz38.json?raw_json=1&limit=50
2026-05-05T23:36:28Z INFO    [RESPONSE] 200 366ms https://www.reddit.com/comments/1t4gz38.json?raw_json=1&limit=50
2026-05-05T23:36:28Z INFO    [INFO] r/Animemes  1t4gz38  +5 comment(s)
2026-05-05T23:36:32Z INFO    [REQUEST] GET https://www.reddit.com/comments/1t4gy2o.json?raw_json=1&limit=50
2026-05-05T23:36:32Z INFO    [RESPONSE] 200 280ms https://www.reddit.com/comments/1t4gy2o.json?raw_json=1&limit=50
2026-05-05T23:36:36Z INFO    [REQUEST] GET https://www.reddit.com/comments/1t4gxtv.json?raw_json=1&limit=50
2026-05-05T23:36:36Z INFO    [RESPONSE] 200 311ms https://www.reddit.com/comments/1t4gxtv.json?raw_json=1&limit=50
2026-05-05T23:36:36Z INFO    [INFO] r/shounenfolk  1t4gxtv  +6 comment(s)
2026-05-05T23:36:40Z INFO    [REQUEST] GET https://www.reddit.com/comments/1t4gwxz.json?raw_json=1&limit=50
2026-05-05T23:36:41Z INFO    [RESPONSE] 200 474ms https://www.reddit.com/comments/1t4gwxz.json?raw_json=1&limit=50
2026-05-05T23:36:41Z INFO    [INFO] r/Epicthemusical  1t4gwxz  +5 comment(s)
2026-05-05T23:36:45Z INFO    [REQUEST] GET https://www.reddit.com/comments/1t4gwst.json?raw_json=1&limit=50
2026-05-05T23:36:45Z INFO    [RESPONSE] 200 311ms https://www.reddit.com/comments/1t4gwst.json?raw_json=1&limit=50
2026-05-05T23:36:45Z INFO    [INFO] r/NCL  1t4gwst  +2 comment(s)
2026-05-05T23:36:49Z INFO    [REQUEST] GET https://www.reddit.com/comments/1t4gqlg.json?raw_json=1&limit=50
2026-05-05T23:36:49Z INFO    [RESPONSE] 200 273ms https://www.reddit.com/comments/1t4gqlg.json?raw_json=1&limit=50
2026-05-05T23:36:49Z INFO    [INFO] r/Helldivers  1t4gqlg  +1 comment(s)
2026-05-05T23:36:53Z INFO    [REQUEST] GET https://www.reddit.com/comments/1t4gmsf.json?raw_json=1&limit=50
2026-05-05T23:36:54Z INFO    [RESPONSE] 200 302ms https://www.reddit.com/comments/1t4gmsf.json?raw_json=1&limit=50
2026-05-05T23:36:54Z INFO    [INFO] r/Anime2020s  1t4gmsf  +3 comment(s)
2026-05-05T23:36:58Z INFO    [REQUEST] GET https://www.reddit.com/comments/1t4gim6.json?raw_json=1&limit=50
2026-05-05T23:36:58Z INFO    [RESPONSE] 200 315ms https://www.reddit.com/comments/1t4gim6.json?raw_json=1&limit=50
2026-05-05T23:36:58Z INFO    [INFO] r/JordanPeterson  1t4gim6  +1 comment(s)
2026-05-05T23:37:02Z INFO    [REQUEST] GET https://www.reddit.com/comments/1t4g99r.json?raw_json=1&limit=50
2026-05-05T23:37:02Z INFO    [RESPONSE] 200 376ms https://www.reddit.com/comments/1t4g99r.json?raw_json=1&limit=50
2026-05-05T23:37:06Z INFO    [REQUEST] GET https://www.reddit.com/comments/1t4g8si.json?raw_json=1&limit=50
2026-05-05T23:37:07Z INFO    [RESPONSE] 200 367ms https://www.reddit.com/comments/1t4g8si.json?raw_json=1&limit=50
2026-05-05T23:37:07Z INFO    [INFO] r/iems  1t4g8si  +2 comment(s)
2026-05-05T23:37:11Z INFO    [REQUEST] GET https://www.reddit.com/comments/1syt8po.json?raw_json=1&limit=50
2026-05-05T23:37:11Z INFO    [RESPONSE] 200 327ms https://www.reddit.com/comments/1syt8po.json?raw_json=1&limit=50
2026-05-05T23:37:11Z INFO    [INFO] r/Olevels  1syt8po  +4 comment(s)
2026-05-05T23:37:15Z INFO    [REQUEST] GET https://www.reddit.com/comments/1k4a9hr.json?raw_json=1&limit=50
2026-05-05T23:37:15Z INFO    [RESPONSE] 200 302ms https://www.reddit.com/comments/1k4a9hr.json?raw_json=1&limit=50
2026-05-05T23:37:15Z INFO    [INFO] r/Olevels  1k4a9hr  +4 comment(s)
2026-05-05T23:37:19Z INFO    [REQUEST] GET https://www.reddit.com/comments/1fvrg8z.json?raw_json=1&limit=50
2026-05-05T23:37:20Z INFO    [RETRY] 1/3 wait=1.0s HTTP 429
2026-05-05T23:37:24Z INFO    [REQUEST] GET https://www.reddit.com/comments/1fvrg8z.json?raw_json=1&limit=50
2026-05-05T23:37:24Z INFO    [RETRY] 2/3 wait=2.0s HTTP 429
2026-05-05T23:37:28Z INFO    [REQUEST] GET https://www.reddit.com/comments/1fvrg8z.json?raw_json=1&limit=50
2026-05-05T23:37:28Z INFO    [ERROR] GET https://www.reddit.com/comments/1fvrg8z.json?raw_json=1&limit=50 → HTTP 429 after 3 attempts; giving up
2026-05-05T23:37:32Z INFO    [REQUEST] GET https://www.reddit.com/comments/1sqpcfp.json?raw_json=1&limit=50
2026-05-05T23:37:32Z INFO    [RETRY] 1/3 wait=1.0s HTTP 429
2026-05-05T23:37:36Z INFO    [REQUEST] GET https://www.reddit.com/comments/1sqpcfp.json?raw_json=1&limit=50
2026-05-05T23:37:36Z INFO    [RETRY] 2/3 wait=2.0s HTTP 429
2026-05-05T23:37:40Z INFO    [REQUEST] GET https://www.reddit.com/comments/1sqpcfp.json?raw_json=1&limit=50
2026-05-05T23:37:40Z INFO    [ERROR] GET https://www.reddit.com/comments/1sqpcfp.json?raw_json=1&limit=50 → HTTP 429 after 3 attempts; giving up
2026-05-05T23:37:44Z INFO    [REQUEST] GET https://www.reddit.com/comments/1sywoke.json?raw_json=1&limit=50
2026-05-05T23:37:45Z INFO    [RETRY] 1/3 wait=1.0s HTTP 429
2026-05-05T23:37:49Z INFO    [REQUEST] GET https://www.reddit.com/comments/1sywoke.json?raw_json=1&limit=50
2026-05-05T23:37:49Z INFO    [RETRY] 2/3 wait=2.0s HTTP 429
2026-05-05T23:37:53Z INFO    [REQUEST] GET https://www.reddit.com/comments/1sywoke.json?raw_json=1&limit=50
2026-05-05T23:37:53Z INFO    [ERROR] GET https://www.reddit.com/comments/1sywoke.json?raw_json=1&limit=50 → HTTP 429 after 3 attempts; giving up
2026-05-05T23:37:57Z INFO    [REQUEST] GET https://www.reddit.com/comments/1s8oizy.json?raw_json=1&limit=50
2026-05-05T23:37:57Z INFO    [RETRY] 1/3 wait=1.0s HTTP 429
2026-05-05T23:38:01Z INFO    [REQUEST] GET https://www.reddit.com/comments/1s8oizy.json?raw_json=1&limit=50
2026-05-05T23:38:01Z INFO    [RETRY] 2/3 wait=2.0s HTTP 429
2026-05-05T23:38:05Z INFO    [REQUEST] GET https://www.reddit.com/comments/1s8oizy.json?raw_json=1&limit=50
2026-05-05T23:38:05Z INFO    [ERROR] GET https://www.reddit.com/comments/1s8oizy.json?raw_json=1&limit=50 → HTTP 429 after 3 attempts; giving up
2026-05-05T23:38:09Z INFO    [REQUEST] GET https://www.reddit.com/comments/1nceerb.json?raw_json=1&limit=50
2026-05-05T23:38:10Z INFO    [RETRY] 1/3 wait=1.0s HTTP 429
2026-05-05T23:38:14Z INFO    [REQUEST] GET https://www.reddit.com/comments/1nceerb.json?raw_json=1&limit=50
2026-05-05T23:38:14Z INFO    [RETRY] 2/3 wait=2.0s HTTP 429
2026-05-05T23:38:18Z INFO    [REQUEST] GET https://www.reddit.com/comments/1nceerb.json?raw_json=1&limit=50
2026-05-05T23:38:18Z INFO    [ERROR] GET https://www.reddit.com/comments/1nceerb.json?raw_json=1&limit=50 → HTTP 429 after 3 attempts; giving up
2026-05-05T23:38:22Z INFO    [REQUEST] GET https://www.reddit.com/comments/1lybd5d.json?raw_json=1&limit=50
2026-05-05T23:38:22Z INFO    [RETRY] 1/3 wait=1.0s HTTP 429
2026-05-05T23:38:26Z INFO    [REQUEST] GET https://www.reddit.com/comments/1lybd5d.json?raw_json=1&limit=50
2026-05-05T23:38:26Z INFO    [RETRY] 2/3 wait=2.0s HTTP 429
2026-05-05T23:38:30Z INFO    [REQUEST] GET https://www.reddit.com/comments/1lybd5d.json?raw_json=1&limit=50
2026-05-05T23:38:30Z INFO    [ERROR] GET https://www.reddit.com/comments/1lybd5d.json?raw_json=1&limit=50 → HTTP 429 after 3 attempts; giving up
2026-05-05T23:38:34Z INFO    [REQUEST] GET https://www.reddit.com/comments/1nckk44.json?raw_json=1&limit=50
2026-05-05T23:38:35Z INFO    [RETRY] 1/3 wait=1.0s HTTP 429
2026-05-05T23:38:39Z INFO    [REQUEST] GET https://www.reddit.com/comments/1nckk44.json?raw_json=1&limit=50
2026-05-05T23:38:39Z INFO    [RETRY] 2/3 wait=2.0s HTTP 429
2026-05-05T23:38:43Z INFO    [REQUEST] GET https://www.reddit.com/comments/1nckk44.json?raw_json=1&limit=50
2026-05-05T23:38:43Z INFO    [ERROR] GET https://www.reddit.com/comments/1nckk44.json?raw_json=1&limit=50 → HTTP 429 after 3 attempts; giving up
2026-05-05T23:38:47Z INFO    [REQUEST] GET https://www.reddit.com/comments/1naverb.json?raw_json=1&limit=50
2026-05-05T23:38:47Z INFO    [RETRY] 1/3 wait=1.0s HTTP 429
2026-05-05T23:38:51Z INFO    [REQUEST] GET https://www.reddit.com/comments/1naverb.json?raw_json=1&limit=50
2026-05-05T23:38:51Z INFO    [RETRY] 2/3 wait=2.0s HTTP 429
2026-05-05T23:38:55Z INFO    [REQUEST] GET https://www.reddit.com/comments/1naverb.json?raw_json=1&limit=50
2026-05-05T23:38:55Z INFO    [ERROR] GET https://www.reddit.com/comments/1naverb.json?raw_json=1&limit=50 → HTTP 429 after 3 attempts; giving up
2026-05-05T23:38:59Z INFO    [REQUEST] GET https://www.reddit.com/comments/1km7vij.json?raw_json=1&limit=50
2026-05-05T23:39:00Z INFO    [RETRY] 1/3 wait=1.0s HTTP 429
2026-05-05T23:39:04Z INFO    [REQUEST] GET https://www.reddit.com/comments/1km7vij.json?raw_json=1&limit=50
2026-05-05T23:39:04Z INFO    [RETRY] 2/3 wait=2.0s HTTP 429
2026-05-05T23:39:08Z INFO    [REQUEST] GET https://www.reddit.com/comments/1km7vij.json?raw_json=1&limit=50
2026-05-05T23:39:08Z INFO    [ERROR] GET https://www.reddit.com/comments/1km7vij.json?raw_json=1&limit=50 → HTTP 429 after 3 attempts; giving up
2026-05-05T23:39:12Z INFO    [REQUEST] GET https://www.reddit.com/comments/1ilf5y3.json?raw_json=1&limit=50
2026-05-05T23:39:12Z INFO    [RETRY] 1/3 wait=1.0s HTTP 429
2026-05-05T23:39:16Z INFO    [REQUEST] GET https://www.reddit.com/comments/1ilf5y3.json?raw_json=1&limit=50
2026-05-05T23:39:16Z INFO    [RETRY] 2/3 wait=2.0s HTTP 429
2026-05-05T23:39:20Z INFO    [REQUEST] GET https://www.reddit.com/comments/1ilf5y3.json?raw_json=1&limit=50
2026-05-05T23:39:20Z INFO    [ERROR] GET https://www.reddit.com/comments/1ilf5y3.json?raw_json=1&limit=50 → HTTP 429 after 3 attempts; giving up
2026-05-05T23:39:24Z INFO    [REQUEST] GET https://www.reddit.com/comments/1fv1k21.json?raw_json=1&limit=50
2026-05-05T23:39:25Z INFO    [RETRY] 1/3 wait=1.0s HTTP 429
2026-05-05T23:39:29Z INFO    [REQUEST] GET https://www.reddit.com/comments/1fv1k21.json?raw_json=1&limit=50
2026-05-05T23:39:29Z INFO    [RETRY] 2/3 wait=2.0s HTTP 429
2026-05-05T23:39:33Z INFO    [REQUEST] GET https://www.reddit.com/comments/1fv1k21.json?raw_json=1&limit=50
2026-05-05T23:39:33Z INFO    [ERROR] GET https://www.reddit.com/comments/1fv1k21.json?raw_json=1&limit=50 → HTTP 429 after 3 attempts; giving up
2026-05-05T23:39:37Z INFO    [REQUEST] GET https://www.reddit.com/comments/1g0pjq3.json?raw_json=1&limit=50
2026-05-05T23:39:37Z INFO    [RETRY] 1/3 wait=1.0s HTTP 429
2026-05-05T23:39:41Z INFO    [REQUEST] GET https://www.reddit.com/comments/1g0pjq3.json?raw_json=1&limit=50
2026-05-05T23:39:41Z INFO    [RETRY] 2/3 wait=2.0s HTTP 429
2026-05-05T23:39:45Z INFO    [REQUEST] GET https://www.reddit.com/comments/1g0pjq3.json?raw_json=1&limit=50
2026-05-05T23:39:45Z INFO    [ERROR] GET https://www.reddit.com/comments/1g0pjq3.json?raw_json=1&limit=50 → HTTP 429 after 3 attempts; giving up
2026-05-05T23:39:49Z INFO    [REQUEST] GET https://www.reddit.com/comments/1exqsj9.json?raw_json=1&limit=50
2026-05-05T23:39:50Z INFO    [RETRY] 1/3 wait=1.0s HTTP 429
2026-05-05T23:39:54Z INFO    [REQUEST] GET https://www.reddit.com/comments/1exqsj9.json?raw_json=1&limit=50
2026-05-05T23:39:54Z INFO    [RETRY] 2/3 wait=2.0s HTTP 429
2026-05-05T23:39:58Z INFO    [REQUEST] GET https://www.reddit.com/comments/1exqsj9.json?raw_json=1&limit=50
2026-05-05T23:39:58Z INFO    [ERROR] GET https://www.reddit.com/comments/1exqsj9.json?raw_json=1&limit=50 → HTTP 429 after 3 attempts; giving up
2026-05-05T23:40:02Z INFO    [REQUEST] GET https://www.reddit.com/comments/1syta9s.json?raw_json=1&limit=50
2026-05-05T23:40:02Z INFO    [RESPONSE] 200 324ms https://www.reddit.com/comments/1syta9s.json?raw_json=1&limit=50
2026-05-05T23:40:02Z INFO    [INFO] r/igcse  1syta9s  +2 comment(s)
2026-05-05T23:40:06Z INFO    [REQUEST] GET https://www.reddit.com/comments/1o0zjul.json?raw_json=1&limit=50
2026-05-05T23:40:07Z INFO    [RESPONSE] 200 339ms https://www.reddit.com/comments/1o0zjul.json?raw_json=1&limit=50
2026-05-05T23:40:07Z INFO    [INFO] r/igcse  1o0zjul  +1 comment(s)
2026-05-05T23:40:11Z INFO    [REQUEST] GET https://www.reddit.com/comments/1k5bowx.json?raw_json=1&limit=50
2026-05-05T23:40:11Z INFO    [RESPONSE] 200 294ms https://www.reddit.com/comments/1k5bowx.json?raw_json=1&limit=50
2026-05-05T23:40:15Z INFO    [REQUEST] GET https://www.reddit.com/comments/1t1o6k1.json?raw_json=1&limit=50
2026-05-05T23:40:16Z INFO    [RESPONSE] 200 827ms https://www.reddit.com/comments/1t1o6k1.json?raw_json=1&limit=50
2026-05-05T23:40:16Z INFO    [INFO] r/igcse  1t1o6k1  +14 comment(s)
2026-05-05T23:40:20Z INFO    [REQUEST] GET https://www.reddit.com/comments/1szwnns.json?raw_json=1&limit=50
2026-05-05T23:40:20Z INFO    [RESPONSE] 200 356ms https://www.reddit.com/comments/1szwnns.json?raw_json=1&limit=50
2026-05-05T23:40:20Z INFO    [INFO] r/igcse  1szwnns  +5 comment(s)
2026-05-05T23:40:24Z INFO    [REQUEST] GET https://www.reddit.com/comments/1svwh08.json?raw_json=1&limit=50
2026-05-05T23:40:24Z INFO    [RESPONSE] 200 306ms https://www.reddit.com/comments/1svwh08.json?raw_json=1&limit=50
2026-05-05T23:40:24Z INFO    [INFO] r/igcse  1svwh08  +1 comment(s)
2026-05-05T23:40:28Z INFO    [REQUEST] GET https://www.reddit.com/comments/1o44qa2.json?raw_json=1&limit=50
2026-05-05T23:40:29Z INFO    [RESPONSE] 200 410ms https://www.reddit.com/comments/1o44qa2.json?raw_json=1&limit=50
2026-05-05T23:40:29Z INFO    [INFO] r/igcse  1o44qa2  +6 comment(s)
2026-05-05T23:40:33Z INFO    [REQUEST] GET https://www.reddit.com/comments/1k3n9wi.json?raw_json=1&limit=50
2026-05-05T23:40:33Z INFO    [RESPONSE] 200 329ms https://www.reddit.com/comments/1k3n9wi.json?raw_json=1&limit=50
2026-05-05T23:40:33Z INFO    [INFO] r/igcse  1k3n9wi  +1 comment(s)
2026-05-05T23:40:37Z INFO    [REQUEST] GET https://www.reddit.com/comments/1fdii4v.json?raw_json=1&limit=50
2026-05-05T23:40:37Z INFO    [RESPONSE] 200 322ms https://www.reddit.com/comments/1fdii4v.json?raw_json=1&limit=50
2026-05-05T23:40:41Z INFO    [REQUEST] GET https://www.reddit.com/comments/1bsztpj.json?raw_json=1&limit=50
2026-05-05T23:40:42Z INFO    [RESPONSE] 200 366ms https://www.reddit.com/comments/1bsztpj.json?raw_json=1&limit=50
2026-05-05T23:40:42Z INFO    [INFO] r/igcse  1bsztpj  +1 comment(s)
2026-05-05T23:40:46Z INFO    [REQUEST] GET https://www.reddit.com/comments/13i9zdp.json?raw_json=1&limit=50
2026-05-05T23:40:46Z INFO    [RESPONSE] 200 312ms https://www.reddit.com/comments/13i9zdp.json?raw_json=1&limit=50
2026-05-05T23:40:46Z INFO    [INFO] r/igcse  13i9zdp  +2 comment(s)
2026-05-05T23:40:50Z INFO    [REQUEST] GET https://www.reddit.com/comments/wz00wj.json?raw_json=1&limit=50
2026-05-05T23:40:51Z INFO    [RESPONSE] 200 366ms https://www.reddit.com/comments/wz00wj.json?raw_json=1&limit=50
2026-05-05T23:40:51Z INFO    [INFO] r/igcse  wz00wj  +1 comment(s)
2026-05-05T23:40:55Z INFO    [REQUEST] GET https://www.reddit.com/comments/wzvdfu.json?raw_json=1&limit=50
2026-05-05T23:40:55Z INFO    [RESPONSE] 200 325ms https://www.reddit.com/comments/wzvdfu.json?raw_json=1&limit=50
2026-05-05T23:40:55Z INFO    [INFO] r/igcse  wzvdfu  +1 comment(s)
2026-05-05T23:40:59Z INFO    [REQUEST] GET https://www.reddit.com/comments/1ci9qnj.json?raw_json=1&limit=50
2026-05-05T23:40:59Z INFO    [RESPONSE] 200 291ms https://www.reddit.com/comments/1ci9qnj.json?raw_json=1&limit=50
2026-05-05T23:40:59Z INFO    [INFO] r/alevel  1ci9qnj  +1 comment(s)
2026-05-05T23:41:03Z INFO    [REQUEST] GET https://www.reddit.com/comments/1nzgmzm.json?raw_json=1&limit=50
2026-05-05T23:41:04Z INFO    [RESPONSE] 200 527ms https://www.reddit.com/comments/1nzgmzm.json?raw_json=1&limit=50
2026-05-05T23:41:04Z INFO    [INFO] r/alevel  1nzgmzm  +8 comment(s)
2026-05-05T23:41:08Z INFO    [REQUEST] GET https://www.reddit.com/comments/1sw70ln.json?raw_json=1&limit=50
2026-05-05T23:41:08Z INFO    [RESPONSE] 200 311ms https://www.reddit.com/comments/1sw70ln.json?raw_json=1&limit=50
2026-05-05T23:41:08Z INFO    [INFO] r/alevel  1sw70ln  +3 comment(s)
2026-05-05T23:41:12Z INFO    [REQUEST] GET https://www.reddit.com/comments/1szqfjo.json?raw_json=1&limit=50
2026-05-05T23:41:12Z INFO    [RESPONSE] 200 307ms https://www.reddit.com/comments/1szqfjo.json?raw_json=1&limit=50
2026-05-05T23:41:12Z INFO    [INFO] r/alevel  1szqfjo  +1 comment(s)
2026-05-05T23:41:16Z INFO    [REQUEST] GET https://www.reddit.com/comments/1o5h99v.json?raw_json=1&limit=50
2026-05-05T23:41:17Z INFO    [RESPONSE] 200 318ms https://www.reddit.com/comments/1o5h99v.json?raw_json=1&limit=50
2026-05-05T23:41:17Z INFO    [INFO] r/alevel  1o5h99v  +3 comment(s)
2026-05-05T23:41:21Z INFO    [REQUEST] GET https://www.reddit.com/comments/1o4bh24.json?raw_json=1&limit=50
2026-05-05T23:41:21Z INFO    [RESPONSE] 200 293ms https://www.reddit.com/comments/1o4bh24.json?raw_json=1&limit=50
2026-05-05T23:41:21Z INFO    [INFO] r/alevel  1o4bh24  +3 comment(s)
2026-05-05T23:41:25Z INFO    [REQUEST] GET https://www.reddit.com/comments/1kh6ill.json?raw_json=1&limit=50
2026-05-05T23:41:25Z INFO    [RESPONSE] 200 305ms https://www.reddit.com/comments/1kh6ill.json?raw_json=1&limit=50
2026-05-05T23:41:25Z INFO    [INFO] r/alevel  1kh6ill  +2 comment(s)
2026-05-05T23:41:29Z INFO    [REQUEST] GET https://www.reddit.com/comments/1kgcv3o.json?raw_json=1&limit=50
2026-05-05T23:41:30Z INFO    [RESPONSE] 200 327ms https://www.reddit.com/comments/1kgcv3o.json?raw_json=1&limit=50
2026-05-05T23:41:30Z INFO    [INFO] r/alevel  1kgcv3o  +3 comment(s)
2026-05-05T23:41:34Z INFO    [REQUEST] GET https://www.reddit.com/comments/1khqyad.json?raw_json=1&limit=50
2026-05-05T23:41:34Z INFO    [RESPONSE] 200 318ms https://www.reddit.com/comments/1khqyad.json?raw_json=1&limit=50
2026-05-05T23:41:34Z INFO    [INFO] r/alevel  1khqyad  +3 comment(s)
2026-05-05T23:41:38Z INFO    [REQUEST] GET https://www.reddit.com/comments/1hcuat9.json?raw_json=1&limit=50
2026-05-05T23:41:38Z INFO    [RESPONSE] 200 504ms https://www.reddit.com/comments/1hcuat9.json?raw_json=1&limit=50
2026-05-05T23:41:38Z INFO    [INFO] r/alevel  1hcuat9  +3 comment(s)
2026-05-05T23:41:42Z INFO    [REQUEST] GET https://www.reddit.com/comments/1gnfjgn.json?raw_json=1&limit=50
2026-05-05T23:41:43Z INFO    [RESPONSE] 200 289ms https://www.reddit.com/comments/1gnfjgn.json?raw_json=1&limit=50
2026-05-05T23:41:43Z INFO    [INFO] r/alevel  1gnfjgn  +1 comment(s)
2026-05-05T23:41:47Z INFO    [REQUEST] GET https://www.reddit.com/comments/1g2lzjx.json?raw_json=1&limit=50
2026-05-05T23:41:47Z INFO    [RESPONSE] 200 310ms https://www.reddit.com/comments/1g2lzjx.json?raw_json=1&limit=50
2026-05-05T23:41:47Z INFO    [INFO] r/alevel  1g2lzjx  +2 comment(s)
2026-05-05T23:41:51Z INFO    [REQUEST] GET https://www.reddit.com/comments/1ch8l2q.json?raw_json=1&limit=50
2026-05-05T23:41:51Z INFO    [RESPONSE] 200 296ms https://www.reddit.com/comments/1ch8l2q.json?raw_json=1&limit=50
2026-05-05T23:41:51Z INFO    [INFO] r/alevel  1ch8l2q  +2 comment(s)
2026-05-05T23:41:55Z INFO    [REQUEST] GET https://www.reddit.com/comments/1p3ttsp.json?raw_json=1&limit=50
2026-05-05T23:41:56Z INFO    [RESPONSE] 200 328ms https://www.reddit.com/comments/1p3ttsp.json?raw_json=1&limit=50
2026-05-05T23:42:00Z INFO    [REQUEST] GET https://www.reddit.com/comments/1t2lofm.json?raw_json=1&limit=50
2026-05-05T23:42:00Z INFO    [RESPONSE] 200 360ms https://www.reddit.com/comments/1t2lofm.json?raw_json=1&limit=50
2026-05-05T23:42:00Z INFO    [INFO] r/alevels  1t2lofm  +15 comment(s)
2026-05-05T23:42:04Z INFO    [REQUEST] GET https://www.reddit.com/comments/1t2j1kj.json?raw_json=1&limit=50
2026-05-05T23:42:04Z INFO    [RESPONSE] 200 380ms https://www.reddit.com/comments/1t2j1kj.json?raw_json=1&limit=50
2026-05-05T23:42:04Z INFO    [INFO] r/alevels  1t2j1kj  +11 comment(s)
2026-05-05T23:42:08Z INFO    [REQUEST] GET https://www.reddit.com/comments/1t3mij8.json?raw_json=1&limit=50
2026-05-05T23:42:09Z INFO    [RESPONSE] 200 384ms https://www.reddit.com/comments/1t3mij8.json?raw_json=1&limit=50
2026-05-05T23:42:09Z INFO    [INFO] r/alevels  1t3mij8  +7 comment(s)
2026-05-05T23:42:13Z INFO    [REQUEST] GET https://www.reddit.com/comments/1t3axy5.json?raw_json=1&limit=50
2026-05-05T23:42:13Z INFO    [RESPONSE] 200 283ms https://www.reddit.com/comments/1t3axy5.json?raw_json=1&limit=50
2026-05-05T23:42:13Z INFO    [INFO] r/alevels  1t3axy5  +5 comment(s)
2026-05-05T23:42:17Z INFO    [REQUEST] GET https://www.reddit.com/comments/1t3g7xs.json?raw_json=1&limit=50
2026-05-05T23:42:17Z INFO    [RESPONSE] 200 285ms https://www.reddit.com/comments/1t3g7xs.json?raw_json=1&limit=50
2026-05-05T23:42:21Z INFO    [REQUEST] GET https://www.reddit.com/comments/1kfau5b.json?raw_json=1&limit=50
2026-05-05T23:42:22Z INFO    [RESPONSE] 200 417ms https://www.reddit.com/comments/1kfau5b.json?raw_json=1&limit=50
2026-05-05T23:42:22Z INFO    [INFO] r/alevels  1kfau5b  +5 comment(s)
2026-05-05T23:42:26Z INFO    [REQUEST] GET https://www.reddit.com/comments/utqyv3.json?raw_json=1&limit=50
2026-05-05T23:42:26Z INFO    [RESPONSE] 200 324ms https://www.reddit.com/comments/utqyv3.json?raw_json=1&limit=50
2026-05-05T23:42:26Z INFO    [INFO] r/GCSE  utqyv3  +6 comment(s)
2026-05-05T23:42:30Z INFO    [REQUEST] GET https://www.reddit.com/comments/pyrk67.json?raw_json=1&limit=50
2026-05-05T23:42:30Z INFO    [RESPONSE] 200 295ms https://www.reddit.com/comments/pyrk67.json?raw_json=1&limit=50
2026-05-05T23:42:30Z INFO    [INFO] r/GCSE  pyrk67  +1 comment(s)
2026-05-05T23:42:34Z INFO    [REQUEST] GET https://www.reddit.com/comments/1sprcoi.json?raw_json=1&limit=50
2026-05-05T23:42:35Z INFO    [RESPONSE] 200 330ms https://www.reddit.com/comments/1sprcoi.json?raw_json=1&limit=50
2026-05-05T23:42:35Z INFO    [INFO] r/GCSE  1sprcoi  +5 comment(s)
2026-05-05T23:42:39Z INFO    [REQUEST] GET https://www.reddit.com/comments/1ro91ow.json?raw_json=1&limit=50
2026-05-05T23:42:39Z INFO    [RESPONSE] 200 449ms https://www.reddit.com/comments/1ro91ow.json?raw_json=1&limit=50
2026-05-05T23:42:39Z INFO    [INFO] r/GCSE  1ro91ow  +6 comment(s)
2026-05-05T23:42:43Z INFO    [REQUEST] GET https://www.reddit.com/comments/1l4qc8p.json?raw_json=1&limit=50
2026-05-05T23:42:44Z INFO    [RESPONSE] 200 550ms https://www.reddit.com/comments/1l4qc8p.json?raw_json=1&limit=50
2026-05-05T23:42:44Z INFO    [INFO] r/GCSE  1l4qc8p  +43 comment(s)
2026-05-05T23:42:48Z INFO    [REQUEST] GET https://www.reddit.com/comments/1sd294v.json?raw_json=1&limit=50
2026-05-05T23:42:48Z INFO    [RESPONSE] 200 370ms https://www.reddit.com/comments/1sd294v.json?raw_json=1&limit=50
2026-05-05T23:42:48Z INFO    [INFO] r/GCSE  1sd294v  +5 comment(s)
2026-05-05T23:42:52Z INFO    [REQUEST] GET https://www.reddit.com/comments/1sqtrtm.json?raw_json=1&limit=50
2026-05-05T23:42:52Z INFO    [RESPONSE] 200 339ms https://www.reddit.com/comments/1sqtrtm.json?raw_json=1&limit=50
2026-05-05T23:42:52Z INFO    [INFO] r/GCSE  1sqtrtm  +3 comment(s)
2026-05-05T23:42:56Z INFO    [REQUEST] GET https://www.reddit.com/comments/1mw08ka.json?raw_json=1&limit=50
2026-05-05T23:42:57Z INFO    [RESPONSE] 200 351ms https://www.reddit.com/comments/1mw08ka.json?raw_json=1&limit=50
2026-05-05T23:42:57Z INFO    [INFO] r/GCSE  1mw08ka  +6 comment(s)
2026-05-05T23:43:01Z INFO    [REQUEST] GET https://www.reddit.com/comments/1s0q0g9.json?raw_json=1&limit=50
2026-05-05T23:43:01Z INFO    [RESPONSE] 200 261ms https://www.reddit.com/comments/1s0q0g9.json?raw_json=1&limit=50
2026-05-05T23:43:05Z INFO    [REQUEST] GET https://www.reddit.com/comments/1cwefor.json?raw_json=1&limit=50
2026-05-05T23:43:05Z INFO    [RESPONSE] 200 392ms https://www.reddit.com/comments/1cwefor.json?raw_json=1&limit=50
2026-05-05T23:43:05Z INFO    [INFO] r/GCSE  1cwefor  +10 comment(s)
2026-05-05T23:43:09Z INFO    [REQUEST] GET https://www.reddit.com/comments/1ktm7zp.json?raw_json=1&limit=50
2026-05-05T23:43:10Z INFO    [RESPONSE] 200 305ms https://www.reddit.com/comments/1ktm7zp.json?raw_json=1&limit=50
2026-05-05T23:43:10Z INFO    [INFO] r/GCSE  1ktm7zp  +3 comment(s)
2026-05-05T23:43:14Z INFO    [REQUEST] GET https://www.reddit.com/comments/1kqnztk.json?raw_json=1&limit=50
2026-05-05T23:43:14Z INFO    [RESPONSE] 200 335ms https://www.reddit.com/comments/1kqnztk.json?raw_json=1&limit=50
2026-05-05T23:43:14Z INFO    [INFO] r/GCSE  1kqnztk  +2 comment(s)
2026-05-05T23:43:18Z INFO    [REQUEST] GET https://www.reddit.com/comments/1jbv5r6.json?raw_json=1&limit=50
2026-05-05T23:43:18Z INFO    [RESPONSE] 200 332ms https://www.reddit.com/comments/1jbv5r6.json?raw_json=1&limit=50
2026-05-05T23:43:18Z INFO    [INFO] r/GCSE  1jbv5r6  +2 comment(s)
2026-05-05T23:43:22Z INFO    [REQUEST] GET https://www.reddit.com/comments/1k4j5d2.json?raw_json=1&limit=50
2026-05-05T23:43:23Z INFO    [RESPONSE] 200 297ms https://www.reddit.com/comments/1k4j5d2.json?raw_json=1&limit=50
2026-05-05T23:43:23Z INFO    [INFO] r/GCSE  1k4j5d2  +2 comment(s)
2026-05-05T23:43:27Z INFO    [REQUEST] GET https://www.reddit.com/comments/1kqk4cc.json?raw_json=1&limit=50
2026-05-05T23:43:27Z INFO    [RESPONSE] 200 301ms https://www.reddit.com/comments/1kqk4cc.json?raw_json=1&limit=50
2026-05-05T23:43:27Z INFO    [INFO] r/GCSE  1kqk4cc  +1 comment(s)
2026-05-05T23:43:31Z INFO    [REQUEST] GET https://www.reddit.com/comments/1ksk1hp.json?raw_json=1&limit=50
2026-05-05T23:43:31Z INFO    [RESPONSE] 200 248ms https://www.reddit.com/comments/1ksk1hp.json?raw_json=1&limit=50
2026-05-05T23:43:35Z INFO    [REQUEST] GET https://www.reddit.com/comments/1hw7cgb.json?raw_json=1&limit=50
2026-05-05T23:43:36Z INFO    [RESPONSE] 200 313ms https://www.reddit.com/comments/1hw7cgb.json?raw_json=1&limit=50
2026-05-05T23:43:36Z INFO    [INFO] r/GCSE  1hw7cgb  +1 comment(s)
2026-05-05T23:43:40Z INFO    [REQUEST] GET https://www.reddit.com/comments/1bq6m63.json?raw_json=1&limit=50
2026-05-05T23:43:40Z INFO    [RESPONSE] 200 321ms https://www.reddit.com/comments/1bq6m63.json?raw_json=1&limit=50
2026-05-05T23:43:40Z INFO    [INFO] r/GCSE  1bq6m63  +1 comment(s)
2026-05-05T23:43:44Z INFO    [REQUEST] GET https://www.reddit.com/comments/sl52c7.json?raw_json=1&limit=50
2026-05-05T23:43:44Z INFO    [RESPONSE] 200 387ms https://www.reddit.com/comments/sl52c7.json?raw_json=1&limit=50
2026-05-05T23:43:44Z INFO    [INFO] r/GCSE  sl52c7  +2 comment(s)
2026-05-05T23:43:48Z INFO    [REQUEST] GET https://www.reddit.com/comments/ua5riy.json?raw_json=1&limit=50
2026-05-05T23:43:49Z INFO    [RESPONSE] 200 333ms https://www.reddit.com/comments/ua5riy.json?raw_json=1&limit=50
2026-05-05T23:43:49Z INFO    [INFO] r/GCSE  ua5riy  +2 comment(s)
2026-05-05T23:43:53Z INFO    [REQUEST] GET https://www.reddit.com/comments/uoaaio.json?raw_json=1&limit=50
2026-05-05T23:43:53Z INFO    [RESPONSE] 200 299ms https://www.reddit.com/comments/uoaaio.json?raw_json=1&limit=50
2026-05-05T23:43:53Z INFO    [INFO] r/GCSE  uoaaio  +1 comment(s)
2026-05-05T23:43:57Z INFO    [REQUEST] GET https://www.reddit.com/comments/ftsj47.json?raw_json=1&limit=50
2026-05-05T23:43:57Z INFO    [RESPONSE] 200 298ms https://www.reddit.com/comments/ftsj47.json?raw_json=1&limit=50
2026-05-05T23:43:57Z INFO    [INFO] r/GCSE  ftsj47  +2 comment(s)
2026-05-05T23:44:01Z INFO    [REQUEST] GET https://www.reddit.com/comments/377buu.json?raw_json=1&limit=50
2026-05-05T23:44:02Z INFO    [RESPONSE] 200 340ms https://www.reddit.com/comments/377buu.json?raw_json=1&limit=50
2026-05-05T23:44:02Z INFO    [INFO] r/GCSE  377buu  +3 comment(s)
2026-05-05T23:44:06Z INFO    [REQUEST] GET https://www.reddit.com/comments/1t4eizf.json?raw_json=1&limit=50
2026-05-05T23:44:06Z INFO    [RESPONSE] 200 323ms https://www.reddit.com/comments/1t4eizf.json?raw_json=1&limit=50
2026-05-05T23:44:06Z INFO    [INFO] r/6thForm  1t4eizf  +10 comment(s)
2026-05-05T23:44:10Z INFO    [REQUEST] GET https://www.reddit.com/comments/1hqdz5w.json?raw_json=1&limit=50
2026-05-05T23:44:12Z INFO    [RESPONSE] 200 2584ms https://www.reddit.com/comments/1hqdz5w.json?raw_json=1&limit=50
2026-05-05T23:44:12Z INFO    [INFO] r/6thForm  1hqdz5w  +34 comment(s)
2026-05-05T23:44:16Z INFO    [REQUEST] GET https://www.reddit.com/comments/1on2ws7.json?raw_json=1&limit=50
2026-05-05T23:44:17Z INFO    [RESPONSE] 200 281ms https://www.reddit.com/comments/1on2ws7.json?raw_json=1&limit=50
2026-05-05T23:44:17Z INFO    [INFO] r/6thForm  1on2ws7  +3 comment(s)
2026-05-05T23:44:21Z INFO    [REQUEST] GET https://www.reddit.com/comments/1es7fj8.json?raw_json=1&limit=50
2026-05-05T23:44:21Z INFO    [RESPONSE] 200 456ms https://www.reddit.com/comments/1es7fj8.json?raw_json=1&limit=50
2026-05-05T23:44:21Z INFO    [INFO] r/6thForm  1es7fj8  +9 comment(s)
2026-05-05T23:44:25Z INFO    [REQUEST] GET https://www.reddit.com/comments/1mx0ug2.json?raw_json=1&limit=50
2026-05-05T23:44:26Z INFO    [RESPONSE] 200 340ms https://www.reddit.com/comments/1mx0ug2.json?raw_json=1&limit=50
2026-05-05T23:44:30Z INFO    [REQUEST] GET https://www.reddit.com/comments/1hcsmbq.json?raw_json=1&limit=50
2026-05-05T23:44:30Z INFO    [RESPONSE] 200 327ms https://www.reddit.com/comments/1hcsmbq.json?raw_json=1&limit=50
2026-05-05T23:44:30Z INFO    [INFO] r/6thForm  1hcsmbq  +2 comment(s)
2026-05-05T23:44:34Z INFO    [REQUEST] GET https://www.reddit.com/comments/1c5t6tj.json?raw_json=1&limit=50
2026-05-05T23:44:34Z INFO    [RESPONSE] 200 507ms https://www.reddit.com/comments/1c5t6tj.json?raw_json=1&limit=50
2026-05-05T23:44:34Z INFO    [INFO] r/6thForm  1c5t6tj  +4 comment(s)
2026-05-05T23:44:38Z INFO    [REQUEST] GET https://www.reddit.com/comments/1celddv.json?raw_json=1&limit=50
2026-05-05T23:44:39Z INFO    [RESPONSE] 200 291ms https://www.reddit.com/comments/1celddv.json?raw_json=1&limit=50
2026-05-05T23:44:39Z INFO    [INFO] r/6thForm  1celddv  +1 comment(s)
2026-05-05T23:44:43Z INFO    [REQUEST] GET https://www.reddit.com/comments/197s1lj.json?raw_json=1&limit=50
2026-05-05T23:44:43Z INFO    [RESPONSE] 200 274ms https://www.reddit.com/comments/197s1lj.json?raw_json=1&limit=50
2026-05-05T23:44:43Z INFO    [INFO] r/6thForm  197s1lj  +1 comment(s)
2026-05-05T23:44:47Z INFO    [REQUEST] GET https://www.reddit.com/comments/1aq5s14.json?raw_json=1&limit=50
2026-05-05T23:44:47Z INFO    [RESPONSE] 200 328ms https://www.reddit.com/comments/1aq5s14.json?raw_json=1&limit=50
2026-05-05T23:44:47Z INFO    [INFO] r/6thForm  1aq5s14  +1 comment(s)
2026-05-05T23:44:51Z INFO    [REQUEST] GET https://www.reddit.com/comments/9at6yx.json?raw_json=1&limit=50
2026-05-05T23:44:52Z INFO    [RESPONSE] 200 413ms https://www.reddit.com/comments/9at6yx.json?raw_json=1&limit=50
2026-05-05T23:44:52Z INFO    [INFO] r/6thForm  9at6yx  +7 comment(s)
2026-05-05T23:44:56Z INFO    [REQUEST] GET https://www.reddit.com/comments/12ili46.json?raw_json=1&limit=50
2026-05-05T23:44:56Z INFO    [RESPONSE] 200 259ms https://www.reddit.com/comments/12ili46.json?raw_json=1&limit=50
2026-05-05T23:44:56Z INFO    [INFO] r/6thForm  12ili46  +2 comment(s)
2026-05-05T23:45:00Z INFO    [REQUEST] GET https://www.reddit.com/comments/13gob4v.json?raw_json=1&limit=50
2026-05-05T23:45:00Z INFO    [RESPONSE] 200 311ms https://www.reddit.com/comments/13gob4v.json?raw_json=1&limit=50
2026-05-05T23:45:04Z INFO    [REQUEST] GET https://www.reddit.com/comments/vxn3ek.json?raw_json=1&limit=50
2026-05-05T23:45:05Z INFO    [RESPONSE] 200 291ms https://www.reddit.com/comments/vxn3ek.json?raw_json=1&limit=50
2026-05-05T23:45:05Z INFO    [INFO] r/6thForm  vxn3ek  +1 comment(s)
2026-05-05T23:45:09Z INFO    [REQUEST] GET https://www.reddit.com/comments/8p46o3.json?raw_json=1&limit=50
2026-05-05T23:45:09Z INFO    [RESPONSE] 200 279ms https://www.reddit.com/comments/8p46o3.json?raw_json=1&limit=50
2026-05-05T23:45:09Z INFO    [INFO] r/6thForm  8p46o3  +1 comment(s)
2026-05-05T23:45:13Z INFO    [REQUEST] GET https://www.reddit.com/comments/5x73oh.json?raw_json=1&limit=50
2026-05-05T23:45:13Z INFO    [RESPONSE] 200 240ms https://www.reddit.com/comments/5x73oh.json?raw_json=1&limit=50
2026-05-05T23:45:13Z INFO    [SECTION] PHASE 3 — PERSIST
2026-05-05T23:45:13Z INFO    [PHASE] PERSIST wrote 476 record(s) → output\zayns-20260505T200027Z.jsonl
2026-05-05T23:45:13Z INFO    [PHASE] PERSIST wrote markdown report → output\zayns-20260505T200027Z.md
2026-05-05T23:45:13Z INFO    [SECTION] PHASE 4 — SUMMARY
2026-05-05T23:45:13Z INFO    [SUMMARY] requests=602
2026-05-05T23:45:13Z INFO    [SUMMARY] responses ok=469
2026-05-05T23:45:13Z INFO    [SUMMARY] retries=90
2026-05-05T23:45:13Z INFO    [SUMMARY] hits (raw)=476
2026-05-05T23:45:13Z INFO    [SUMMARY] warnings=4
2026-05-05T23:45:13Z INFO    [SUMMARY] errors=43
2026-05-05T23:45:13Z INFO    [SUMMARY] unique posts=476
2026-05-05T23:45:13Z INFO    [SUMMARY] comments captured=3801
2026-05-05T23:45:13Z INFO    [SUMMARY] jsonl=output\zayns-20260505T200027Z.jsonl
2026-05-05T23:45:13Z INFO    [SUMMARY] markdown=output\zayns-20260505T200027Z.md
2026-05-05T23:45:13Z INFO    [SUMMARY] log file=logs\scraper-20260505T200027Z.log
