2026-05-05T22:47:10Z INFO    [BANNER] ZAYNS REDDIT SCRAPER — query='Zayn server' log=logs\scraper-20260505T194710Z.log
2026-05-05T22:47:10Z INFO    [CONFIG] tool=zayns-reddit-scraper v0.1.0
2026-05-05T22:47:10Z INFO    [CONFIG] query=Zayn server
2026-05-05T22:47:10Z INFO    [CONFIG] subreddits=Olevels, igcse, IGCSE_helps, Alevel, Alevels, CIE, edexcel, GCSE, 6thForm, Cheatingclassmates, GetStudying, studytips
2026-05-05T22:47:10Z INFO    [CONFIG] sorts=relevance, new
2026-05-05T22:47:10Z INFO    [CONFIG] max pages=5
2026-05-05T22:47:10Z INFO    [CONFIG] page limit=100
2026-05-05T22:47:10Z INFO    [CONFIG] delay=1.5s between requests
2026-05-05T22:47:10Z INFO    [CONFIG] comments=top 50
2026-05-05T22:47:10Z INFO    [CONFIG] output dir=D:\SOC Diploma\Info Scrapper\output
2026-05-05T22:47:10Z INFO    [CONFIG] log dir=D:\SOC Diploma\Info Scrapper\logs
2026-05-05T22:47:10Z INFO    [CONFIG] run stamp=20260505T194710Z
2026-05-05T22:47:10Z INFO    [SECTION] PHASE 1 — SEARCH
2026-05-05T22:47:10Z INFO    [INFO] query variants: 'Zayn server' | 'Zayn'
2026-05-05T22:47:10Z INFO    [PHASE] SEARCH r/all  sort=relevance  variant=phrase
2026-05-05T22:47:10Z INFO    [REQUEST] GET https://www.reddit.com/search.json?q=%22Zayn+server%22&sort=relevance&limit=100&t=all&raw_json=1
2026-05-05T22:47:11Z INFO    [RESPONSE] 200 857ms https://www.reddit.com/search.json?q=%22Zayn+server%22&sort=relevance&limit=100&t=all&raw_json=1
2026-05-05T22:47:11Z INFO    [HIT] #1 r/zayn score=10 comments=1 title="What's is his discord server link?"
2026-05-05T22:47:11Z INFO    [PHASE] SEARCH r/all  sort=new  variant=phrase
2026-05-05T22:47:12Z INFO    [REQUEST] GET https://www.reddit.com/search.json?q=%22Zayn+server%22&sort=new&limit=100&t=all&raw_json=1
2026-05-05T22:47:13Z INFO    [RESPONSE] 200 229ms https://www.reddit.com/search.json?q=%22Zayn+server%22&sort=new&limit=100&t=all&raw_json=1
2026-05-05T22:47:13Z INFO    [HIT] #1 r/u_Acceptable-Gap-4520 score=1 comments=0 title='Thoughts on le@ks O levels'
2026-05-05T22:47:13Z INFO    [PHASE] SEARCH r/Olevels  sort=relevance  variant=phrase
2026-05-05T22:47:14Z INFO    [REQUEST] GET https://www.reddit.com/r/Olevels/search.json?q=%22Zayn+server%22&sort=relevance&limit=100&t=all&raw_json=1&restrict_sr=1
2026-05-05T22:47:14Z INFO    [RESPONSE] 200 262ms https://www.reddit.com/r/Olevels/search.json?q=%22Zayn+server%22&sort=relevance&limit=100&t=all&raw_json=1&restrict_sr=1
2026-05-05T22:47:14Z INFO    [INFO] no results on first page for sort=relevance sub=Olevels
2026-05-05T22:47:14Z INFO    [PHASE] SEARCH r/igcse  sort=relevance  variant=phrase
2026-05-05T22:47:16Z INFO    [REQUEST] GET https://www.reddit.com/r/igcse/search.json?q=%22Zayn+server%22&sort=relevance&limit=100&t=all&raw_json=1&restrict_sr=1
2026-05-05T22:47:16Z INFO    [RESPONSE] 200 207ms https://www.reddit.com/r/igcse/search.json?q=%22Zayn+server%22&sort=relevance&limit=100&t=all&raw_json=1&restrict_sr=1
2026-05-05T22:47:16Z INFO    [INFO] no results on first page for sort=relevance sub=igcse
2026-05-05T22:47:16Z INFO    [PHASE] SEARCH r/IGCSE_helps  sort=relevance  variant=phrase
2026-05-05T22:47:18Z INFO    [REQUEST] GET https://www.reddit.com/r/IGCSE_helps/search.json?q=%22Zayn+server%22&sort=relevance&limit=100&t=all&raw_json=1&restrict_sr=1
2026-05-05T22:47:18Z INFO    [RESPONSE] 200 481ms https://www.reddit.com/r/IGCSE_helps/search.json?q=%22Zayn+server%22&sort=relevance&limit=100&t=all&raw_json=1&restrict_sr=1
2026-05-05T22:47:18Z INFO    [PHASE] SEARCH r/Alevel  sort=relevance  variant=phrase
2026-05-05T22:47:20Z INFO    [REQUEST] GET https://www.reddit.com/r/Alevel/search.json?q=%22Zayn+server%22&sort=relevance&limit=100&t=all&raw_json=1&restrict_sr=1
2026-05-05T22:47:20Z INFO    [RESPONSE] 200 266ms https://www.reddit.com/r/Alevel/search.json?q=%22Zayn+server%22&sort=relevance&limit=100&t=all&raw_json=1&restrict_sr=1
2026-05-05T22:47:20Z INFO    [INFO] no results on first page for sort=relevance sub=Alevel
2026-05-05T22:47:20Z INFO    [PHASE] SEARCH r/Alevels  sort=relevance  variant=phrase
2026-05-05T22:47:21Z INFO    [REQUEST] GET https://www.reddit.com/r/Alevels/search.json?q=%22Zayn+server%22&sort=relevance&limit=100&t=all&raw_json=1&restrict_sr=1
2026-05-05T22:47:22Z INFO    [RESPONSE] 200 540ms https://www.reddit.com/r/Alevels/search.json?q=%22Zayn+server%22&sort=relevance&limit=100&t=all&raw_json=1&restrict_sr=1
2026-05-05T22:47:22Z INFO    [INFO] no results on first page for sort=relevance sub=Alevels
2026-05-05T22:47:22Z INFO    [PHASE] SEARCH r/CIE  sort=relevance  variant=phrase
2026-05-05T22:47:23Z INFO    [REQUEST] GET https://www.reddit.com/r/CIE/search.json?q=%22Zayn+server%22&sort=relevance&limit=100&t=all&raw_json=1&restrict_sr=1
2026-05-05T22:47:24Z INFO    [ERROR] GET https://www.reddit.com/r/CIE/search.json?q=%22Zayn+server%22&sort=relevance&limit=100&t=all&raw_json=1&restrict_sr=1 → HTTP 404 (non-retryable)
2026-05-05T22:47:24Z INFO    [PHASE] SEARCH r/edexcel  sort=relevance  variant=phrase
2026-05-05T22:47:25Z INFO    [REQUEST] GET https://www.reddit.com/r/edexcel/search.json?q=%22Zayn+server%22&sort=relevance&limit=100&t=all&raw_json=1&restrict_sr=1
2026-05-05T22:47:25Z INFO    [RESPONSE] 200 264ms https://www.reddit.com/r/edexcel/search.json?q=%22Zayn+server%22&sort=relevance&limit=100&t=all&raw_json=1&restrict_sr=1
2026-05-05T22:47:25Z INFO    [INFO] no results on first page for sort=relevance sub=edexcel
2026-05-05T22:47:25Z INFO    [PHASE] SEARCH r/GCSE  sort=relevance  variant=phrase
2026-05-05T22:47:27Z INFO    [REQUEST] GET https://www.reddit.com/r/GCSE/search.json?q=%22Zayn+server%22&sort=relevance&limit=100&t=all&raw_json=1&restrict_sr=1
2026-05-05T22:47:27Z INFO    [RESPONSE] 200 270ms https://www.reddit.com/r/GCSE/search.json?q=%22Zayn+server%22&sort=relevance&limit=100&t=all&raw_json=1&restrict_sr=1
2026-05-05T22:47:27Z INFO    [INFO] no results on first page for sort=relevance sub=GCSE
2026-05-05T22:47:27Z INFO    [PHASE] SEARCH r/6thForm  sort=relevance  variant=phrase
2026-05-05T22:47:29Z INFO    [REQUEST] GET https://www.reddit.com/r/6thForm/search.json?q=%22Zayn+server%22&sort=relevance&limit=100&t=all&raw_json=1&restrict_sr=1
2026-05-05T22:47:29Z INFO    [RESPONSE] 200 288ms https://www.reddit.com/r/6thForm/search.json?q=%22Zayn+server%22&sort=relevance&limit=100&t=all&raw_json=1&restrict_sr=1
2026-05-05T22:47:29Z INFO    [INFO] no results on first page for sort=relevance sub=6thForm
2026-05-05T22:47:29Z INFO    [PHASE] SEARCH r/Cheatingclassmates  sort=relevance  variant=phrase
2026-05-05T22:47:30Z INFO    [REQUEST] GET https://www.reddit.com/r/Cheatingclassmates/search.json?q=%22Zayn+server%22&sort=relevance&limit=100&t=all&raw_json=1&restrict_sr=1
2026-05-05T22:47:31Z INFO    [RESPONSE] 200 396ms https://www.reddit.com/r/Cheatingclassmates/search.json?q=%22Zayn+server%22&sort=relevance&limit=100&t=all&raw_json=1&restrict_sr=1
2026-05-05T22:47:31Z INFO    [INFO] no results on first page for sort=relevance sub=Cheatingclassmates
2026-05-05T22:47:31Z INFO    [PHASE] SEARCH r/GetStudying  sort=relevance  variant=phrase
2026-05-05T22:47:32Z INFO    [REQUEST] GET https://www.reddit.com/r/GetStudying/search.json?q=%22Zayn+server%22&sort=relevance&limit=100&t=all&raw_json=1&restrict_sr=1
2026-05-05T22:47:33Z INFO    [RESPONSE] 200 314ms https://www.reddit.com/r/GetStudying/search.json?q=%22Zayn+server%22&sort=relevance&limit=100&t=all&raw_json=1&restrict_sr=1
2026-05-05T22:47:33Z INFO    [INFO] no results on first page for sort=relevance sub=GetStudying
2026-05-05T22:47:33Z INFO    [PHASE] SEARCH r/studytips  sort=relevance  variant=phrase
2026-05-05T22:47:34Z INFO    [REQUEST] GET https://www.reddit.com/r/studytips/search.json?q=%22Zayn+server%22&sort=relevance&limit=100&t=all&raw_json=1&restrict_sr=1
2026-05-05T22:47:34Z INFO    [RESPONSE] 200 276ms https://www.reddit.com/r/studytips/search.json?q=%22Zayn+server%22&sort=relevance&limit=100&t=all&raw_json=1&restrict_sr=1
2026-05-05T22:47:34Z INFO    [INFO] no results on first page for sort=relevance sub=studytips
2026-05-05T22:47:34Z INFO    [PHASE] SEARCH r/all  sort=relevance  variant=head:Zayn
2026-05-05T22:47:36Z INFO    [REQUEST] GET https://www.reddit.com/search.json?q=Zayn&sort=relevance&limit=100&t=all&raw_json=1
2026-05-05T22:47:38Z INFO    [RESPONSE] 200 1719ms https://www.reddit.com/search.json?q=Zayn&sort=relevance&limit=100&t=all&raw_json=1
2026-05-05T22:47:38Z INFO    [HIT] #1 r/Fauxmoi score=925 comments=254 title='Zayn Malik has canceled all of his North American tour dates'
2026-05-05T22:47:38Z INFO    [HIT] #2 r/popculturechat score=8714 comments=629 title='Zayn Malik punched Louis Tomlinson after making remark about his late mum'
2026-05-05T22:47:38Z INFO    [HIT] #3 r/Fauxmoi score=1144 comments=262 title='Zayn Malik allegedly punched Louis Tomlinson after making a comment about his mother forcing Netflix to cancel their planned documentary'
2026-05-05T22:47:38Z INFO    [HIT] #4 r/popculturechat score=1692 comments=279 title='Zayn Malik Cancels All U.S. Tour Dates'
2026-05-05T22:47:38Z INFO    [HIT] #5 r/zayn score=120 comments=86 title='Can we please stop being in denial about Zayn?'
2026-05-05T22:47:38Z INFO    [HIT] #6 r/Fauxmoi score=4607 comments=100 title='Zayn Malik and his family ask fans to donate to the Palestine Project after knowing fans were sending them flowers bouquets.'
2026-05-05T22:47:38Z INFO    [HIT] #7 r/popculturechat score=1416 comments=331 title='Director of the Zayn Malik and Louis Tomlinson documentary responded to the reports of a fight between them causing it to be scrapped, saying “And there goes the last year of work💨”'
2026-05-05T22:47:38Z INFO    [HIT] #8 r/Fauxmoi score=265 comments=53 title='Zayn Malik has announced he\'s been hospitalised and is "unexpectedly recovering" after falling ill'
2026-05-05T22:47:38Z INFO    [HIT] #9 r/VindictaRateCelebs score=254 comments=123 title='Are Zayn Malik and Gigi Hadid an equally attractive couple?'
2026-05-05T22:47:38Z INFO    [HIT] #10 r/zayn score=57 comments=43 title='Can someone provide a valid reason why Zayn’s team hasn’t denied the assault allegations?'
2026-05-05T22:47:38Z INFO    [HIT] #11 r/Fauxmoi score=20326 comments=659 title="Zayn Malik, Emma Thompson, Penelope Cruz, Stevie Wonder, Roger Waters and others named in Epstein emails about a group of 'anti-Israel celebrities'"
2026-05-05T22:47:38Z INFO    [HIT] #12 r/popculturechat score=6464 comments=394 title='Zayn Malik fears Netflix footage of him punching Louis Tomlinson will leak'
2026-05-05T22:47:38Z INFO    [HIT] #13 r/popculturechat score=4810 comments=424 title='Zayn Malik reveals that Gigi Hadid got mad at him for giving their 5 year old daughter $500 from the Tooth Fairy after she lost her first tooth'
2026-05-05T22:47:38Z INFO    [HIT] #14 r/popculturechat score=4235 comments=299 title='Louis Tomlinson has unfollowed Zayn Malik on instagram following a report that Zayn assaulted Louis'
2026-05-05T22:47:38Z INFO    [HIT] #15 r/LoveAndDeepspace score=3393 comments=359 title="Love and Deepspace | Trailer of New 5-Star Memory [Zayne: Secret's Kiss] Released! 💋🤫"
2026-05-05T22:47:38Z INFO    [HIT] #16 r/Fauxmoi score=1354 comments=607 title="Zayn Malik talks about his 6 year relationship with his ex Gigi Hadid on the new Call Her Daddy episode: «I will always love her, but i don't know if I was ever in love with her»"
2026-05-05T22:47:38Z INFO    [HIT] #17 r/SquaredCircle score=3280 comments=637 title='Sami Zayn on X: Hoes stay mad.'
2026-05-05T22:47:38Z INFO    [HIT] #18 r/SquaredCircle score=2415 comments=386 title='[WWE Smackdown Spoilers] Finish to Sami Zayn US Open Challenge'
2026-05-05T22:47:38Z INFO    [HIT] #19 r/LoveAndDeepspace score=3712 comments=122 title='The Resident Evil fandom has adopted Zayne 😭'
2026-05-05T22:47:38Z INFO    [HIT] #20 r/SquaredCircle score=6899 comments=684 title='Sami Zayn’s Twitter:Big ups to the Muslim sister Imane Khelif who advanced in the Olympics today to box for the gold medal after facing a swarm of the most idiotic, bigoted comments I’ve ever seen an Olympic athlete face. Inshallah she wins the big one & the bitchasses online get the help they need.'
2026-05-05T22:47:38Z INFO    [HIT] #21 r/SquaredCircle score=1384 comments=396 title='Sami Zayn responds to Ricochet’s claim that “El Generico has a better legacy than Sami Zayn”.'
2026-05-05T22:47:38Z INFO    [HIT] #22 r/SquaredCircle score=1191 comments=334 title='Following Sami Zayn’s United States Championship win, the men’s champions on WWE’s main roster are all 40 or over for the first time'
2026-05-05T22:47:38Z INFO    [HIT] #23 r/SquaredCircle score=4643 comments=245 title='Sami Zayn on Twitter: Hi all, it’s Rami. Today is my birthday'
2026-05-05T22:47:38Z INFO    [HIT] #24 r/LoveAndDeepspace score=2655 comments=271 title='ZAYNE OUTFIT COMMENTS???'
2026-05-05T22:47:38Z INFO    [HIT] #25 r/LoveAndDeepspace score=1590 comments=209 title='Sato Takuya to step down as Zayne Japanese VA due to contract expiration'
2026-05-05T22:47:38Z INFO    [HIT] #26 r/Fauxmoi score=1876 comments=198 title='Two months into 2026, Zayn Malik’s new album cover is already a contender for worst album art of the year'
2026-05-05T22:47:38Z INFO    [HIT] #27 r/SantiZapVideos score=869 comments=356 title='Im done with Sami Zayn.'
2026-05-05T22:47:38Z INFO    [HIT] #28 r/LoveAndDeepspace score=2404 comments=163 title='OMFG ZAYNE GIRLIES?? HELLO??'
2026-05-05T22:47:38Z INFO    [HIT] #29 r/popculturechat score=2455 comments=226 title='Blackpink Jisoo posted pictures with Zayn on Instagram'
2026-05-05T22:47:38Z INFO    [HIT] #30 r/Fauxmoi score=1704 comments=130 title='Louis Tomlinson has unfollowed Zayn Malik following rumours Zayn insulted Louis’s dead mother and then assaulted him'
2026-05-05T22:47:38Z INFO    [HIT] #31 r/Music score=4393 comments=367 title='Zayn Malik postpones US tour amid Liam Payne’s ‘heartbreaking’ death'
2026-05-05T22:47:38Z INFO    [HIT] #32 r/SquaredCircle score=4941 comments=393 title='Sami Zayn- "Checked the internet today and it turns out everyone is really fuckin stupid."'
2026-05-05T22:47:38Z INFO    [HIT] #33 r/SquaredCircle score=20767 comments=1520 title='Sami Zayn: "Military flyovers during sporting events are indeed expensive, taxpayer-funded propaganda that have nothing to do with sports, you’re just not allowed to point that out."'
2026-05-05T22:47:38Z INFO    [HIT] #34 r/SquaredCircle score=3944 comments=170 title='Sami Zayn: "Thanks to my fans who came out to meet me today, for supporting me and for supporting the moral issue of our lifetime. I love you all, it’s hard to put into words how much it means to me. Thank you."'
2026-05-05T22:47:38Z INFO    [HIT] #35 r/SquaredCircle score=7885 comments=132 title='Sami Zayn on Twitter: Happy Juneteenth. It is important to confront our shameful history in order to LEARN FROM the racism, dehumanization & barbarity of the past so that we may eradicate them from our societies & our hearts, today & for future generations to come. LIBERATION AND JUSTICE FOR ALL.'
2026-05-05T22:47:38Z INFO    [HIT] #36 r/SquaredCircle score=4117 comments=179 title='Sami Zayn on X: “NY Post continuing a fine tradition of being a dog shit publication”'
2026-05-05T22:47:38Z INFO    [HIT] #37 r/SquaredCircle score=3343 comments=271 title='Sami Zayn on Twitter: I love the Irish. They are an extremely empathetic, caring people with a deep understanding of human suffering. I’ve always felt a great kinship with them and love visiting their beautiful country. + God bless the Irish people, today and every day.'
2026-05-05T22:47:38Z INFO    [HIT] #38 r/SquaredCircle score=10643 comments=1980 title='Sami Zayn: I mainly agree with this, but Obama gets too much of a pass. His ‘mistakes’ were not careless errors, he took calculated steps to maintain & expand policies, systems & wars put in place by GWB & evil scumbags before him. I don’t expect much better from Biden, but here’s hoping.'
2026-05-05T22:47:38Z INFO    [HIT] #39 r/LoveAndDeepspace score=2426 comments=94 title='My husband’s very questionable obsession with Zayne 🫠'
2026-05-05T22:47:38Z INFO    [HIT] #40 r/SquaredCircle score=3330 comments=236 title='Becky Lynch and Sami Zayn both thanked for their donations and support at a Gazan refugee camp'
2026-05-05T22:47:38Z INFO    [HIT] #41 r/SquaredCircle score=3463 comments=1768 title='Post WWE WrestleMania 39 Match Discussion Thread: The Usos (c) vs. Sami Zayn and Kevin Owens'
2026-05-05T22:47:38Z INFO    [HIT] #42 r/SquaredCircle score=1413 comments=128 title='Sami Zayn X post from today'
2026-05-05T22:47:38Z INFO    [HIT] #43 r/LoveAndDeepspace score=2686 comments=74 title="Dr Zayne's worst nightmare"
2026-05-05T22:47:38Z INFO    [HIT] #44 r/SquaredCircle score=2018 comments=2062 title='Post WWE WrestleMania XL Match Discussion: Gunther (c) vs. Sami Zayn - WWE Intercontinental Championship'
2026-05-05T22:47:38Z INFO    [HIT] #45 r/SquaredCircle score=2502 comments=189 title='Sami Zayn and PAC at Newcastle United vs Liverpool tonight'
2026-05-05T22:47:38Z INFO    [HIT] #46 r/WWE score=662 comments=544 title='Is anyone tired of Sami Zayn?'
2026-05-05T22:47:38Z INFO    [HIT] #47 r/LoveAndDeepspace score=3997 comments=171 title='I’m not a Zayne girly but, is it just me or Zayne’s 4-star memories are gorgeous'
2026-05-05T22:47:38Z INFO    [HIT] #48 r/SquaredCircle score=926 comments=207 title='[Smackdown Spoilers] Brutal looking ending to Zayn vs Black'
2026-05-05T22:47:38Z INFO    [HIT] #49 r/LoveAndDeepspace score=861 comments=202 title='So this is how men see Zayne when they play LADS... lmao'
2026-05-05T22:47:38Z INFO    [HIT] #50 r/LoveAndDeepspace score=1357 comments=408 title='Please show me your Zayne fav pics ✨'
2026-05-05T22:47:38Z INFO    [HIT] #51 r/SquaredCircle score=9877 comments=870 title='Sami Zayn: “I hear that as United States Champion, Bobby Lashley is working on a new finishing move called “The American Way”, where he sets up a base on my property, destroys my home, has his friends take whatever is left, then says he did it for freedom & makes me out to be the bad guy.”'
2026-05-05T22:47:38Z INFO    [HIT] #52 r/ChikaPH score=1281 comments=115 title='Zayn Malik and Louis Tomlinson'
2026-05-05T22:47:38Z INFO    [HIT] #53 r/popculturechat score=1275 comments=168 title='“Hopefully the ticket prices weren’t too high” fans think Zayn Malik may be shading Harry Styles'
2026-05-05T22:47:38Z INFO    [HIT] #54 r/SquaredCircle score=1576 comments=462 title='[Fightful Select] The claim internally in WWE is that the barbed wire in Kevin Owens/Sami Zayn was not gimmicked or shaved down at the request of at least one talent.'
2026-05-05T22:47:38Z INFO    [HIT] #55 r/SquaredCircle score=3935 comments=777 title='Michael Cole: "This Roman Reigns-Kevin Owens-Bloodline-Sami Zayn storyline is probably the best television we\'ve done in a decade. And it\'s Emmy-worthy in many ways."'
2026-05-05T22:47:38Z INFO    [HIT] #56 r/SquaredCircle score=2343 comments=225 title='Naomi on X: I really need to start using this nepotism with my family yall claim I got.  @HeymanHustle @TheRock @jacobfatu_wwe @WWEUsos @WWERomanReigns @SamiZayn @TheREALRIKISHI I’d like to request a meeting asap⚠️'
2026-05-05T22:47:38Z INFO    [HIT] #57 r/OneDirection score=5489 comments=185 title='Zayn’s reaction to Liam  💔💛'
2026-05-05T22:47:38Z INFO    [HIT] #58 r/LoveAndDeepspace score=1864 comments=130 title='Have you guys noticed that Zayne is in every chapter of the main story?'
2026-05-05T22:47:38Z INFO    [HIT] #59 r/SquaredCircle score=1881 comments=134 title='Sami Zayn on Twitter: Gimmick change coming soon'
2026-05-05T22:47:38Z INFO    [HIT] #60 r/SquaredCircle score=1098 comments=117 title='Sami Zayn giving wrestling advice to Eva Marie: "You almost want to use the pins as exclamation points, it\'s like punctuation, if we are telling a story and these are sentences, that\'s the punctuation"'
2026-05-05T22:47:38Z INFO    [HIT] #61 r/SquaredCircle score=1091 comments=125 title='Sami Zayn asks Kendrick Lamar for some help'
2026-05-05T22:47:38Z INFO    [HIT] #62 r/popheads score=561 comments=234 title='Zayn Malik Cancels All U.S. Tour Dates'
2026-05-05T22:47:38Z INFO    [HIT] #63 r/popculturechat score=1912 comments=218 title='Former One Direction member  Zayn Malik shares lyrics to debut rap song ‘Fuchsia Sea’: “Cause I worked hard in a white band. And they still laughed at the Asian. Left a blue mark on a white flag. Then used blood for the painting."'
2026-05-05T22:47:38Z INFO    [HIT] #64 r/WWE score=4266 comments=495 title='Sami Zayn visiting Mecca before NoC'
2026-05-05T22:47:38Z INFO    [HIT] #65 r/hockey score=950 comments=133 title='Zayne Parekh is not a fan of Devin Cooley’s new pads'
2026-05-05T22:47:38Z INFO    [HIT] #66 r/SquaredCircle score=7023 comments=1769 title="WON: The Saudi Arabian government told WWE they didn't want Sami Zayn appearing because of his ethnicity"
2026-05-05T22:47:38Z INFO    [HIT] #67 r/SquaredCircle score=1269 comments=667 title='Sami Zayn on X -  "Tiocfaidh ár lá"'
2026-05-05T22:47:38Z INFO    [HIT] #68 r/SquaredCircle score=1895 comments=850 title='Booker T reveals that Sami Zayn was upset about the social media reaction to him winning the Gauntlet on RAW'
2026-05-05T22:47:38Z INFO    [HIT] #69 r/heightcomparison score=946 comments=255 title="Zayn Malik (5'8), Gigi Hadid(5'10)"
2026-05-05T22:47:38Z INFO    [HIT] #70 r/SquaredCircle score=5215 comments=386 title='Sami Zayn Becomes First Muslim to Main Event Wrestlemania'
2026-05-05T22:47:38Z INFO    [HIT] #71 r/LoveAndDeepspace score=2366 comments=239 title='Since we have a boyband now, let assign: Sylus - Main Vocalist, Zayne - Main Dancer, Rafayel - Visual, Caleb - Rapper, and Xavier - Lead Dancer.'
2026-05-05T22:47:38Z INFO    [HIT] #72 r/SquaredCircle score=3345 comments=310 title="Comparison of camera cuts for Sami Zayn's Montreal entrance"
2026-05-05T22:47:38Z INFO    [HIT] #73 r/SquaredCircle score=2895 comments=87 title="Sami Zayn on Johnny Knoxville’s engagement: l've met Emily and can confidently say she is 10,000x too good for this chump."
2026-05-05T22:47:38Z INFO    [HIT] #74 r/SquaredCircle score=4650 comments=432 title='Sami Zayn appreciation thread'
2026-05-05T22:47:38Z INFO    [HIT] #75 r/LoveAndDeepspace score=826 comments=370 title="Who has skipped Zayne's Majestic Myth?"
2026-05-05T22:47:38Z INFO    [HIT] #76 r/OneDirection score=2872 comments=107 title='Louis Tomlinson and Zayn Malik recently!!!'
2026-05-05T22:47:38Z INFO    [HIT] #77 r/TheGreatOne score=390 comments=284 title='There were storylines with Daniel Bryan as an underdog even after his WrestleMania 30 moment, but the fans never turned on him like they did on Sami Zayn. Is it because the general interest of wrestling fans evolved and shifted towards more morally grey characters like Drew McIntyre?'
2026-05-05T22:47:38Z INFO    [HIT] #78 r/LoveAndDeepspace score=2099 comments=242 title='ThIS EXPRESSIONS ARE IN-ZAYNE!🥵😩❤️\u200d🔥'
2026-05-05T22:47:38Z INFO    [HIT] #79 r/SquaredCircle score=1864 comments=2399 title='Post WWE Elimination Chamber 2023 Match Discussion: Roman Reigns (c) vs. Sami Zayn - WWE Undisputed Universal Championship'
2026-05-05T22:47:38Z INFO    [HIT] #80 r/SquaredCircle score=2912 comments=1044 title='Post WWE WrestleMania 38 Match Discussion Thread: Johnny Knoxville vs. Sami Zayn'
2026-05-05T22:47:38Z INFO    [HIT] #81 r/SquaredCircle score=6875 comments=592 title="Sami Zayn finds out that Ska isn't cool anymore"
2026-05-05T22:47:38Z INFO    [HIT] #82 r/SquaredCircle score=2606 comments=739 title='Post WWE RAW Segment Discussion: The Trial of Sami Zayn'
2026-05-05T22:47:38Z INFO    [HIT] #83 r/TheGreatOne score=464 comments=247 title="Sami zayn is making me sick, the guy has been incredibly boring from past two years, same gimmick,same boring promo, no solid storyline, hasn't worked on his body or his character but some have he f*cks up someone's momentum everytime, he doesn't deserve to be in this WM ,BS"
2026-05-05T22:47:38Z INFO    [HIT] #84 r/SquaredCircle score=2423 comments=262 title='Sid powerbombs Sami Zayn after returning from his horrific leg injury. '
2026-05-05T22:47:38Z INFO    [HIT] #85 r/LoveAndDeepspace score=2439 comments=47 title='This Zayne coser got princess carried by a jasmine girlie,'
2026-05-05T22:47:38Z INFO    [HIT] #86 r/entertainment score=1064 comments=91 title="Zayn Malik fears 'beyond damaging' footage of Louis Tomlinson bust-up will leak"
2026-05-05T22:47:38Z INFO    [HIT] #87 r/SquaredCircle score=4161 comments=707 title='Sami Zayn’s reply to Andrew Yang tweeting his support to Israel: “Maybe not the most tasteful statement to make within hours of Israel bombing Gaza and killing 20 Palestinians, 9 of whom were children…”'
2026-05-05T22:47:38Z INFO    [HIT] #88 r/Fauxmoi score=569 comments=237 title='Zayn Malik reveals he gave his daughter £500 for loosing her first tooth. Gigi gave him shit but he says “I worked my ass off, and I should be able to give my kid what I wanna give her.”'
2026-05-05T22:47:38Z INFO    [HIT] #89 r/SquaredCircle score=1026 comments=485 title='Sami Zayn on WWE Keeping Politics Out of Storylines: "I think in a strange way, we’re doing a sort of weird anti-reflection reflection wherein we just simply don’t touch politics. As a company, nothing about the political climate is reflected in the product anymore."'
2026-05-05T22:47:38Z INFO    [HIT] #90 r/SquaredCircle score=982 comments=521 title='Post WWE Elimination Chamber 2025 Match Discussion: Kevin Owens vs. Sami Zayn - Unsanctioned'
2026-05-05T22:47:38Z INFO    [HIT] #91 r/LoveAndDeepspace score=2472 comments=91 title='My cosplay of Zayne'
2026-05-05T22:47:38Z INFO    [HIT] #92 r/BlackPink score=2219 comments=97 title='251010 Jisoo IG Update w/ ZAYN'
2026-05-05T22:47:38Z INFO    [HIT] #93 r/LoveAndDeepspace score=1399 comments=234 title='All the "zayne is boring" people are finally eating their words'
2026-05-05T22:47:38Z INFO    [HIT] #94 r/SquaredCircle score=4024 comments=346 title='New Sami U̶S̶O̶ Zayn shirt on WWEShop'
2026-05-05T22:47:38Z INFO    [HIT] #95 r/WWE score=319 comments=327 title='Unpopular Opinion: Sami Zayn is Overhated'
2026-05-05T22:47:38Z INFO    [HIT] #96 r/TheGreatOne score=1006 comments=262 title='Sami Zayn fatigue in 2025'
2026-05-05T22:47:38Z INFO    [HIT] #97 r/LAinfluencersnark score=542 comments=233 title='Zayn Malik tells Alex Cooper of ‘Call Her Daddy’, he never was in love with Gigi Hadid but has love for her. 🥴'
2026-05-05T22:47:38Z INFO    [HIT] #98 r/popculturechat score=2722 comments=116 title='Zayn followed Louis Tomlinson on Instagram'
2026-05-05T22:47:38Z INFO    [HIT] #99 r/SquaredCircle score=1679 comments=995 title='Post WWE Night of Champions 2023 Match Discussion: Sami Zayn and Kevin Owens (c) vs. Roman Reigns and Solo Sikoa'
2026-05-05T22:47:38Z INFO    [HIT] #100 r/LoveAndDeepspace score=3690 comments=65 title='Oh I just know Zayne is gonna love my cake'
2026-05-05T22:47:39Z INFO    [REQUEST] GET https://www.reddit.com/search.json?q=Zayn&sort=relevance&limit=100&t=all&raw_json=1&after=t3_1n6rp3w
2026-05-05T22:47:41Z INFO    [RESPONSE] 200 1729ms https://www.reddit.com/search.json?q=Zayn&sort=relevance&limit=100&t=all&raw_json=1&after=t3_1n6rp3w
2026-05-05T22:47:41Z INFO    [HIT] #101 r/WWE score=204 comments=392 title='Why is Sami Zayn getting booed?'
2026-05-05T22:47:41Z INFO    [HIT] #102 r/LoveAndDeepspace score=953 comments=144 title='All I want is for Zayne to go back to being the one known as the Childhood Friend'
2026-05-05T22:47:41Z INFO    [HIT] #103 r/SquaredCircle score=3632 comments=587 title='Sami Zayn in reponse to Meghan McCain supporting Andrew Yang: "Try as I may, I will never be the most insufferable human being on television as long as this soulless parasite is on the airwaves"'
2026-05-05T22:47:41Z INFO    [HIT] #104 r/SquaredCircle score=2442 comments=567 title='Jim Cornette: "Let me tell you something. I never thought that I would say this. But I think now Sami Zayn is my favorite person to watch on television...Sami Zayn will be a huge babyface and potentially even in a main event against Roman Reigns in some shape or form."'
2026-05-05T22:47:41Z INFO    [HIT] #105 r/popculturechat score=2284 comments=261 title="Zayn Malik Says He Was Kicked off of Tinder for 'Catfishing': 'It’s Not Been Too Successful for Me'"
2026-05-05T22:47:41Z INFO    [HIT] #106 r/LoveAndDeepspace score=1045 comments=139 title='Would I be crazy to spend $150 on Zayne’s Canon scent when I don’t wear cologne 🙈'
2026-05-05T22:47:41Z INFO    [HIT] #107 r/popculturechat score=2229 comments=202 title='Harry Styles, Zayn Malik, and Louis Tomlinson issue statements after the death of Liam Payne'
2026-05-05T22:47:41Z INFO    [HIT] #108 r/OneDirection score=3138 comments=118 title='ZAYN JUST DEDICATED ‚WHAT I AM‘ TO LOUIS WTF'
2026-05-05T22:47:41Z INFO    [HIT] #109 r/LoveAndDeepspace score=2467 comments=143 title='This is what Zayne wore in January. WHAT DID I EVEN EXPECT 😭'
2026-05-05T22:47:41Z INFO    [HIT] #110 r/SquaredCircle score=4858 comments=602 title='Sami Zayn on Twitter - #RawReunion was a joke. If I\'m still hanging on to this business years after I\'m done, you can punch me in the face. Like most great artists, I am vastly under-appreciated in my own time. You have me now & you\'re blowing it, too busy missing "glory days" that actually sucked.'
2026-05-05T22:47:41Z INFO    [HIT] #111 r/popculturechat score=1183 comments=93 title="Zayn Malik, Emma Thompson, Penelope Cruz, Stevie Wonder, Roger Waters and others named in Epstein emails about a group of 'anti-Israel celebrities'"
2026-05-05T22:47:41Z INFO    [HIT] #112 r/popheads score=2279 comments=183 title='Zayn Malik postpones US tour amid Liam Payne’s ‘heartbreaking’ death'
2026-05-05T22:47:41Z INFO    [HIT] #113 r/SquaredCircle score=4854 comments=478 title='Sami Zayn - "I love the simplicity and, ironically enough, the honesty of pro wrestling. In pro wrestling, if I torment you for years, insult you, spit on you, humiliate you & physically attack you until you eventually had enough and you beat my ass...I’m still the bad guy who had it coming."'
2026-05-05T22:47:41Z INFO    [HIT] #114 r/SquaredCircle score=2433 comments=214 title='Sami Zayn on Raw ending: "I didn\'t even know that happened because I left the arena...I get to my hotel and I tweet out the presale code for my comedy show and all of the replies from the fans are like, ‘Your co-workers have been killed, what are you doing tweeting out the comedy show?’”'
2026-05-05T22:47:41Z INFO    [HIT] #115 r/SquaredCircle score=3047 comments=316 title='[Wrestlemania Spoilers] Finish to Undisputed Tag Team Championship Match - The Usos(c) vs. Kevin Owens & Sami Zayn'
2026-05-05T22:47:41Z INFO    [HIT] #116 r/drawing score=1066 comments=119 title='Why is my drawing of Zayn Malik looking like Ross on Steroids? Any tips'
2026-05-05T22:47:41Z INFO    [HIT] #117 r/LoveAndDeepspace score=1822 comments=84 title='Zayne Metalhead confirmed so i had to do these doodles hehe~'
2026-05-05T22:47:41Z INFO    [HIT] #118 r/LoveAndDeepspace score=2497 comments=106 title='Why is no one talking about the fact that Zayne HAS TIED US TO A CHAIR? (And why am I into it?)'
2026-05-05T22:47:41Z INFO    [HIT] #119 r/SquaredCircle score=1657 comments=878 title='SI: Sami Zayn’s storyline with Roman Reigns and the Bloodline deserves the bigger stage of the WrestleMania main event - An epic of this magnitude feels out of place at any event but WrestleMania.'
2026-05-05T22:47:41Z INFO    [HIT] #120 r/LoveAndDeepspace score=1356 comments=129 title='AAAA ZAYNE MYTH!!! Who else changed mind after the PV and gonna pull?'
2026-05-05T22:47:41Z INFO    [HIT] #121 r/LoveAndDeepspace score=2395 comments=105 title='The whole team is here, but I can’t use the joke “Zayne is employed. He is in the hospital.” anymore 😭🥀🥀'
2026-05-05T22:47:41Z INFO    [HIT] #122 r/LoveAndDeepspace score=1611 comments=187 title="A fact about Zayne's MC I only know now 🤯"
2026-05-05T22:47:41Z INFO    [HIT] #123 r/LoveAndDeepspace score=1640 comments=105 title='Zayne’s Myth make LADS’s rating in iOS Japan jump from 17+ to 18+ (Android Japan still 12+)'
2026-05-05T22:47:41Z INFO    [HIT] #124 r/LoveAndDeepspace score=2714 comments=125 title='Finally, the set is complete... (wait for Zayne at the end.)'
2026-05-05T22:47:41Z INFO    [HIT] #125 r/SquaredCircle score=1414 comments=517 title='Sami Zayn: I know that many people have many opinions about wrestling drama, and maybe I too would weigh in, if not for the fact that there are actual tragedies in the world happening daily that make wrestling drama seem largely unimportant.'
2026-05-05T22:47:41Z INFO    [HIT] #126 r/LoveAndDeepspace score=1815 comments=93 title='To all the Zayne girlies'
2026-05-05T22:47:41Z INFO    [HIT] #127 r/Fauxmoi score=5252 comments=96 title='Zayn Malik’s tribute to Liam. 💙'
2026-05-05T22:47:41Z INFO    [HIT] #128 r/popculturechat score=1640 comments=108 title='Zayn Malik and Louis Tomlinson seen hanging out recently.'
2026-05-05T22:47:41Z INFO    [HIT] #129 r/LoveAndDeepspace score=1430 comments=104 title="LADS's official ads in China: Sylus - Powerhouse Main Vocalist, Zayne - Cold and Aloof Prince, Xavier - Adorable Cutie God, Caleb - Dance Prodigy, Rafayel - Witty and Mischievous One"
2026-05-05T22:47:41Z INFO    [HIT] #130 r/SantiZapVideos score=312 comments=368 title='Does Sami Zayn deserve a world title?'
2026-05-05T22:47:41Z INFO    [HIT] #131 r/LoveAndDeepspace score=1625 comments=38 title='Zayne decided to join us'
2026-05-05T22:47:41Z INFO    [HIT] #132 r/WWE score=3608 comments=79 title='I randomly ran into Sami Zayn in Montreal!'
2026-05-05T22:47:41Z INFO    [HIT] #133 r/popculturechat score=1403 comments=126 title='Perrie Edwards reflects on previous toxic relationship with Zayn Malik and opens up he contacted her after his breakup with Gigi Hadid'
2026-05-05T22:47:41Z INFO    [HIT] #134 r/ChikaPH score=2864 comments=133 title='Louie, Zayn + 1D IG account just posted their messages on Liam’s passing'
2026-05-05T22:47:41Z INFO    [HIT] #135 r/LoveAndDeepspace score=2742 comments=103 title="Zayne's hands are HUGE"
2026-05-05T22:47:41Z INFO    [HIT] #136 r/SquaredCircle score=3805 comments=740 title='Sami Zayn out until 2019 with two torn rotator cuffs'
2026-05-05T22:47:41Z INFO    [HIT] #137 r/LoveAndDeepspace score=1709 comments=44 title='Zayne is MESSY 😭'
2026-05-05T22:47:41Z INFO    [HIT] #138 r/SquaredCircle score=212 comments=256 title='[SPOILER] Post WrestleMania 42 Sunday Match Discussion: Sami Zayn (c) vs. Trick Williams for the WWE United States Championship'
2026-05-05T22:47:41Z INFO    [HIT] #139 r/TheGreatOne score=323 comments=210 title="Not going lie I'm starting to hate zayn"
2026-05-05T22:47:41Z INFO    [HIT] #140 r/kpop score=1594 comments=92 title='JISOO (BLACKPINK) & ZAYN - Collaboration Single: EYES CLOSED (Teaser Poster)'
2026-05-05T22:47:41Z INFO    [HIT] #141 r/SquaredCircle score=364 comments=251 title='[SPOILER] Post Royal Rumble 2026 Match Discussion: Drew McIntyre (c) vs. Sami Zayn for the Undisputed WWE Championship'
2026-05-05T22:47:41Z INFO    [HIT] #142 r/SquaredCircle score=1242 comments=1327 title='Bryan Alvarez: “I’m Sorry, Sami Zayn SHOLD have WON the TITLE”'
2026-05-05T22:47:41Z INFO    [HIT] #143 r/popculturechat score=1371 comments=180 title='Couples of the past: Zayn Malik & Gigi Hadid'
2026-05-05T22:47:41Z INFO    [HIT] #144 r/WWE score=449 comments=421 title='The unwarranted hate for Sami Zayn'
2026-05-05T22:47:41Z INFO    [HIT] #145 r/LoveAndDeepspace_ score=1610 comments=54 title="This new hairstyle is everything, so here's some Zayne pics"
2026-05-05T22:47:41Z INFO    [HIT] #146 r/Fauxmoi score=1955 comments=74 title='The promo for Zayn and Jisoo’s new song looks like a smutty mafia romance'
2026-05-05T22:47:41Z INFO    [HIT] #147 r/LoveAndDeepspace score=1870 comments=202 title='zayne with his hair back???!'
2026-05-05T22:47:41Z INFO    [HIT] #148 r/SquaredCircle score=392 comments=151 title='[WrestleMania Spoilers] Finish to Sami Zayn vs. Trick Williams'
2026-05-05T22:47:41Z INFO    [HIT] #149 r/LoveAndDeepspace score=1764 comments=74 title='Friendly reminder: this is probably what Zayne looked like during Death and Rebirth'
2026-05-05T22:47:41Z INFO    [HIT] #150 r/LoveAndDeepspace score=1954 comments=33 title='Xavier is now Zayne’s Brother in the RE AU'
2026-05-05T22:47:41Z INFO    [HIT] #151 r/SquaredCircle score=4155 comments=228 title='Sami Zayn replies after Rikishi says he now has 3 sons in the WWE: "Almost like 4 sons, in a way."'
2026-05-05T22:47:41Z INFO    [HIT] #152 r/LoveAndDeepspace score=1532 comments=64 title='An apology to Zayne'
2026-05-05T22:47:41Z INFO    [HIT] #153 r/LoveAndDeepspace score=2208 comments=123 title='i love zayne so much i had to lock him up'
2026-05-05T22:47:41Z INFO    [HIT] #154 r/SquaredCircle score=2802 comments=849 title='[Raw Spoilers] Sami Zayn said it...'
2026-05-05T22:47:41Z INFO    [HIT] #155 r/SquaredCircle score=1970 comments=424 title='Dax on his first group lunch with Sami Zayn after getting hired at WWE: "Sami was like, \'You know who really surprised me that they got hired? Everyone\'s like, \'Who?\', and he looked right at me and said, \'You. I\'m really surprised you got hired\', and I was like, he doesn\'t have a fucking filter."'
2026-05-05T22:47:41Z INFO    [HIT] #156 r/SquaredCircle score=2207 comments=78 title='(Summerslam spoilers) Sami Zayn wearing pro Palestine gear during his match with Karrion Kross'
2026-05-05T22:47:41Z INFO    [HIT] #157 r/SquaredCircle score=3234 comments=513 title='[WWE Elimination Chamber 2020 Spoilers] Post Intercontinental Championship match: Braun Strowman (c) vs. Cesaro, Sami Zayn and Shinsuke Nakamura'
2026-05-05T22:47:41Z INFO    [HIT] #158 r/SquaredCircle score=1023 comments=118 title='Sami Zayn: Been reflecting on my run as US Champion. One of my favorite things I’ve done in WWE. 8 weeks, 8 very different opponents, 8 bangers in a row. It’s hard to do something great. In the age of content, it’s even harder to do something memorable. It felt like this was both. Grateful.'
2026-05-05T22:47:41Z INFO    [HIT] #159 r/LoveAndDeepspace score=1702 comments=50 title='This detail ... only Zayne & Caleb play the piano with one hand 💔'
2026-05-05T22:47:41Z INFO    [HIT] #160 r/SquaredCircle score=1332 comments=237 title='[RAW Spoilers] Sami Zayn wants to understand what is going on.'
2026-05-05T22:47:41Z INFO    [HIT] #161 r/SquaredCircle score=1691 comments=155 title='Sami Zayn just Spoilered with Spoiler!'
2026-05-05T22:47:41Z INFO    [HIT] #162 r/LoveAndDeepspace score=1860 comments=179 title='"Zayne has the worst workout outfit"'
2026-05-05T22:47:41Z INFO    [HIT] #163 r/Fauxmoi score=844 comments=121 title='Zayn Malik and Louis Tomlinson’s Docuseries in Jeopardy Following ‘Serious’ Physical Fight (Exclusive)'
2026-05-05T22:47:41Z INFO    [HIT] #164 r/SquaredCircle score=1569 comments=400 title='Sami Zayn on loss to Roman Reigns at WWE Elimination Chamber: "It was a little hard, you know, if you want the truth. It was a little hard because it\'s, and I don\'t think I\'m being controversial when saying this, but I\'m not the chosen guy, obviously."'
2026-05-05T22:47:41Z INFO    [HIT] #165 r/SquaredCircle score=1335 comments=780 title='Dave Meltzer on WOR - He wants Roman Reigns vs Sami Zayn as Wrestlemania main event'
2026-05-05T22:47:41Z INFO    [HIT] #166 r/LoveAndDeepspace score=1361 comments=43 title='If Zayne started dishing his dry humor in Leon Kennedy-style lines during battle'
2026-05-05T22:47:41Z INFO    [HIT] #167 r/Sacramento score=245 comments=259 title='VSParadise + Zayn + The People of Sacramento + Unpaid wages'
2026-05-05T22:47:41Z INFO    [HIT] #168 r/ChikaPH score=2107 comments=135 title='Zayn, Harry, Louis and Niall arriving at Liam Payne’s funeral.'
2026-05-05T22:47:41Z INFO    [HIT] #169 r/SquaredCircle score=1801 comments=82 title='Sami Zayn on Twitter: Oh my God, next time I am in Ireland and the UK, this is the chant, please and thank you'
2026-05-05T22:47:41Z INFO    [HIT] #170 r/SquaredCircle score=2198 comments=274 title='Sami Zayn Receives MASSIVE ovation at Night of Champions Presser in Jeddah (ft. some “Welcome Home” chants @ the end)'
2026-05-05T22:47:41Z INFO    [HIT] #171 r/SquaredCircle score=744 comments=171 title='[SmackDown Spoilers] Post-Match Discussion: Sami Zayn United States Open Challenge'
2026-05-05T22:47:41Z INFO    [HIT] #172 r/IndianTellyTalk score=1910 comments=101 title='After Hina, Gul now Zayn'
2026-05-05T22:47:41Z INFO    [HIT] #173 r/Fauxmoi score=1601 comments=273 title='Zayn Malik exposed by someone on tinder'
2026-05-05T22:47:41Z INFO    [HIT] #174 r/SquaredCircle score=6166 comments=227 title='Sami Zayn: “People think @WWE is this international media giant whose goal is to not only turn massive profits, but to bring joy to millions of fans worldwide. And while that is all true, it’s actually secondary to it’s main objective, which is to disrespect Sami Zayn every chance they get.”'
2026-05-05T22:47:41Z INFO    [HIT] #175 r/LoveAndDeepspace score=2862 comments=60 title='Zayne is finally getting a lovey emoji 🥹'
2026-05-05T22:47:41Z INFO    [HIT] #176 r/BollywoodShaadis score=395 comments=176 title='Zayn Malik reveals he’s unsure if he was ever in Love with Gigi Hadid 👀'
2026-05-05T22:47:41Z INFO    [HIT] #177 r/LoveAndDeepspace score=4008 comments=67 title='MC x Caleb x Zayne'
2026-05-05T22:47:41Z INFO    [HIT] #178 r/SquaredCircle score=2608 comments=324 title="Johnny Knoxville Vs. Sami Zayn was something I miss about wrestling. It's suppose to be fun and goofy."
2026-05-05T22:47:41Z INFO    [HIT] #179 r/SquaredCircle score=1690 comments=124 title='Jey Uso on Sami Zayn\'s contribution to Bloodline: "We wouldn’t be Bloodline without Sami Zayn, man. He brought some of the best segments out. You know how he just made us laugh on TV. All that was real. Half the backstages, man, I’m trying to cover up my face cuz I can’t stop laughing."'
2026-05-05T22:47:41Z INFO    [HIT] #180 r/Fauxmoi score=1812 comments=201 title="Zayn Malik throws shade at ex Gigi Hadid as he says he's 'never been in love'"
2026-05-05T22:47:41Z INFO    [HIT] #181 r/OneDirection score=2606 comments=81 title='Zayn sings One Direction\'s "Night Changes" in Mexico on the 10th anniversary of his departure from the boyband.'
2026-05-05T22:47:41Z INFO    [HIT] #182 r/WWE score=494 comments=294 title='Sami Zayn is unflavored yogurt.'
2026-05-05T22:47:41Z INFO    [HIT] #183 r/zayn score=433 comments=115 title='Zayn Via. instagram'
2026-05-05T22:47:41Z INFO    [HIT] #184 r/SquaredCircle score=3422 comments=371 title='Edge: "AJ Styles and Edge has to happen. In 25 years in the same industry, we\'ve never touched. How is that possible? Seth Rollins has to happen. Kevin Owens, Cesaro, Nakumura, Sami Zayn, Aleister Black for sure, Matt Riddle, WALTER, Tommaso Ciampa, Velveteen Dream. Give them all to me, man."'
2026-05-05T22:47:41Z INFO    [HIT] #185 r/SquaredCircle score=883 comments=144 title='Sami Zayn on X: Finally made it and it was biblical.'
2026-05-05T22:47:41Z INFO    [HIT] #186 r/LoveAndDeepspace score=2534 comments=59 title='Zayne 3rd Myth'
2026-05-05T22:47:41Z INFO    [HIT] #187 r/SquaredCircle score=2307 comments=616 title='Sami Zayn: “Bret Hart is underrated, and no I’m not joking.”'
2026-05-05T22:47:41Z INFO    [HIT] #188 r/SquaredCircle score=3279 comments=350 title='Sami Zayn: “Crazy how folks will double down to defend actions ‘their side’ has deemed good, no matter how reprehensible or antithetical they may be to their own personal value systems. Tribalism to a point is understandable, but don’t let them own your mind. Don’t let them kill your heart.'
2026-05-05T22:47:41Z INFO    [HIT] #189 r/hockey score=761 comments=106 title="[Clipperton] Zayne Parekh on why he's comfortable showing his personality to the media."
2026-05-05T22:47:41Z INFO    [HIT] #190 r/LoveAndDeepspace score=832 comments=96 title='"I will only pull for Xavier and Zayne", I lied to my diamonds confidently.'
2026-05-05T22:47:41Z INFO    [HIT] #191 r/SquaredCircle score=2217 comments=430 title='[Smackdown Spoilers] Sami Zayn brought a special guest to ringside'
2026-05-05T22:47:41Z INFO    [HIT] #192 r/SquaredCircle score=1103 comments=185 title="Sapp: Sami Zayn tells me that he remains private about the details of his WWE contract, but that he has a good thing going in WWE and doesn't see himself going anywhere."
2026-05-05T22:47:41Z INFO    [HIT] #193 r/WWE score=525 comments=273 title="Either Sami Zayn is done or we're about to see a major character shift."
2026-05-05T22:47:41Z INFO    [HIT] #194 r/SquaredCircle score=3988 comments=289 title='Cesaro denying Sami Zayn the Tornado DDT catches him with a Swiss Death • NXT (08.21.2013)'
2026-05-05T22:47:41Z INFO    [HIT] #195 r/SquaredCircle score=4005 comments=378 title='Sami Zayn: "I only today realized that @CyndiLauper is not in the @WWE Hall of Fame celebrity wing. As part of the "rock n\' wrestling connection" with MTV in the 80\'s, she was CRUCIAL to WWE crossing over into mainstream. Arguably no celebrity more deserving. #InductCyndi"'
2026-05-05T22:47:41Z INFO    [HIT] #196 r/LoveAndDeepspace score=1585 comments=115 title='Why Zayne has so many kisses'
2026-05-05T22:47:41Z INFO    [HIT] #197 r/SquaredCircle score=956 comments=112 title="[WWE Smackdown Spoilers] Sami Zayn's Mystery Opponent"
2026-05-05T22:47:41Z INFO    [HIT] #198 r/popculturechat score=649 comments=166 title='Jisoo (from BLACKPINK) and Zayn - ‘Eyes Closed’ - Official Music Video Teaser'
2026-05-05T22:47:41Z INFO    [HIT] #199 r/LoveAndDeepspace score=1157 comments=189 title='I feel bad for zayne'
2026-05-05T22:47:41Z INFO    [HIT] #200 r/LoveAndDeepspace score=1352 comments=118 title='Uhm so this is the official promotion campaign for 3.0 version. We have Sylus and Zayne’s story pretty accurate with it. So Rafayel and Xavier girlies prepare next because look at this angsty word 😭'
2026-05-05T22:47:42Z INFO    [REQUEST] GET https://www.reddit.com/search.json?q=Zayn&sort=relevance&limit=100&t=all&raw_json=1&after=t3_1kqyed6
2026-05-05T22:47:43Z INFO    [RESPONSE] 200 660ms https://www.reddit.com/search.json?q=Zayn&sort=relevance&limit=100&t=all&raw_json=1&after=t3_1kqyed6
2026-05-05T22:47:43Z INFO    [HIT] #201 r/kpop score=1651 comments=64 title='Jisoo (BLACKPINK) & Zayn - ‘Eyes Closed’ (Music Video Behind the Scene)'
2026-05-05T22:47:43Z INFO    [HIT] #202 r/REALSquaredCircle score=310 comments=144 title='Sami Zayn getting A LOT of boos tonight as he cuts a babyface promo. We want Trick (and Lil Yachty)'
2026-05-05T22:47:43Z INFO    [HIT] #203 r/hiphopheads score=2504 comments=1035 title='Azealia Banks dropped from UK festival line-up following Zayn Malik Twitter comments.'
2026-05-05T22:47:43Z INFO    [HIT] #204 r/OneDirection score=1270 comments=52 title="Zayn Malik and others are named in Epstein emails about 'anti-Israel celebrities'"
2026-05-05T22:47:43Z INFO    [HIT] #205 r/LoveAndDeepspace score=1786 comments=113 title='Zayne new card is actually a kiss card'
2026-05-05T22:47:43Z INFO    [HIT] #206 r/REALSquaredCircle score=503 comments=148 title="Wow, we have some POTENTIAL here with Trick Williams on SmackDown. Zayn's music may have played at the end, but we know who looked like the REAL star in this promo."
2026-05-05T22:47:43Z INFO    [HIT] #207 r/SquaredCircle score=3687 comments=257 title='Kevin Owens WWE tryout promo at the PC was all about how Sami Zayn getting signed to a contract and not him had ruined his life and he was here to kill him.'
2026-05-05T22:47:43Z INFO    [HIT] #208 r/LoveAndDeepspace score=2055 comments=76 title='do you think zayne is proud of me?'
2026-05-05T22:47:43Z INFO    [HIT] #209 r/SquaredCircle score=983 comments=368 title="Sami Zayn Says He And CM Punk Have A 'Clean Slate'"
2026-05-05T22:47:43Z INFO    [HIT] #210 r/SquaredCircle score=1919 comments=174 title='Triple H on what makes Sami Zayn a great performer: "It\'s emotion. We sell emotion. That\'s Sami\'s calling card. Yes, he does spectacular things. But his ability as a performer, as an actor, to pull that emotion out of people. It\'s why he is in the spot he is, it\'s why he is as good as he is."'
2026-05-05T22:47:43Z INFO    [HIT] #211 r/popculturechat score=2729 comments=69 title='Zayn sings One Direction\'s "Night Changes" in Mexico on the 10th anniversary of his departure from the boyband.'
2026-05-05T22:47:43Z INFO    [HIT] #212 r/SquaredCircle score=2258 comments=259 title='Sami Zayn: The healing process has begun. (with Waffle House)'
2026-05-05T22:47:43Z INFO    [HIT] #213 r/SquaredCircle score=1693 comments=482 title="Sami Zayn Confirms Signing New WWE Contract, Says He's Happy With His Role: I don't know why people were really surprised. They have an idea in their heads that everyone in WWE is unhappy being there, unhappy with their role, that they want more or feel oppressed"
2026-05-05T22:47:43Z INFO    [HIT] #214 r/SquaredCircle score=1599 comments=1030 title='WON: There is a lot of unhappiness with Sami Zayn right now for taking the option to not compete during this time'
2026-05-05T22:47:43Z INFO    [HIT] #215 r/SquaredCircle score=1713 comments=181 title='Gunther Says Sami Zayn Was One Of The Right Choices To End His Title Reign, Chad Gable Was The Other'
2026-05-05T22:47:43Z INFO    [HIT] #216 r/BlackPeopleTwitter score=20261 comments=202 title='Zayn quits 1D, Yeezy seizes the opportunity'
2026-05-05T22:47:43Z INFO    [HIT] #217 r/SquaredCircle score=517 comments=218 title='[SMACKDOWN SPOILERS] Match discussion: Solo Sikoa (c) vs. Sami Zayn (United States Championship)'
2026-05-05T22:47:43Z INFO    [HIT] #218 r/popculturechat score=692 comments=98 title="Louis Tomlinson snubs Zayn Malik in new interview after 'full-blown fight'"
2026-05-05T22:47:43Z INFO    [HIT] #219 r/SquaredCircle score=1740 comments=286 title='Sami Zayn: “It is insane because if you think about it, if we do go on last, which again, remains to be seen, but it would be the first time since WrestleMania I, and it’d be the first tag team title match of all time.”'
2026-05-05T22:47:43Z INFO    [HIT] #220 r/Music score=745 comments=306 title='Zayn Malik Cancels Newcastle Gig Minutes Before Stage Time'
2026-05-05T22:47:43Z INFO    [HIT] #221 r/SquaredCircle score=369 comments=354 title='(Raw Spoilers): Finish to Sami Zayn vs Karrion Kross'
2026-05-05T22:47:43Z INFO    [HIT] #222 r/kpop score=805 comments=117 title='JISOO (BLACKPINK) & ZAYN - EYES CLOSED'
2026-05-05T22:47:43Z INFO    [HIT] #223 r/SquaredCircle score=2040 comments=486 title='Post WWE Clash of Champions 2020 Match Discussion Thread: Jeff Hardy (c) vs. Sami Zayn vs. AJ Styles - Ladder Match for the WWE Intercontinental Championship'
2026-05-05T22:47:43Z INFO    [HIT] #224 r/SquaredCircle score=4453 comments=315 title='Triple H honours off-duty police officer, who was injured in the recent London attack after confronting the attackers, with a WWE Championship. He was wearing a Sami Zayn shirt on the night of the attack.'
2026-05-05T22:47:43Z INFO    [HIT] #225 r/OneDirection score=1907 comments=73 title='Zayn Malik Followed Louis Tomlinson on Instagram'
2026-05-05T22:47:43Z INFO    [HIT] #226 r/Palestine score=3903 comments=49 title='WWE wrestler Sami Zayn wore a free Palestine sweater!'
2026-05-05T22:47:43Z INFO    [HIT] #227 r/Fauxmoi score=2177 comments=65 title="CM Punk and Sami Zayn show support for Palestine by matching ring gear on WWE Saturday Night's Main Event"
2026-05-05T22:47:43Z INFO    [HIT] #228 r/SquaredCircle score=1594 comments=64 title='Sami Zayn on Twitter: "Ten years. Full circle."'
2026-05-05T22:47:43Z INFO    [HIT] #229 r/WWE score=377 comments=141 title='Trick Willy single handedly leading the Sami Zayn fan revolt'
2026-05-05T22:47:43Z INFO    [HIT] #230 r/SquaredCircle score=1562 comments=120 title='Sami Zayn on Twitter: Praying for my people in 2025 ❤️\u200d🩹'
2026-05-05T22:47:43Z INFO    [HIT] #231 r/SquaredCircle score=3193 comments=418 title='#SamiForSyria - Sami Zayn launches campaign to raise money for a mobile clinic in Syria.'
2026-05-05T22:47:43Z INFO    [HIT] #232 r/SquaredCircle score=1700 comments=302 title="[Sami Zayn responding to Jim Cornette's praise] My...dawg?"
2026-05-05T22:47:43Z INFO    [HIT] #233 r/SquaredCircle score=2827 comments=270 title='Sami Zayn: “To solve problems like homelessness, healthcare, mass incarceration - cost is not the issue. In fact, more humane solutions prove to be more cost effective. Current models are designed to keep people fearful & easy to exploit.”'
2026-05-05T22:47:43Z INFO    [HIT] #234 r/OneDirection score=1976 comments=101 title='Zayn’s Tribute '
2026-05-05T22:47:43Z INFO    [HIT] #235 r/LoveAndDeepspace score=1223 comments=140 title="Zayne girlie's, respectfully, how are y'all still alive?!"
2026-05-05T22:47:43Z INFO    [HIT] #236 r/SCJerk score=376 comments=131 title='“I’m SOOOOO sick of Sami Zayn always being the underdog”'
2026-05-05T22:47:43Z INFO    [PHASE] SEARCH r/all  sort=new  variant=head:Zayn
2026-05-05T22:47:45Z INFO    [REQUEST] GET https://www.reddit.com/search.json?q=Zayn&sort=new&limit=100&t=all&raw_json=1
2026-05-05T22:47:47Z INFO    [RESPONSE] 200 2001ms https://www.reddit.com/search.json?q=Zayn&sort=new&limit=100&t=all&raw_json=1
2026-05-05T22:47:47Z INFO    [HIT] #1 r/zayn score=6 comments=0 title='Zayn/Louis documentary'
2026-05-05T22:47:47Z INFO    [HIT] #2 r/namegames score=1 comments=1 title='Finish the name…'
2026-05-05T22:47:47Z INFO    [HIT] #3 r/alevels score=3 comments=6 title='econ keal server'
2026-05-05T22:47:47Z INFO    [HIT] #4 r/Names score=3 comments=100 title='Identical twin boys names'
2026-05-05T22:47:47Z INFO    [HIT] #5 r/LoveAndDeepspace score=40 comments=2 title='Just a Zayne❄️, Caleb🪷 and Sylus 💎 new R1 fits photoshoot'
2026-05-05T22:47:47Z INFO    [HIT] #6 r/LoveAndDeepspace score=18 comments=2 title='LADs as a date topic and green flag men?'
2026-05-05T22:47:47Z INFO    [HIT] #7 r/zayn score=25 comments=0 title='KEEP STREAMING KONNAKOL ON SPOTIFY'
2026-05-05T22:47:47Z INFO    [HIT] #8 r/WWE score=8 comments=7 title='The two most exciting and fun story lines right now in WWE'
2026-05-05T22:47:47Z INFO    [HIT] #9 r/ZaynAndZquad score=1 comments=0 title='Looking for ZAYN Q&A + Screening London Tickets (if anyone is selling/can’t go)'
2026-05-05T22:47:47Z INFO    [HIT] #10 r/zayn score=3 comments=0 title='Looking for ZAYN Q&A + Screening London Tickets (if anyone is selling/can’t go)'
2026-05-05T22:47:47Z INFO    [HIT] #11 r/TicketResale score=1 comments=0 title='Selling x2 Zayn London o2 tickets for face value'
2026-05-05T22:47:47Z INFO    [HIT] #12 r/zayn score=74 comments=2 title='2 years ago Zayn was at Formula 1 in Miami'
2026-05-05T22:47:47Z INFO    [HIT] #13 r/WWE score=0 comments=2 title='Yet another reason to not trust Google'
2026-05-05T22:47:47Z INFO    [HIT] #14 r/fantasybooking score=2 comments=0 title='Fantasy Booking Wrestlemania 38'
2026-05-05T22:47:47Z INFO    [HIT] #15 r/alevels score=11 comments=10 title='MATH M1'
2026-05-05T22:47:47Z INFO    [HIT] #16 r/totallylookslike score=201 comments=33 title='Young Joseph Stalin and Zayn Malik'
2026-05-05T22:47:47Z INFO    [HIT] #17 r/fantasybooking score=11 comments=5 title='WrestleMania 43 Card + SmackDown before WrestleMania Prediction'
2026-05-05T22:47:47Z INFO    [HIT] #18 r/Names score=0 comments=25 title='Baby names'
2026-05-05T22:47:47Z INFO    [HIT] #19 r/UkFriends score=1 comments=1 title='40m from London looking for clingy F'
2026-05-05T22:47:47Z INFO    [HIT] #20 r/InternetFriends score=2 comments=0 title='40m from UK looking for needy F chatter'
2026-05-05T22:47:47Z INFO    [HIT] #21 r/LoveAndDeepspace score=0 comments=5 title='New Player - Please help me decide what each lad dudes personality is based on the tomodachi personality chart'
2026-05-05T22:47:47Z INFO    [HIT] #22 r/starcutouts score=1 comments=0 title='Planning a theme party? Want your guests to have fun? Want great photos? I didn’t realise how big this had become until I started noticing stand-in cutouts from Star Cutouts popping up all over the UK 👀'
2026-05-05T22:47:47Z INFO    [HIT] #23 r/LoveAndDeepspace score=123 comments=3 title="Uncover what's on his mind, and find surprises along the way"
2026-05-05T22:47:47Z INFO    [HIT] #24 r/LoveAndDeepspace score=0 comments=2 title='Is this just a coincidence? Or a feeling'
2026-05-05T22:47:47Z INFO    [HIT] #25 r/StarWarsCantina score=0 comments=1 title='Could someone please explain to me the appeal of Ferus Olin?'
2026-05-05T22:47:47Z INFO    [HIT] #26 r/StarWarsEU score=0 comments=6 title='Could someone please explain to me the appeal of Ferus Olin?'
2026-05-05T22:47:47Z INFO    [HIT] #27 r/LoveAndDeepspace score=49 comments=47 title='Contact'
2026-05-05T22:47:47Z INFO    [HIT] #28 r/TheEntertainmentMix score=13 comments=13 title='Pussycat Dolls Cancel Reunion Tour in North America After ‘Taking an Honest Look’ at Weak Ticket Sales'
2026-05-05T22:47:47Z INFO    [HIT] #29 r/LoveAndDeepspace score=39 comments=18 title='who is your favorite and why?'
2026-05-05T22:47:47Z INFO    [HIT] #30 r/WWECards score=2 comments=1 title='ISO'
2026-05-05T22:47:47Z INFO    [HIT] #31 r/SantiZapVideos score=4 comments=1 title='Sami Zayn unalives the GBM'
2026-05-05T22:47:47Z INFO    [HIT] #32 r/Concerts score=832 comments=271 title='Another one bites the dust...'
2026-05-05T22:47:47Z INFO    [HIT] #33 r/LoveAndDeepspace score=9 comments=1 title='[5/4/2026] 36/36 SHC - GOA Zayne solo'
2026-05-05T22:47:47Z INFO    [HIT] #34 r/u_Vixen_Lisek score=1 comments=0 title='Spooky encounter at Akso Hospital 🤭'
2026-05-05T22:47:47Z INFO    [HIT] #35 r/SquaredCircle score=0 comments=30 title='CM Punk has 30 televised matches since returning to WWE. What are some of your favorites and least favorites, and what do you think of the run overall?'
2026-05-05T22:47:47Z INFO    [HIT] #36 r/Smallafro score=12 comments=0 title='Sami Zayn unalives the GBM'
2026-05-05T22:47:47Z INFO    [HIT] #37 r/ringsidenewscom score=1 comments=0 title='Val Venis Claims His Jockstrap Is a Bigger Draw Than Sami Zayn'
2026-05-05T22:47:47Z INFO    [HIT] #38 r/LoveAndDeepspace score=110 comments=41 title='Who do you Quality Time: Work with?'
2026-05-05T22:47:47Z INFO    [HIT] #39 r/fantasybooking score=9 comments=5 title='My Wrestlemania Rebooking Series: FINALE (Wrestlemania 40: Night Two)'
2026-05-05T22:47:47Z INFO    [HIT] #40 r/LoveAndDeepspace score=44 comments=5 title='Sylus mains, our moment finally!'
2026-05-05T22:47:47Z INFO    [HIT] #41 r/alevels score=2 comments=13 title='These people are selling le@ks.'
2026-05-05T22:47:47Z INFO    [HIT] #42 r/zayn score=120 comments=4 title='Zayn Malik’s 2016 Met Gala Look Was so Iconic'
2026-05-05T22:47:47Z INFO    [HIT] #43 r/LoveAndDeepspace score=23 comments=7 title='My first full clear of the SHC after 13 months of playing the game'
2026-05-05T22:47:47Z INFO    [HIT] #44 r/MusicIceberg score=5 comments=6 title='My iceberg'
2026-05-05T22:47:47Z INFO    [HIT] #45 r/DDTPro score=11 comments=16 title='Who are your favorite DDT wrestlers of all time?'
2026-05-05T22:47:47Z INFO    [HIT] #46 r/WWEGames score=15 comments=1 title='Survivor Series Results! (Year 1)'
2026-05-05T22:47:47Z INFO    [HIT] #47 r/SantiZapVideos score=2 comments=0 title="Dream Matches I'd Have Loved to See #6"
2026-05-05T22:47:47Z INFO    [HIT] #48 r/zayn score=68 comments=1 title='Zayn Malik Wearing His Own Merch'
2026-05-05T22:47:47Z INFO    [HIT] #49 r/ZayneMain score=24 comments=0 title="Zayne's GoA myth : Of Lifeforce and Jing"
2026-05-05T22:47:47Z INFO    [HIT] #50 r/LoveAndDeepspace score=67 comments=2 title='Ayo Zayne, calm down'
2026-05-05T22:47:47Z INFO    [HIT] #51 r/LoveAndDeepspace score=105 comments=3 title='Zayne and Piplup commission 🐧'
2026-05-05T22:47:47Z INFO    [HIT] #52 r/LoveAndDeepspace score=8 comments=2 title='SHC 36* with Zayne GoA solo, 20% buff'
2026-05-05T22:47:47Z INFO    [HIT] #53 r/LoveAndDeepspace_ score=26 comments=21 title='What made you like your current main?'
2026-05-05T22:47:47Z INFO    [HIT] #54 r/loveanddepression score=9 comments=5 title='Battle girlies please help me get my first 36/36 SHC'
2026-05-05T22:47:47Z INFO    [HIT] #55 r/fantasybooking score=1 comments=11 title='Proposed Night of Champions 2026 card'
2026-05-05T22:47:47Z INFO    [HIT] #56 r/ZayneMain score=18 comments=9 title='Playlist for Zayne?'
2026-05-05T22:47:47Z INFO    [HIT] #57 r/fantasybooking score=21 comments=7 title='What if Money In the Bank Stay at WrestleMania'
2026-05-05T22:47:47Z INFO    [HIT] #58 r/loveanddepression score=24 comments=0 title='Photo session'
2026-05-05T22:47:47Z INFO    [HIT] #59 r/buildabear score=22 comments=1 title='Here’s Zayn Riley Kanmuri my 1D bear!'
2026-05-05T22:47:47Z INFO    [HIT] #60 r/LoveAndDeepspace score=14 comments=1 title='My first SHC 36/36, solo Zayne'
2026-05-05T22:47:47Z INFO    [HIT] #61 r/softwaretesting score=1 comments=6 title='Job switch suggestion (Automation tester)'
2026-05-05T22:47:47Z INFO    [HIT] #62 r/QualityAssurance score=5 comments=3 title='Job switch suggestion (Automation tester)'
2026-05-05T22:47:47Z INFO    [HIT] #63 r/OneDirectionMemes score=2 comments=9 title='Figured we needed a new thread to vent about everything going on with Zayn as of May 4th, 2026. How are we all feeling about it?'
2026-05-05T22:47:47Z INFO    [HIT] #64 r/TamilInfluencer score=1 comments=0 title='creating the love vibe: somethings brewing!!!! zayn + sriramtt'
2026-05-05T22:47:47Z INFO    [HIT] #65 r/chennaicity score=1 comments=2 title='creating the love vibe: somethings brewing!!!! zayn + sriramtt'
2026-05-05T22:47:47Z INFO    [HIT] #66 r/LoveAndDeepspace score=8 comments=3 title='SHC 36/36 Only Zayne GOA 20% DMG boost'
2026-05-05T22:47:47Z INFO    [HIT] #67 r/FirstCuriosity score=1 comments=0 title='Zayn Malik has canceled all U.S. dates for his KONNAKOL Tour following a recent health issue.'
2026-05-05T22:47:47Z INFO    [HIT] #68 r/yumeshipping score=3 comments=0 title=':3'
2026-05-05T22:47:47Z INFO    [HIT] #69 r/yumeshipping score=0 comments=3 title='Ask Zayn Anything!'
2026-05-05T22:47:47Z INFO    [HIT] #70 r/starcutouts score=1 comments=0 title='Planning a theme party? Want your guests to have fun? Want great photos? I didn’t realise how big this had become until I started noticing stand-in cutouts from Star Cutouts popping up all over the UK 👀'
2026-05-05T22:47:47Z INFO    [HIT] #71 r/zayn score=63 comments=25 title='Anyone remember this?'
2026-05-05T22:47:47Z INFO    [HIT] #72 r/WWE_Blog score=3 comments=0 title='Danhausen Seeks Mystery Partner for WWE Backlash Tag Match'
2026-05-05T22:47:47Z INFO    [HIT] #73 r/ChaiUnofficial score=111 comments=52 title='FINALLY SOME REAL BOTS NOT MADE WITH AI'
2026-05-05T22:47:47Z INFO    [HIT] #74 r/loveanddepression score=28 comments=5 title='If I was an NPC.....'
2026-05-05T22:47:47Z INFO    [HIT] #75 r/LoveAndDeepspace score=64 comments=5 title='About Baize'
2026-05-05T22:47:47Z INFO    [HIT] #76 r/LoveAndDeepspace score=2 comments=0 title='GUYS…'
2026-05-05T22:47:47Z INFO    [HIT] #77 r/PacificIslandsMusic score=1 comments=0 title="Zayn (UK) - 'Let Me' - TWISTER Pacific Islands Remix - Vanuatu - 2024"
2026-05-05T22:47:47Z INFO    [HIT] #78 r/LoveAndDeepspace score=45 comments=3 title='Finally My 1st SHC 36/36 😭'
2026-05-05T22:47:47Z INFO    [HIT] #79 r/TheGreatOne score=16 comments=31 title='Seth Rollins had the Best Reigns as World Heavyweight Champion. Agree or Disagree?'
2026-05-05T22:47:47Z INFO    [HIT] #80 r/hockeycardswap score=6 comments=7 title='Zayne collection if anyone is interested'
2026-05-05T22:47:47Z INFO    [HIT] #81 r/Fauxmoi score=564 comments=303 title='Throwback to the 2016 Met gala'
2026-05-05T22:47:47Z INFO    [HIT] #82 r/namenerds score=3 comments=35 title='Zain/Zayn/Zayne'
2026-05-05T22:47:47Z INFO    [HIT] #83 r/AutoNewspaper score=1 comments=0 title='[Arts] - Zayn Malik cancels US tour and cuts UK dates after hospital bed photo shared | BBC'
2026-05-05T22:47:47Z INFO    [HIT] #84 r/BBCauto score=1 comments=0 title='[Arts] - Zayn Malik cancels US tour and cuts UK dates after hospital bed photo shared'
2026-05-05T22:47:47Z INFO    [HIT] #85 r/buildabear score=45 comments=1 title='Here’s me and my 1D bear named Zayn Riley!'
2026-05-05T22:47:47Z INFO    [HIT] #86 r/fantasybooking score=4 comments=12 title='What if John Cena Had Won the WHC at WrestleMania 41 Instead?'
2026-05-05T22:47:47Z INFO    [HIT] #87 r/LoveAndDeepspace score=53 comments=29 title='NEW SHC colours! What teams will you guys be using?'
2026-05-05T22:47:47Z INFO    [HIT] #88 r/5sos score=36 comments=67 title='possibility of US tour being canceled?'
2026-05-05T22:47:47Z INFO    [HIT] #89 r/zayn score=100 comments=39 title="What's your opinion about the mercury records?"
2026-05-05T22:47:47Z INFO    [HIT] #90 r/OneDirection score=72 comments=7 title='Full list of who sang the bridge in every 1D song'
2026-05-05T22:47:47Z INFO    [HIT] #91 r/LoveAndDeepspace_ score=25 comments=0 title='Hot Springs Snapshots with Zayne 😍'
2026-05-05T22:47:47Z INFO    [HIT] #92 r/alevels score=22 comments=40 title='This legit?'
2026-05-05T22:47:47Z INFO    [HIT] #93 r/LoveAndDeepspace_ score=327 comments=25 title='My ALL time favourite Banner. 🏆🥇'
2026-05-05T22:47:47Z INFO    [HIT] #94 r/LoveAndDeepspace score=403 comments=18 title='The wedding hairstyle’s fitting the new banner outfits perfectly !!'
2026-05-05T22:47:47Z INFO    [HIT] #95 r/ZayneMain score=30 comments=6 title="Zayne's post kindled scene breakdown"
2026-05-05T22:47:47Z INFO    [HIT] #96 r/WWE score=0 comments=23 title="The Sami Zayn heel turn is nonsense, he's LITERALLY right and Joe Tessitore is making it worse"
2026-05-05T22:47:47Z INFO    [HIT] #97 r/alevels score=3 comments=3 title='Zayn guy'
2026-05-05T22:47:47Z INFO    [HIT] #98 r/sylusmains score=202 comments=31 title='What made you like Sylus?'
2026-05-05T22:47:47Z INFO    [HIT] #99 r/zayn score=11 comments=24 title='US Dates'
2026-05-05T22:47:47Z INFO    [HIT] #100 r/zayn score=4 comments=11 title='Cancelled show'
2026-05-05T22:47:48Z INFO    [REQUEST] GET https://www.reddit.com/search.json?q=Zayn&sort=new&limit=100&t=all&raw_json=1&after=t3_1t2p2un
2026-05-05T22:47:52Z INFO    [RESPONSE] 200 3674ms https://www.reddit.com/search.json?q=Zayn&sort=new&limit=100&t=all&raw_json=1&after=t3_1t2p2un
2026-05-05T22:47:52Z INFO    [HIT] #101 r/zayn score=19 comments=26 title='You can only listen to one song from each of Zayn’s albums for the rest of your life. Which ones you guys picking?'
2026-05-05T22:47:52Z INFO    [HIT] #102 r/fantanoforever score=485 comments=153 title='Lil Waynes upcoming 20 Years of Carter Classics tour is struggling to sell'
2026-05-05T22:47:52Z INFO    [HIT] #103 r/LoveAndDeepspace score=147 comments=8 title="Zayne's Silent Underflow : The Art of Lovemaking (post-kindled scene)"
2026-05-05T22:47:52Z INFO    [HIT] #104 r/LoveAndDeepspace score=11 comments=26 title='6th LI is “Andrew” and “Westley” (Part 2.5)'
2026-05-05T22:47:52Z INFO    [HIT] #105 r/LoveAndDeepspace score=22 comments=10 title='6th LI is “Andrew” and “Westley” (Part 2)'
2026-05-05T22:47:52Z INFO    [HIT] #106 r/alevels score=1 comments=11 title='Paper leaked'
2026-05-05T22:47:52Z INFO    [HIT] #107 r/zayn score=26 comments=2 title="Zayn's show at the O2 London is almost sold out"
2026-05-05T22:47:52Z INFO    [HIT] #108 r/zayn score=133 comments=9 title='Zayn Malik Has One of the Most Beautiful Gazes'
2026-05-05T22:47:52Z INFO    [HIT] #109 r/LoveAndDeepspace score=15 comments=3 title='Ice Orbit 190 Zayne GOA R1 PASSED'
2026-05-05T22:47:52Z INFO    [HIT] #110 r/LoveAndDeepspace score=95 comments=21 title='Thoughts about Sylus'
2026-05-05T22:47:52Z INFO    [HIT] #111 r/fantasybooking score=4 comments=0 title='Fantasy Booking Summerslam 2021'
2026-05-05T22:47:52Z INFO    [HIT] #112 r/ZayneMain score=36 comments=73 title='What music reminds you of Zayne?'
2026-05-05T22:47:52Z INFO    [HIT] #113 r/LoveAndDeepspace score=2 comments=5 title='I’m stuck at 108 Zayne’s Orbit'
2026-05-05T22:47:52Z INFO    [HIT] #114 r/GreatnessOfWrestling score=6 comments=5 title="Which superstars should win the 2026 Men's and Women's Money in the Bank Ladder Match briefcases?"
2026-05-05T22:47:52Z INFO    [HIT] #115 r/REPOLLOSCOMPANY score=80 comments=0 title='Absolute Dtgftg'
2026-05-05T22:47:52Z INFO    [HIT] #116 r/EzineNews score=1 comments=0 title='Insight: Zayn Malik Cancels U.S. Tour Dates After April Hospitalization'
2026-05-05T22:47:52Z INFO    [HIT] #117 r/TeenPakistani score=0 comments=58 title='GUYSSSSSSSS'
2026-05-05T22:47:52Z INFO    [HIT] #118 r/TeenPakistani score=10 comments=73 title='she might actually be guy:'
2026-05-05T22:47:52Z INFO    [HIT] #119 r/zayn score=80 comments=15 title='Zayn'
2026-05-05T22:47:52Z INFO    [HIT] #120 r/LoveAndDeepspace score=554 comments=7 title='Zayne calling us his girlfriend'
2026-05-05T22:47:52Z INFO    [HIT] #121 r/starcutouts score=1 comments=0 title='Planning a theme party? Want your guests to have fun? Want great photos? I didn’t realise how big this had become until I started noticing stand-in cutouts from Star Cutouts popping up all over the UK 👀'
2026-05-05T22:47:52Z INFO    [HIT] #122 r/Superhero_Ideas score=4 comments=1 title='Introducing The Warriors'
2026-05-05T22:47:52Z INFO    [HIT] #123 r/zayn score=11 comments=5 title='Just saying... Zayn Live is...'
2026-05-05T22:47:52Z INFO    [HIT] #124 r/LoveAndDeepspace score=26 comments=16 title='Im screwed for the current banner'
2026-05-05T22:47:52Z INFO    [HIT] #125 r/ABCDesis score=10 comments=1 title='Zayn Malik cancels US tour and cuts UK dates following hospitalisation'
2026-05-05T22:47:52Z INFO    [HIT] #126 r/zayn score=0 comments=29 title='Unpopular opinion, please don’t sign along at Zayn concerts'
2026-05-05T22:47:52Z INFO    [HIT] #127 r/WWECards score=3 comments=1 title='2026 Chrome Inserts, Base & Parallels'
2026-05-05T22:47:52Z INFO    [HIT] #128 r/zayn score=55 comments=25 title='New tattoos today to honor my favorite artist, Zayn!'
2026-05-05T22:47:52Z INFO    [HIT] #129 r/fantasybooking score=19 comments=38 title='WrestleMania 43 Fantasty Card'
2026-05-05T22:47:52Z INFO    [HIT] #130 r/zayn score=138 comments=31 title='Genuine Disappointment'
2026-05-05T22:47:52Z INFO    [HIT] #131 r/zayn score=19 comments=40 title='zayn health'
2026-05-05T22:47:52Z INFO    [HIT] #132 r/LoveAndDeepspace score=6 comments=5 title='Which one to pull?'
2026-05-05T22:47:52Z INFO    [HIT] #133 r/LoveAndDeepspace score=100 comments=6 title='Just doing a totally normal outfit check'
2026-05-05T22:47:52Z INFO    [HIT] #134 r/MUAEntertainment score=1 comments=0 title='Zayn Malik cancels US tour dates'
2026-05-05T22:47:52Z INFO    [HIT] #135 r/Ticketmaster score=0 comments=12 title='Cancelled Event , Do they actually refund?'
2026-05-05T22:47:52Z INFO    [HIT] #136 r/LoveAndDeepspace score=8 comments=12 title='Can’t choose !'
2026-05-05T22:47:52Z INFO    [HIT] #137 r/LoveAndDeepspace score=2 comments=24 title='I think this classifies as vent? Not sure'
2026-05-05T22:47:52Z INFO    [HIT] #138 r/zayn score=26 comments=42 title='Future of shows / events'
2026-05-05T22:47:52Z INFO    [HIT] #139 r/SantiZapVideos score=8 comments=0 title='Sami Zayn should be arrested for war crimes.'
2026-05-05T22:47:52Z INFO    [HIT] #140 r/LoveAndDeepspace score=65 comments=14 title="Being an MC isn't easy!"
2026-05-05T22:47:52Z INFO    [HIT] #141 r/zayn score=34 comments=2 title='Hot girls listen to Zayn , it’s a fact'
2026-05-05T22:47:52Z INFO    [HIT] #142 r/TeenPakistani score=2 comments=53 title='Peak ragebait'
2026-05-05T22:47:52Z INFO    [HIT] #143 r/zayn score=3 comments=3 title='iT’s YoU cover'
2026-05-05T22:47:52Z INFO    [HIT] #144 r/LoveAndDeepspace score=154 comments=8 title='My knees went weak🥴'
2026-05-05T22:47:52Z INFO    [HIT] #145 r/LoveAndDeepspace score=170 comments=35 title="Does Zayne's EN voice kinda sound different this banner?"
2026-05-05T22:47:52Z INFO    [HIT] #146 r/SantiZapVideos score=0 comments=28 title='I hope that Danhausen curses Sami Zayn'
2026-05-05T22:47:52Z INFO    [HIT] #147 r/LoveAndDeepspace score=52 comments=5 title="Lucia Marlowe 🪸 Zayne's sea bunny"
2026-05-05T22:47:52Z INFO    [HIT] #148 r/zayn score=15 comments=24 title='Can Zayn be sued by Netflix for breaking the contract?'
2026-05-05T22:47:52Z INFO    [HIT] #149 r/LoveAndDeepspace score=10 comments=31 title=':O in need of encouragement'
2026-05-05T22:47:52Z INFO    [HIT] #150 r/CalebMains score=35 comments=10 title='Which cards are strong?'
2026-05-05T22:47:52Z INFO    [HIT] #151 r/u_kuulghoulz score=1 comments=0 title='Parts.. parts.. whatever idk Im not including non-fully formed.'
2026-05-05T22:47:52Z INFO    [HIT] #152 r/newswall score=1 comments=3 title='Zayn Malik Cuts Tour Dates After Illness'
2026-05-05T22:47:52Z INFO    [HIT] #153 r/OneDirectionMemes score=9 comments=3 title='According to People Magazine, Zayn has had to cancel his entire USA leg part of his tour.'
2026-05-05T22:47:52Z INFO    [HIT] #154 r/zayn score=88 comments=80 title='i LOVE zayn but do u all think he cancelled cus enough tickets didnt sell'
2026-05-05T22:47:52Z INFO    [HIT] #155 r/u_GangrelChild score=1 comments=0 title='Zayne love'
2026-05-05T22:47:52Z INFO    [HIT] #156 r/LoveAndDeepspace score=64 comments=7 title='Our HEA for Foreseer and MoF - Thank you inFold, and rejoice Jasmines'
2026-05-05T22:47:52Z INFO    [HIT] #157 r/ZayneMain score=38 comments=0 title="Zayne's Silent Underflow Kindled Scene Breakdown and Appreciation"
2026-05-05T22:47:52Z INFO    [HIT] #158 r/TicketResale score=1 comments=1 title='Selling Zayn Malik Tickets, Manchester'
2026-05-05T22:47:52Z INFO    [HIT] #159 r/OneD1rection score=0 comments=0 title='Zayn cancels all U.S. tour dates'
2026-05-05T22:47:52Z INFO    [HIT] #160 r/WWE score=0 comments=17 title='Did WWE suck in between 2015-18?'
2026-05-05T22:47:52Z INFO    [HIT] #161 r/askpopculture score=1 comments=1 title='Zayn Malik'
2026-05-05T22:47:52Z INFO    [HIT] #162 r/SquaredCircle score=0 comments=54 title='Did WWE suck in between 2015-18?'
2026-05-05T22:47:52Z INFO    [HIT] #163 r/Tickets score=1 comments=1 title='2 Zayn Malik Tickets for Manchester, UK'
2026-05-05T22:47:52Z INFO    [HIT] #164 r/REALSquaredCircle score=0 comments=13 title='I think they should probably add Cody Rhodes vs. Gunther to this card... because it feels like something is missing.'
2026-05-05T22:47:52Z INFO    [HIT] #165 r/WWE score=144 comments=49 title='A reminder of what I love about pro wrestling'
2026-05-05T22:47:52Z INFO    [HIT] #166 r/zayn score=6 comments=13 title='I’ve just sold my zayn tickets but the show is now cancelled. I sold my tickets for a cheaper price. What happens now?'
2026-05-05T22:47:52Z INFO    [HIT] #167 r/REALSquaredCircle score=39 comments=21 title='Sami Zayn officially turns heel.'
2026-05-05T22:47:52Z INFO    [HIT] #168 r/dreamjourneyai score=1 comments=0 title='Sylus - Lead Guitar - Resonance - Metal Band AU'
2026-05-05T22:47:52Z INFO    [HIT] #169 r/starcutouts score=1 comments=0 title='Planning a theme party? Want your guests to have fun? Want great photos? I didn’t realise how big this had become until I started noticing stand-in cutouts from Star Cutouts popping up all over the UK 👀'
2026-05-05T22:47:52Z INFO    [HIT] #170 r/LoveAndDeepspace score=139 comments=22 title="Uncle Zayne's immortal family of four is hilarious and adorable!"
2026-05-05T22:47:52Z INFO    [HIT] #171 r/zayn score=122 comments=92 title='The hate train against Zayn Malik is getting out of hand'
2026-05-05T22:47:52Z INFO    [HIT] #172 r/LoveAndDeepspace score=13 comments=7 title='Lingering lust'
2026-05-05T22:47:52Z INFO    [HIT] #173 r/LoveAndDeepspace score=106 comments=4 title='Still not over this card.'
2026-05-05T22:47:52Z INFO    [HIT] #174 r/SCJerk score=67 comments=5 title="Father of young fan. Does Sami Zayn/Rami Sebei like cookies? My cookie loving son is a huge fan of him, and I'd love for him to have a positive role model."
2026-05-05T22:47:52Z INFO    [HIT] #175 r/SCJerk score=31 comments=1 title='When Sami Zayn steals your "Bury the Gingerbread Man" gimmick.'
2026-05-05T22:47:52Z INFO    [HIT] #176 r/SquaredCircle score=48 comments=342 title='Post WWE SmackDown Discussion Thread - May 1st, 2026!'
2026-05-05T22:47:52Z INFO    [HIT] #177 r/LoveAndDeepspace score=368 comments=83 title="Zayne's Silent Underflow Kindled Scene Breakdown & Appreciation"
2026-05-05T22:47:52Z INFO    [HIT] #178 r/FantasyBookers score=16 comments=4 title='WWE and NXT present: Wrestlemania 42 and Stand and Deliver 2026!'
2026-05-05T22:47:52Z INFO    [HIT] #179 r/SantiZapVideos score=0 comments=8 title='Sami Zayn is the new Logan Paul. I hate this man'
2026-05-05T22:47:52Z INFO    [HIT] #180 r/SantiZapVideos score=2 comments=0 title='R.I.P GBM'
2026-05-05T22:47:52Z INFO    [HIT] #181 r/SantiZapVideos score=2 comments=1 title='You know what, FCK SAMI ZAYN, HOW DARE YOU'
2026-05-05T22:47:52Z INFO    [HIT] #182 r/SquaredCircle score=172 comments=32 title='[SmackDown Spoilers] Match announced for Backlash'
2026-05-05T22:47:52Z INFO    [HIT] #183 r/WWE score=0 comments=18 title='What are they doing with Sami'
2026-05-05T22:47:52Z INFO    [HIT] #184 r/SquaredCircle score=1474 comments=143 title='[SmackDown Spoilers] Potential injury'
2026-05-05T22:47:52Z INFO    [HIT] #185 r/LoveAndDeepspace score=714 comments=16 title='Well, in our defense, Zayne...'
2026-05-05T22:47:52Z INFO    [HIT] #186 r/FlickerRoblox score=18 comments=17 title='Flicker Incel: Please Report @Connor_Terminated'
2026-05-05T22:47:52Z INFO    [HIT] #187 r/zayn score=296 comments=37 title='This Made me sad :('
2026-05-05T22:47:52Z INFO    [HIT] #188 r/LoveAndDeepspace score=48 comments=7 title='I need all the outfits now'
2026-05-05T22:47:52Z INFO    [HIT] #189 r/Wattpad score=1 comments=0 title='Looking for Zayn Malik Wattpad fic ‘Ride or Die’ — he’s a normal guy with a son named Eli from another relationship , meets a girl at a bar”'
2026-05-05T22:47:52Z INFO    [HIT] #190 r/DeletedFanfiction score=1 comments=1 title='Looking for Zayn Malik Wattpad fic ‘Ride or Die’ — he’s a normal guy with a son named Eli from another relationship , meets a girl at a bar”'
2026-05-05T22:47:52Z INFO    [HIT] #191 r/fantasybooking score=13 comments=3 title='Rosters (Post SummerSlam)'
2026-05-05T22:47:52Z INFO    [HIT] #192 r/LoveAndDeepspace score=18 comments=15 title='Precise Wish Confusion/Theory'
2026-05-05T22:47:52Z INFO    [HIT] #193 r/Music score=0 comments=0 title='Zayn Malik cancels U.S. tour dates weeks after hospitalization'
2026-05-05T22:47:52Z INFO    [HIT] #194 r/AutoNewspaper score=2 comments=0 title='[Entertainment] - Zayn Malik cancels U.S. leg of his Konnakol tour after a recent mystery hospitalization | LA Times'
2026-05-05T22:47:52Z INFO    [HIT] #195 r/fantasybooking score=1 comments=0 title='MAKE IT MAKE SENSE! wwe main roster week by week 24/4/26'
2026-05-05T22:47:52Z INFO    [HIT] #196 r/LATIMESauto score=1 comments=0 title='[Entertainment] - Zayn Malik cancels U.S. leg of his Konnakol tour after a recent mystery hospitalization'
2026-05-05T22:47:52Z INFO    [HIT] #197 r/ZiamGlassCloset score=11 comments=3 title='Zayn Update 💛'
2026-05-05T22:47:52Z INFO    [HIT] #198 r/theguardian score=1 comments=0 title='Zayn Malik cancels US tour and some UK concerts after illness'
2026-05-05T22:47:52Z INFO    [HIT] #199 r/u_PerezHiltonOnReddit score=0 comments=0 title="What's REALLY Going On With Zayn Malik? He Just Cancelled His U.S. Tour And:"
2026-05-05T22:47:52Z INFO    [HIT] #200 r/TheChiz score=1 comments=0 title="What's REALLY Going On With Zayn Malik? He Just Cancelled His U.S. Tour And:"
2026-05-05T22:47:53Z INFO    [REQUEST] GET https://www.reddit.com/search.json?q=Zayn&sort=new&limit=100&t=all&raw_json=1&after=t3_1t16gqb
2026-05-05T22:47:54Z INFO    [RESPONSE] 200 721ms https://www.reddit.com/search.json?q=Zayn&sort=new&limit=100&t=all&raw_json=1&after=t3_1t16gqb
2026-05-05T22:47:54Z INFO    [HIT] #201 r/SymbyNews score=1 comments=0 title='"Zayn Malik Cancels US Tour Dates After Mysterious Hospital Stay" - The Daily Caller | First of 5 articles in multi-source coverage pack'
2026-05-05T22:47:54Z INFO    [HIT] #202 r/TicketResale score=1 comments=1 title='Selling 3x Zayn Malik Konnakol London tickets!'
2026-05-05T22:47:54Z INFO    [HIT] #203 r/zayn score=52 comments=24 title='Zayns cancelled shows'
2026-05-05T22:47:54Z INFO    [HIT] #204 r/stubhub score=3 comments=3 title='Cancelled show refunds'
2026-05-05T22:47:54Z INFO    [HIT] #205 r/ChampionshipHistory score=30 comments=5 title='Every NXT North American Championship match in 2023'
2026-05-05T22:47:54Z INFO    [HIT] #206 r/zayn score=57 comments=17 title='Zayn deleted the tour announcement'
2026-05-05T22:47:54Z INFO    [HIT] #207 r/zayn score=46 comments=3 title='Zayn & Cuteness'
2026-05-05T22:47:54Z INFO    [HIT] #208 r/u_GangrelChild score=1 comments=0 title='Zayne Appreciation'
2026-05-05T22:47:54Z INFO    [HIT] #209 r/zayn score=24 comments=32 title='Zayn’s US Tour cancellation'
2026-05-05T22:47:54Z INFO    [HIT] #210 r/popculturechat score=149 comments=25 title='Niall Horan talks about One Direction, Liam Payne and seeing Harry, Louis and Zayn perform:  All of my memories are happy. We were talking about it when we were writing it. All of our memories are traveling the world, messing around, having fun, and being teenagers. I don’t have negative memories.'
2026-05-05T22:47:54Z INFO    [HIT] #211 r/zayn score=17 comments=6 title='Just posting it here so everyone saw, new tour poster'
2026-05-05T22:47:54Z INFO    [HIT] #212 r/LoveAndDeepspace score=357 comments=13 title='My MC Cosplay <3'
2026-05-05T22:47:54Z INFO    [HIT] #213 r/loveanddepression score=93 comments=21 title="Caleb doesn't wanna come home"
2026-05-05T22:47:54Z INFO    [HIT] #214 r/TheColorIsBlue score=1 comments=1 title='Zayn Malik cancels all US dates of upcoming tour following illness'
2026-05-05T22:47:54Z INFO    [HIT] #215 r/zayn score=46 comments=6 title='Could someone explain exactly how he got this Hairstyle?'
2026-05-05T22:47:54Z INFO    [HIT] #216 r/AutoNewspaper score=1 comments=0 title='[World] - Zayn Malik cancels all US dates of upcoming tour following illness | Guardian'
2026-05-05T22:47:54Z INFO    [HIT] #217 r/AutoNewspaper score=1 comments=0 title='[Arts] - Zayn Malik cancels all US dates of upcoming tour following illness | Guardian'
2026-05-05T22:47:54Z INFO    [HIT] #218 r/entertainment score=10 comments=0 title='Zayn Malik Cancels All U.S. Tour Dates'
2026-05-05T22:47:54Z INFO    [HIT] #219 r/GUARDIANauto score=1 comments=0 title='[Arts] - Zayn Malik cancels all US dates of upcoming tour following illness'
2026-05-05T22:47:54Z INFO    [HIT] #220 r/AutoNewspaper score=2 comments=0 title='[Arts] - Zayn Malik cancels US tour and cuts UK dates after sharing hospital bed photo | BBC'
2026-05-05T22:47:54Z INFO    [HIT] #221 r/AutoNewspaper score=1 comments=0 title='[World] - Zayn Malik cancels US tour and cuts UK dates after sharing hospital bed photo | BBC'
2026-05-05T22:47:54Z INFO    [HIT] #222 r/AutoNewspaper score=1 comments=0 title='[Top Stories] - Zayn Malik cancels US tour and cuts UK dates after sharing hospital bed photo | BBC'
2026-05-05T22:47:54Z INFO    [HIT] #223 r/GUARDIANauto score=1 comments=0 title='[World] - Zayn Malik cancels all US dates of upcoming tour following illness'
2026-05-05T22:47:54Z INFO    [HIT] #224 r/BBCauto score=1 comments=0 title='[Top Stories] - Zayn Malik cancels US tour and cuts UK dates after sharing hospital bed photo'
2026-05-05T22:47:54Z INFO    [HIT] #225 r/BBCauto score=1 comments=0 title='[World] - Zayn Malik cancels US tour and cuts UK dates after sharing hospital bed photo'
2026-05-05T22:47:54Z INFO    [HIT] #226 r/BreakingNews24hr score=0 comments=0 title='Zayn Malik cancels US tour and cuts UK dates after sharing hospital bed photo'
2026-05-05T22:47:54Z INFO    [HIT] #227 r/zayn score=94 comments=74 title='Zayn cancelled his shows'
2026-05-05T22:47:54Z INFO    [HIT] #228 r/BBCauto score=1 comments=0 title='[Arts] - Zayn Malik cancels US tour and cuts UK dates after sharing hospital bed photo'
2026-05-05T22:47:54Z INFO    [HIT] #229 r/LoveAndDeepspace score=2041 comments=35 title='Haters will say its edited (\u2060⌐\u2060■\u2060-\u2060■\u2060)'
2026-05-05T22:47:54Z INFO    [HIT] #230 r/zayn score=11 comments=13 title='My concert isnt cancelled but...'
2026-05-05T22:47:54Z INFO    [HIT] #231 r/fantanoforever score=155 comments=55 title='Zayn Malik Cancels All U.S. Tour Dates'
2026-05-05T22:47:54Z INFO    [HIT] #232 r/ToddintheShadow score=21 comments=13 title='Zayn Malik Cancels All U.S. Tour Dates'
2026-05-05T22:47:54Z INFO    [HIT] #233 r/OneDirection score=86 comments=60 title='Zayn Malik Cancels Many ‘Konnakol’ Tour Dates While ‘Recovering’ From Hospitalization'
2026-05-05T22:47:54Z INFO    [HIT] #234 r/OneDirectionMemes score=7 comments=0 title='Zayn is back and this is his message May 1, 2026'
2026-05-05T22:47:54Z INFO    [HIT] #235 r/popculture score=6 comments=1 title='Zayn Malik cancels tour dates weeks after hospitalisation for unspecified illness'
2026-05-05T22:47:54Z INFO    [HIT] #236 r/zayn score=7 comments=3 title='Tour'
2026-05-05T22:47:54Z INFO    [HIT] #237 r/kpopnoir score=41 comments=2 title='Zayn Malik Cancels All U.S. Tour Dates'
2026-05-05T22:47:54Z INFO    [HIT] #238 r/zayn score=46 comments=35 title='Concert Cancelled'
2026-05-05T22:47:54Z INFO    [HIT] #239 r/zayn score=46 comments=58 title='Illness is what caused cancellation, but is low sales reason for no postponed dates (US leg)?'
2026-05-05T22:47:54Z INFO    [HIT] #240 r/zayn score=20 comments=4 title='Welp.. looks like my first concert is gonna have to wait😂'
2026-05-05T22:47:54Z INFO    [HIT] #241 r/zayn score=11 comments=10 title='US Leg of Tour'
2026-05-05T22:47:54Z INFO    [HIT] #242 r/zayn score=11 comments=8 title='Is Zayn canceling his shows?'
2026-05-05T22:47:54Z INFO    [HIT] #243 r/zayn score=37 comments=56 title='Concert cancelled'
2026-05-05T22:47:54Z INFO    [HIT] #244 r/zayn score=8 comments=4 title='Certain tour dates cancelled??'
2026-05-05T22:47:54Z INFO    [PHASE] SEARCH r/Olevels  sort=relevance  variant=head:Zayn
2026-05-05T22:47:55Z INFO    [REQUEST] GET https://www.reddit.com/r/Olevels/search.json?q=Zayn&sort=relevance&limit=100&t=all&raw_json=1&restrict_sr=1
2026-05-05T22:47:56Z INFO    [RESPONSE] 200 307ms https://www.reddit.com/r/Olevels/search.json?q=Zayn&sort=relevance&limit=100&t=all&raw_json=1&restrict_sr=1
2026-05-05T22:47:56Z INFO    [INFO] no results on first page for sort=relevance sub=Olevels
2026-05-05T22:47:56Z INFO    [PHASE] SEARCH r/igcse  sort=relevance  variant=head:Zayn
2026-05-05T22:47:57Z INFO    [REQUEST] GET https://www.reddit.com/r/igcse/search.json?q=Zayn&sort=relevance&limit=100&t=all&raw_json=1&restrict_sr=1
2026-05-05T22:47:57Z INFO    [RESPONSE] 200 217ms https://www.reddit.com/r/igcse/search.json?q=Zayn&sort=relevance&limit=100&t=all&raw_json=1&restrict_sr=1
2026-05-05T22:47:57Z INFO    [INFO] no results on first page for sort=relevance sub=igcse
2026-05-05T22:47:57Z INFO    [PHASE] SEARCH r/IGCSE_helps  sort=relevance  variant=head:Zayn
2026-05-05T22:47:59Z INFO    [REQUEST] GET https://www.reddit.com/r/IGCSE_helps/search.json?q=Zayn&sort=relevance&limit=100&t=all&raw_json=1&restrict_sr=1
2026-05-05T22:47:59Z INFO    [RESPONSE] 200 530ms https://www.reddit.com/r/IGCSE_helps/search.json?q=Zayn&sort=relevance&limit=100&t=all&raw_json=1&restrict_sr=1
2026-05-05T22:47:59Z INFO    [PHASE] SEARCH r/Alevel  sort=relevance  variant=head:Zayn
2026-05-05T22:48:01Z INFO    [REQUEST] GET https://www.reddit.com/r/Alevel/search.json?q=Zayn&sort=relevance&limit=100&t=all&raw_json=1&restrict_sr=1
2026-05-05T22:48:01Z INFO    [RESPONSE] 200 295ms https://www.reddit.com/r/Alevel/search.json?q=Zayn&sort=relevance&limit=100&t=all&raw_json=1&restrict_sr=1
2026-05-05T22:48:01Z INFO    [INFO] no results on first page for sort=relevance sub=Alevel
2026-05-05T22:48:01Z INFO    [PHASE] SEARCH r/Alevels  sort=relevance  variant=head:Zayn
2026-05-05T22:48:03Z INFO    [REQUEST] GET https://www.reddit.com/r/Alevels/search.json?q=Zayn&sort=relevance&limit=100&t=all&raw_json=1&restrict_sr=1
2026-05-05T22:48:03Z INFO    [RESPONSE] 200 403ms https://www.reddit.com/r/Alevels/search.json?q=Zayn&sort=relevance&limit=100&t=all&raw_json=1&restrict_sr=1
2026-05-05T22:48:03Z INFO    [HIT] #1 r/alevels score=44 comments=47 title='Cambrige l @ 3 k 5 are a bunch of scammers i have proof'
2026-05-05T22:48:03Z INFO    [HIT] #2 r/alevels score=1 comments=15 title="THERE'S A SERVER WHICH I WONT NAME SO IT DOESNT GAIN MORE POPULARITY BUT IT HAS ALMOST 7K MEMBERS AND CLAIMS THAT THEY HAVE OLEVELS,IGCSE AND ALEVELS L**KS, IS THIS A SCAM OR IF ITS REAL WHY ISNT IT BEING REPORTED??"
2026-05-05T22:48:03Z INFO    [HIT] #3 r/alevels score=2 comments=12 title='Scammer warning ‼️'
2026-05-05T22:48:03Z INFO    [PHASE] SEARCH r/CIE  sort=relevance  variant=head:Zayn
2026-05-05T22:48:05Z INFO    [REQUEST] GET https://www.reddit.com/r/CIE/search.json?q=Zayn&sort=relevance&limit=100&t=all&raw_json=1&restrict_sr=1
2026-05-05T22:48:05Z INFO    [ERROR] GET https://www.reddit.com/r/CIE/search.json?q=Zayn&sort=relevance&limit=100&t=all&raw_json=1&restrict_sr=1 → HTTP 404 (non-retryable)
2026-05-05T22:48:05Z INFO    [PHASE] SEARCH r/edexcel  sort=relevance  variant=head:Zayn
2026-05-05T22:48:06Z INFO    [REQUEST] GET https://www.reddit.com/r/edexcel/search.json?q=Zayn&sort=relevance&limit=100&t=all&raw_json=1&restrict_sr=1
2026-05-05T22:48:07Z INFO    [RESPONSE] 200 343ms https://www.reddit.com/r/edexcel/search.json?q=Zayn&sort=relevance&limit=100&t=all&raw_json=1&restrict_sr=1
2026-05-05T22:48:07Z INFO    [INFO] no results on first page for sort=relevance sub=edexcel
2026-05-05T22:48:07Z INFO    [PHASE] SEARCH r/GCSE  sort=relevance  variant=head:Zayn
2026-05-05T22:48:08Z INFO    [REQUEST] GET https://www.reddit.com/r/GCSE/search.json?q=Zayn&sort=relevance&limit=100&t=all&raw_json=1&restrict_sr=1
2026-05-05T22:48:08Z INFO    [RESPONSE] 200 220ms https://www.reddit.com/r/GCSE/search.json?q=Zayn&sort=relevance&limit=100&t=all&raw_json=1&restrict_sr=1
2026-05-05T22:48:08Z INFO    [INFO] no results on first page for sort=relevance sub=GCSE
2026-05-05T22:48:08Z INFO    [PHASE] SEARCH r/6thForm  sort=relevance  variant=head:Zayn
2026-05-05T22:48:10Z INFO    [REQUEST] GET https://www.reddit.com/r/6thForm/search.json?q=Zayn&sort=relevance&limit=100&t=all&raw_json=1&restrict_sr=1
2026-05-05T22:48:10Z INFO    [RESPONSE] 200 280ms https://www.reddit.com/r/6thForm/search.json?q=Zayn&sort=relevance&limit=100&t=all&raw_json=1&restrict_sr=1
2026-05-05T22:48:10Z INFO    [INFO] no results on first page for sort=relevance sub=6thForm
2026-05-05T22:48:10Z INFO    [PHASE] SEARCH r/Cheatingclassmates  sort=relevance  variant=head:Zayn
2026-05-05T22:48:12Z INFO    [REQUEST] GET https://www.reddit.com/r/Cheatingclassmates/search.json?q=Zayn&sort=relevance&limit=100&t=all&raw_json=1&restrict_sr=1
2026-05-05T22:48:12Z INFO    [RESPONSE] 200 525ms https://www.reddit.com/r/Cheatingclassmates/search.json?q=Zayn&sort=relevance&limit=100&t=all&raw_json=1&restrict_sr=1
2026-05-05T22:48:12Z INFO    [INFO] no results on first page for sort=relevance sub=Cheatingclassmates
2026-05-05T22:48:12Z INFO    [PHASE] SEARCH r/GetStudying  sort=relevance  variant=head:Zayn
2026-05-05T22:48:14Z INFO    [REQUEST] GET https://www.reddit.com/r/GetStudying/search.json?q=Zayn&sort=relevance&limit=100&t=all&raw_json=1&restrict_sr=1
2026-05-05T22:48:14Z INFO    [RESPONSE] 200 295ms https://www.reddit.com/r/GetStudying/search.json?q=Zayn&sort=relevance&limit=100&t=all&raw_json=1&restrict_sr=1
2026-05-05T22:48:14Z INFO    [INFO] no results on first page for sort=relevance sub=GetStudying
2026-05-05T22:48:14Z INFO    [PHASE] SEARCH r/studytips  sort=relevance  variant=head:Zayn
2026-05-05T22:48:16Z INFO    [REQUEST] GET https://www.reddit.com/r/studytips/search.json?q=Zayn&sort=relevance&limit=100&t=all&raw_json=1&restrict_sr=1
2026-05-05T22:48:16Z INFO    [RESPONSE] 200 338ms https://www.reddit.com/r/studytips/search.json?q=Zayn&sort=relevance&limit=100&t=all&raw_json=1&restrict_sr=1
2026-05-05T22:48:16Z INFO    [INFO] no results on first page for sort=relevance sub=studytips
2026-05-05T22:48:16Z INFO    [SECTION] PHASE 2 — FETCH-COMMENTS
2026-05-05T22:48:16Z INFO    [PHASE] FETCH-COMMENTS 485 unique post(s)
2026-05-05T22:48:17Z INFO    [REQUEST] GET https://www.reddit.com/comments/1lsb3r4.json?raw_json=1&limit=50
2026-05-05T22:48:18Z INFO    [RESPONSE] 200 254ms https://www.reddit.com/comments/1lsb3r4.json?raw_json=1&limit=50
2026-05-05T22:48:18Z INFO    [INFO] r/zayn  1lsb3r4  +1 comment(s)
2026-05-05T22:48:19Z INFO    [REQUEST] GET https://www.reddit.com/comments/1t0zk67.json?raw_json=1&limit=50
2026-05-05T22:48:19Z INFO    [RESPONSE] 200 261ms https://www.reddit.com/comments/1t0zk67.json?raw_json=1&limit=50
2026-05-05T22:48:21Z INFO    [REQUEST] GET https://www.reddit.com/comments/1t0wrn0.json?raw_json=1&limit=50
2026-05-05T22:48:22Z INFO    [RESPONSE] 200 688ms https://www.reddit.com/comments/1t0wrn0.json?raw_json=1&limit=50
2026-05-05T22:48:22Z INFO    [INFO] r/Fauxmoi  1t0wrn0  +17 comment(s)
2026-05-05T22:48:23Z INFO    [REQUEST] GET https://www.reddit.com/comments/1soh04r.json?raw_json=1&limit=50
2026-05-05T22:48:24Z INFO    [RESPONSE] 200 703ms https://www.reddit.com/comments/1soh04r.json?raw_json=1&limit=50
2026-05-05T22:48:24Z INFO    [INFO] r/popculturechat  1soh04r  +16 comment(s)
2026-05-05T22:48:25Z INFO    [REQUEST] GET https://www.reddit.com/comments/1sohfwx.json?raw_json=1&limit=50
2026-05-05T22:48:26Z INFO    [RESPONSE] 200 650ms https://www.reddit.com/comments/1sohfwx.json?raw_json=1&limit=50
2026-05-05T22:48:26Z INFO    [INFO] r/Fauxmoi  1sohfwx  +20 comment(s)
2026-05-05T22:48:27Z INFO    [REQUEST] GET https://www.reddit.com/comments/1t0wsc2.json?raw_json=1&limit=50
2026-05-05T22:48:28Z INFO    [RESPONSE] 200 614ms https://www.reddit.com/comments/1t0wsc2.json?raw_json=1&limit=50
2026-05-05T22:48:28Z INFO    [INFO] r/popculturechat  1t0wsc2  +21 comment(s)
2026-05-05T22:48:30Z INFO    [REQUEST] GET https://www.reddit.com/comments/1spgta2.json?raw_json=1&limit=50
2026-05-05T22:48:30Z INFO    [RESPONSE] 200 506ms https://www.reddit.com/comments/1spgta2.json?raw_json=1&limit=50
2026-05-05T22:48:30Z INFO    [INFO] r/zayn  1spgta2  +17 comment(s)
2026-05-05T22:48:32Z INFO    [REQUEST] GET https://www.reddit.com/comments/1szdlv5.json?raw_json=1&limit=50
2026-05-05T22:48:32Z INFO    [RESPONSE] 200 659ms https://www.reddit.com/comments/1szdlv5.json?raw_json=1&limit=50
2026-05-05T22:48:32Z INFO    [INFO] r/Fauxmoi  1szdlv5  +11 comment(s)
2026-05-05T22:48:34Z INFO    [REQUEST] GET https://www.reddit.com/comments/1sorf51.json?raw_json=1&limit=50
2026-05-05T22:48:34Z INFO    [RESPONSE] 200 710ms https://www.reddit.com/comments/1sorf51.json?raw_json=1&limit=50
2026-05-05T22:48:34Z INFO    [INFO] r/popculturechat  1sorf51  +15 comment(s)
2026-05-05T22:48:36Z INFO    [REQUEST] GET https://www.reddit.com/comments/1so7wvx.json?raw_json=1&limit=50
2026-05-05T22:48:36Z INFO    [RESPONSE] 200 353ms https://www.reddit.com/comments/1so7wvx.json?raw_json=1&limit=50
2026-05-05T22:48:36Z INFO    [INFO] r/Fauxmoi  1so7wvx  +13 comment(s)
2026-05-05T22:48:38Z INFO    [REQUEST] GET https://www.reddit.com/comments/1r2qftu.json?raw_json=1&limit=50
2026-05-05T22:48:38Z INFO    [RESPONSE] 200 626ms https://www.reddit.com/comments/1r2qftu.json?raw_json=1&limit=50
2026-05-05T22:48:38Z INFO    [INFO] r/VindictaRateCelebs  1r2qftu  +22 comment(s)
2026-05-05T22:48:40Z INFO    [REQUEST] GET https://www.reddit.com/comments/1srlko9.json?raw_json=1&limit=50
2026-05-05T22:48:40Z INFO    [RESPONSE] 200 510ms https://www.reddit.com/comments/1srlko9.json?raw_json=1&limit=50
2026-05-05T22:48:40Z INFO    [INFO] r/zayn  1srlko9  +21 comment(s)
2026-05-05T22:48:42Z INFO    [REQUEST] GET https://www.reddit.com/comments/1qvh7py.json?raw_json=1&limit=50
2026-05-05T22:48:43Z INFO    [RESPONSE] 200 688ms https://www.reddit.com/comments/1qvh7py.json?raw_json=1&limit=50
2026-05-05T22:48:43Z INFO    [INFO] r/Fauxmoi  1qvh7py  +16 comment(s)
2026-05-05T22:48:44Z INFO    [REQUEST] GET https://www.reddit.com/comments/1sqncuv.json?raw_json=1&limit=50
2026-05-05T22:48:45Z INFO    [RESPONSE] 200 612ms https://www.reddit.com/comments/1sqncuv.json?raw_json=1&limit=50
2026-05-05T22:48:45Z INFO    [INFO] r/popculturechat  1sqncuv  +18 comment(s)
2026-05-05T22:48:46Z INFO    [REQUEST] GET https://www.reddit.com/comments/1r24f77.json?raw_json=1&limit=50
2026-05-05T22:48:47Z INFO    [RESPONSE] 200 684ms https://www.reddit.com/comments/1r24f77.json?raw_json=1&limit=50
2026-05-05T22:48:47Z INFO    [INFO] r/popculturechat  1r24f77  +15 comment(s)
2026-05-05T22:48:48Z INFO    [REQUEST] GET https://www.reddit.com/comments/1soxitb.json?raw_json=1&limit=50
2026-05-05T22:48:49Z INFO    [RESPONSE] 200 548ms https://www.reddit.com/comments/1soxitb.json?raw_json=1&limit=50
2026-05-05T22:48:49Z INFO    [INFO] r/popculturechat  1soxitb  +14 comment(s)
2026-05-05T22:48:50Z INFO    [REQUEST] GET https://www.reddit.com/comments/1qimdp6.json?raw_json=1&limit=50
2026-05-05T22:48:51Z INFO    [RESPONSE] 200 596ms https://www.reddit.com/comments/1qimdp6.json?raw_json=1&limit=50
2026-05-05T22:48:51Z INFO    [INFO] r/LoveAndDeepspace  1qimdp6  +24 comment(s)
2026-05-05T22:48:53Z INFO    [REQUEST] GET https://www.reddit.com/comments/1r22eje.json?raw_json=1&limit=50
2026-05-05T22:48:53Z INFO    [RESPONSE] 200 662ms https://www.reddit.com/comments/1r22eje.json?raw_json=1&limit=50
2026-05-05T22:48:53Z INFO    [INFO] r/Fauxmoi  1r22eje  +18 comment(s)
2026-05-05T22:48:55Z INFO    [REQUEST] GET https://www.reddit.com/comments/1k4x4o5.json?raw_json=1&limit=50
2026-05-05T22:48:55Z INFO    [RESPONSE] 200 586ms https://www.reddit.com/comments/1k4x4o5.json?raw_json=1&limit=50
2026-05-05T22:48:55Z INFO    [INFO] r/SquaredCircle  1k4x4o5  +19 comment(s)
2026-05-05T22:48:57Z INFO    [REQUEST] GET https://www.reddit.com/comments/1o9irow.json?raw_json=1&limit=50
2026-05-05T22:48:57Z INFO    [RESPONSE] 200 593ms https://www.reddit.com/comments/1o9irow.json?raw_json=1&limit=50
2026-05-05T22:48:57Z INFO    [INFO] r/SquaredCircle  1o9irow  +21 comment(s)
2026-05-05T22:48:59Z INFO    [REQUEST] GET https://www.reddit.com/comments/1s5kpoc.json?raw_json=1&limit=50
2026-05-05T22:49:00Z INFO    [RESPONSE] 200 1042ms https://www.reddit.com/comments/1s5kpoc.json?raw_json=1&limit=50
2026-05-05T22:49:00Z INFO    [INFO] r/LoveAndDeepspace  1s5kpoc  +27 comment(s)
2026-05-05T22:49:01Z INFO    [REQUEST] GET https://www.reddit.com/comments/1eluzpv.json?raw_json=1&limit=50
2026-05-05T22:49:02Z INFO    [RESPONSE] 200 570ms https://www.reddit.com/comments/1eluzpv.json?raw_json=1&limit=50
2026-05-05T22:49:02Z INFO    [INFO] r/SquaredCircle  1eluzpv  +18 comment(s)
2026-05-05T22:49:04Z INFO    [REQUEST] GET https://www.reddit.com/comments/1qx02cs.json?raw_json=1&limit=50
2026-05-05T22:49:04Z INFO    [RESPONSE] 200 670ms https://www.reddit.com/comments/1qx02cs.json?raw_json=1&limit=50
2026-05-05T22:49:04Z INFO    [INFO] r/SquaredCircle  1qx02cs  +16 comment(s)
2026-05-05T22:49:06Z INFO    [REQUEST] GET https://www.reddit.com/comments/1s6s4sw.json?raw_json=1&limit=50
2026-05-05T22:49:06Z INFO    [RESPONSE] 200 558ms https://www.reddit.com/comments/1s6s4sw.json?raw_json=1&limit=50
2026-05-05T22:49:06Z INFO    [INFO] r/SquaredCircle  1s6s4sw  +15 comment(s)
2026-05-05T22:49:08Z INFO    [REQUEST] GET https://www.reddit.com/comments/1lyes43.json?raw_json=1&limit=50
2026-05-05T22:49:08Z INFO    [RESPONSE] 200 596ms https://www.reddit.com/comments/1lyes43.json?raw_json=1&limit=50
2026-05-05T22:49:08Z INFO    [INFO] r/SquaredCircle  1lyes43  +23 comment(s)
2026-05-05T22:49:10Z INFO    [REQUEST] GET https://www.reddit.com/comments/1nnbuv3.json?raw_json=1&limit=50
2026-05-05T22:49:11Z INFO    [RESPONSE] 200 672ms https://www.reddit.com/comments/1nnbuv3.json?raw_json=1&limit=50
2026-05-05T22:49:11Z INFO    [INFO] r/LoveAndDeepspace  1nnbuv3  +22 comment(s)
2026-05-05T22:49:12Z INFO    [REQUEST] GET https://www.reddit.com/comments/1rir6e4.json?raw_json=1&limit=50
2026-05-05T22:49:13Z INFO    [RESPONSE] 200 751ms https://www.reddit.com/comments/1rir6e4.json?raw_json=1&limit=50
2026-05-05T22:49:13Z INFO    [INFO] r/LoveAndDeepspace  1rir6e4  +19 comment(s)
2026-05-05T22:49:14Z INFO    [REQUEST] GET https://www.reddit.com/comments/1qvxbj9.json?raw_json=1&limit=50
2026-05-05T22:49:15Z INFO    [RESPONSE] 200 649ms https://www.reddit.com/comments/1qvxbj9.json?raw_json=1&limit=50
2026-05-05T22:49:15Z INFO    [INFO] r/Fauxmoi  1qvxbj9  +17 comment(s)
2026-05-05T22:49:16Z INFO    [REQUEST] GET https://www.reddit.com/comments/1s68tjv.json?raw_json=1&limit=50
2026-05-05T22:49:17Z INFO    [RESPONSE] 200 461ms https://www.reddit.com/comments/1s68tjv.json?raw_json=1&limit=50
2026-05-05T22:49:17Z INFO    [INFO] r/SantiZapVideos  1s68tjv  +37 comment(s)
2026-05-05T22:49:18Z INFO    [REQUEST] GET https://www.reddit.com/comments/1q6rixf.json?raw_json=1&limit=50
2026-05-05T22:49:19Z INFO    [RESPONSE] 200 650ms https://www.reddit.com/comments/1q6rixf.json?raw_json=1&limit=50
2026-05-05T22:49:19Z INFO    [INFO] r/LoveAndDeepspace  1q6rixf  +22 comment(s)
2026-05-05T22:49:21Z INFO    [REQUEST] GET https://www.reddit.com/comments/1o35t5z.json?raw_json=1&limit=50
2026-05-05T22:49:21Z INFO    [RESPONSE] 200 669ms https://www.reddit.com/comments/1o35t5z.json?raw_json=1&limit=50
2026-05-05T22:49:21Z INFO    [INFO] r/popculturechat  1o35t5z  +19 comment(s)
2026-05-05T22:49:23Z INFO    [REQUEST] GET https://www.reddit.com/comments/1souiay.json?raw_json=1&limit=50
2026-05-05T22:49:23Z INFO    [RESPONSE] 200 603ms https://www.reddit.com/comments/1souiay.json?raw_json=1&limit=50
2026-05-05T22:49:23Z INFO    [INFO] r/Fauxmoi  1souiay  +15 comment(s)
2026-05-05T22:49:25Z INFO    [REQUEST] GET https://www.reddit.com/comments/1g7dr09.json?raw_json=1&limit=50
2026-05-05T22:49:25Z INFO    [RESPONSE] 200 495ms https://www.reddit.com/comments/1g7dr09.json?raw_json=1&limit=50
2026-05-05T22:49:25Z INFO    [INFO] r/Music  1g7dr09  +6 comment(s)
2026-05-05T22:49:27Z INFO    [REQUEST] GET https://www.reddit.com/comments/1ei1zno.json?raw_json=1&limit=50
2026-05-05T22:49:27Z INFO    [RESPONSE] 200 602ms https://www.reddit.com/comments/1ei1zno.json?raw_json=1&limit=50
2026-05-05T22:49:27Z INFO    [INFO] r/SquaredCircle  1ei1zno  +19 comment(s)
2026-05-05T22:49:29Z INFO    [REQUEST] GET https://www.reddit.com/comments/jfmuiw.json?raw_json=1&limit=50
2026-05-05T22:49:30Z INFO    [RESPONSE] 200 677ms https://www.reddit.com/comments/jfmuiw.json?raw_json=1&limit=50
2026-05-05T22:49:30Z INFO    [INFO] r/SquaredCircle  jfmuiw  +12 comment(s)
2026-05-05T22:49:31Z INFO    [REQUEST] GET https://www.reddit.com/comments/1mgvd50.json?raw_json=1&limit=50
2026-05-05T22:49:32Z INFO    [RESPONSE] 200 558ms https://www.reddit.com/comments/1mgvd50.json?raw_json=1&limit=50
2026-05-05T22:49:32Z INFO    [INFO] r/SquaredCircle  1mgvd50  +19 comment(s)
2026-05-05T22:49:33Z INFO    [REQUEST] GET https://www.reddit.com/comments/1lfswpj.json?raw_json=1&limit=50
2026-05-05T22:49:34Z INFO    [RESPONSE] 200 398ms https://www.reddit.com/comments/1lfswpj.json?raw_json=1&limit=50
2026-05-05T22:49:34Z INFO    [INFO] r/SquaredCircle  1lfswpj  +26 comment(s)
2026-05-05T22:49:35Z INFO    [REQUEST] GET https://www.reddit.com/comments/1li8hf4.json?raw_json=1&limit=50
2026-05-05T22:49:36Z INFO    [RESPONSE] 200 528ms https://www.reddit.com/comments/1li8hf4.json?raw_json=1&limit=50
2026-05-05T22:49:36Z INFO    [INFO] r/SquaredCircle  1li8hf4  +17 comment(s)
2026-05-05T22:49:37Z INFO    [REQUEST] GET https://www.reddit.com/comments/1jdqfj3.json?raw_json=1&limit=50
2026-05-05T22:49:38Z INFO    [RESPONSE] 200 655ms https://www.reddit.com/comments/1jdqfj3.json?raw_json=1&limit=50
2026-05-05T22:49:38Z INFO    [INFO] r/SquaredCircle  1jdqfj3  +17 comment(s)
2026-05-05T22:49:39Z INFO    [REQUEST] GET https://www.reddit.com/comments/kuqrtf.json?raw_json=1&limit=50
2026-05-05T22:49:40Z INFO    [RESPONSE] 200 739ms https://www.reddit.com/comments/kuqrtf.json?raw_json=1&limit=50
2026-05-05T22:49:40Z INFO    [INFO] r/SquaredCircle  kuqrtf  +14 comment(s)
2026-05-05T22:49:42Z INFO    [REQUEST] GET https://www.reddit.com/comments/1rwfbex.json?raw_json=1&limit=50
2026-05-05T22:49:42Z INFO    [RESPONSE] 200 664ms https://www.reddit.com/comments/1rwfbex.json?raw_json=1&limit=50
2026-05-05T22:49:42Z INFO    [INFO] r/LoveAndDeepspace  1rwfbex  +28 comment(s)
2026-05-05T22:49:44Z INFO    [REQUEST] GET https://www.reddit.com/comments/1jwd945.json?raw_json=1&limit=50
2026-05-05T22:49:44Z INFO    [RESPONSE] 200 433ms https://www.reddit.com/comments/1jwd945.json?raw_json=1&limit=50
2026-05-05T22:49:44Z INFO    [INFO] r/SquaredCircle  1jwd945  +22 comment(s)
2026-05-05T22:49:46Z INFO    [REQUEST] GET https://www.reddit.com/comments/12996ws.json?raw_json=1&limit=50
2026-05-05T22:49:46Z INFO    [RESPONSE] 200 507ms https://www.reddit.com/comments/12996ws.json?raw_json=1&limit=50
2026-05-05T22:49:46Z INFO    [INFO] r/SquaredCircle  12996ws  +16 comment(s)
2026-05-05T22:49:48Z INFO    [REQUEST] GET https://www.reddit.com/comments/1sjx61s.json?raw_json=1&limit=50
2026-05-05T22:49:48Z INFO    [RESPONSE] 200 502ms https://www.reddit.com/comments/1sjx61s.json?raw_json=1&limit=50
2026-05-05T22:49:48Z INFO    [INFO] r/SquaredCircle  1sjx61s  +23 comment(s)
2026-05-05T22:49:50Z INFO    [REQUEST] GET https://www.reddit.com/comments/1sdzwsv.json?raw_json=1&limit=50
2026-05-05T22:49:50Z INFO    [RESPONSE] 200 552ms https://www.reddit.com/comments/1sdzwsv.json?raw_json=1&limit=50
2026-05-05T22:49:50Z INFO    [INFO] r/LoveAndDeepspace  1sdzwsv  +32 comment(s)
2026-05-05T22:49:52Z INFO    [REQUEST] GET https://www.reddit.com/comments/1bxsfgr.json?raw_json=1&limit=50
2026-05-05T22:49:52Z INFO    [RESPONSE] 200 554ms https://www.reddit.com/comments/1bxsfgr.json?raw_json=1&limit=50
2026-05-05T22:49:52Z INFO    [INFO] r/SquaredCircle  1bxsfgr  +22 comment(s)
2026-05-05T22:49:54Z INFO    [REQUEST] GET https://www.reddit.com/comments/1n029xe.json?raw_json=1&limit=50
2026-05-05T22:49:54Z INFO    [RESPONSE] 200 462ms https://www.reddit.com/comments/1n029xe.json?raw_json=1&limit=50
2026-05-05T22:49:54Z INFO    [INFO] r/SquaredCircle  1n029xe  +16 comment(s)
2026-05-05T22:49:56Z INFO    [REQUEST] GET https://www.reddit.com/comments/1q39sko.json?raw_json=1&limit=50
2026-05-05T22:49:56Z INFO    [RESPONSE] 200 395ms https://www.reddit.com/comments/1q39sko.json?raw_json=1&limit=50
2026-05-05T22:49:56Z INFO    [INFO] r/WWE  1q39sko  +33 comment(s)
2026-05-05T22:49:58Z INFO    [REQUEST] GET https://www.reddit.com/comments/1khumib.json?raw_json=1&limit=50
2026-05-05T22:50:00Z INFO    [RESPONSE] 200 2813ms https://www.reddit.com/comments/1khumib.json?raw_json=1&limit=50
2026-05-05T22:50:00Z INFO    [INFO] r/LoveAndDeepspace  1khumib  +22 comment(s)
2026-05-05T22:50:02Z INFO    [REQUEST] GET https://www.reddit.com/comments/1rzgh86.json?raw_json=1&limit=50
2026-05-05T22:50:03Z INFO    [RESPONSE] 200 632ms https://www.reddit.com/comments/1rzgh86.json?raw_json=1&limit=50
2026-05-05T22:50:03Z INFO    [INFO] r/SquaredCircle  1rzgh86  +14 comment(s)
2026-05-05T22:50:04Z INFO    [REQUEST] GET https://www.reddit.com/comments/1s9gni7.json?raw_json=1&limit=50
2026-05-05T22:50:05Z INFO    [RESPONSE] 200 657ms https://www.reddit.com/comments/1s9gni7.json?raw_json=1&limit=50
2026-05-05T22:50:05Z INFO    [INFO] r/LoveAndDeepspace  1s9gni7  +20 comment(s)
2026-05-05T22:50:06Z INFO    [REQUEST] GET https://www.reddit.com/comments/1ljchvz.json?raw_json=1&limit=50
2026-05-05T22:50:07Z INFO    [RESPONSE] 200 885ms https://www.reddit.com/comments/1ljchvz.json?raw_json=1&limit=50
2026-05-05T22:50:07Z INFO    [INFO] r/LoveAndDeepspace  1ljchvz  +27 comment(s)
2026-05-05T22:50:09Z INFO    [REQUEST] GET https://www.reddit.com/comments/jx94sb.json?raw_json=1&limit=50
2026-05-05T22:50:10Z INFO    [RESPONSE] 200 930ms https://www.reddit.com/comments/jx94sb.json?raw_json=1&limit=50
2026-05-05T22:50:10Z INFO    [INFO] r/SquaredCircle  jx94sb  +13 comment(s)
2026-05-05T22:50:11Z INFO    [REQUEST] GET https://www.reddit.com/comments/1soxxrc.json?raw_json=1&limit=50
2026-05-05T22:50:12Z INFO    [RESPONSE] 200 496ms https://www.reddit.com/comments/1soxxrc.json?raw_json=1&limit=50
2026-05-05T22:50:12Z INFO    [INFO] r/ChikaPH  1soxxrc  +19 comment(s)
2026-05-05T22:50:13Z INFO    [REQUEST] GET https://www.reddit.com/comments/1qq46xk.json?raw_json=1&limit=50
2026-05-05T22:50:14Z INFO    [RESPONSE] 200 564ms https://www.reddit.com/comments/1qq46xk.json?raw_json=1&limit=50
2026-05-05T22:50:14Z INFO    [INFO] r/popculturechat  1qq46xk  +17 comment(s)
2026-05-05T22:50:15Z INFO    [REQUEST] GET https://www.reddit.com/comments/1j2o52j.json?raw_json=1&limit=50
2026-05-05T22:50:16Z INFO    [RESPONSE] 200 682ms https://www.reddit.com/comments/1j2o52j.json?raw_json=1&limit=50
2026-05-05T22:50:16Z INFO    [INFO] r/SquaredCircle  1j2o52j  +12 comment(s)
2026-05-05T22:50:17Z INFO    [REQUEST] GET https://www.reddit.com/comments/10tfbpz.json?raw_json=1&limit=50
2026-05-05T22:50:18Z INFO    [RESPONSE] 200 722ms https://www.reddit.com/comments/10tfbpz.json?raw_json=1&limit=50
2026-05-05T22:50:18Z INFO    [INFO] r/SquaredCircle  10tfbpz  +12 comment(s)
2026-05-05T22:50:20Z INFO    [REQUEST] GET https://www.reddit.com/comments/1ki0rcx.json?raw_json=1&limit=50
2026-05-05T22:50:20Z INFO    [RESPONSE] 200 494ms https://www.reddit.com/comments/1ki0rcx.json?raw_json=1&limit=50
2026-05-05T22:50:20Z INFO    [INFO] r/SquaredCircle  1ki0rcx  +15 comment(s)
2026-05-05T22:50:22Z INFO    [REQUEST] GET https://www.reddit.com/comments/1g61n7v.json?raw_json=1&limit=50
2026-05-05T22:50:22Z INFO    [RESPONSE] 200 643ms https://www.reddit.com/comments/1g61n7v.json?raw_json=1&limit=50
2026-05-05T22:50:22Z INFO    [INFO] r/OneDirection  1g61n7v  +28 comment(s)
2026-05-05T22:50:24Z INFO    [REQUEST] GET https://www.reddit.com/comments/1pt6v3g.json?raw_json=1&limit=50
2026-05-05T22:50:24Z INFO    [RESPONSE] 200 728ms https://www.reddit.com/comments/1pt6v3g.json?raw_json=1&limit=50
2026-05-05T22:50:24Z INFO    [INFO] r/LoveAndDeepspace  1pt6v3g  +21 comment(s)
2026-05-05T22:50:26Z INFO    [REQUEST] GET https://www.reddit.com/comments/1pil814.json?raw_json=1&limit=50
2026-05-05T22:50:26Z INFO    [RESPONSE] 200 482ms https://www.reddit.com/comments/1pil814.json?raw_json=1&limit=50
2026-05-05T22:50:26Z INFO    [INFO] r/SquaredCircle  1pil814  +20 comment(s)
2026-05-05T22:50:28Z INFO    [REQUEST] GET https://www.reddit.com/comments/1t0dmbj.json?raw_json=1&limit=50
2026-05-05T22:50:28Z INFO    [RESPONSE] 200 599ms https://www.reddit.com/comments/1t0dmbj.json?raw_json=1&limit=50
2026-05-05T22:50:28Z INFO    [INFO] r/SquaredCircle  1t0dmbj  +11 comment(s)
2026-05-05T22:50:30Z INFO    [REQUEST] GET https://www.reddit.com/comments/1sp28e0.json?raw_json=1&limit=50
2026-05-05T22:50:30Z INFO    [RESPONSE] 200 528ms https://www.reddit.com/comments/1sp28e0.json?raw_json=1&limit=50
2026-05-05T22:50:31Z INFO    [INFO] r/SquaredCircle  1sp28e0  +8 comment(s)
2026-05-05T22:50:32Z INFO    [REQUEST] GET https://www.reddit.com/comments/1t0wsjb.json?raw_json=1&limit=50
2026-05-05T22:50:33Z INFO    [RESPONSE] 200 577ms https://www.reddit.com/comments/1t0wsjb.json?raw_json=1&limit=50
2026-05-05T22:50:33Z INFO    [INFO] r/popheads  1t0wsjb  +14 comment(s)
2026-05-05T22:50:34Z INFO    [REQUEST] GET https://www.reddit.com/comments/1lsghmh.json?raw_json=1&limit=50
2026-05-05T22:50:35Z INFO    [RESPONSE] 200 660ms https://www.reddit.com/comments/1lsghmh.json?raw_json=1&limit=50
2026-05-05T22:50:35Z INFO    [INFO] r/popculturechat  1lsghmh  +12 comment(s)
2026-05-05T22:50:36Z INFO    [REQUEST] GET https://www.reddit.com/comments/13sls7z.json?raw_json=1&limit=50
2026-05-05T22:50:37Z INFO    [RESPONSE] 200 534ms https://www.reddit.com/comments/13sls7z.json?raw_json=1&limit=50
2026-05-05T22:50:37Z INFO    [INFO] r/WWE  13sls7z  +22 comment(s)
2026-05-05T22:50:39Z INFO    [REQUEST] GET https://www.reddit.com/comments/1sxicj3.json?raw_json=1&limit=50
2026-05-05T22:50:39Z INFO    [RESPONSE] 200 797ms https://www.reddit.com/comments/1sxicj3.json?raw_json=1&limit=50
2026-05-05T22:50:39Z INFO    [INFO] r/hockey  1sxicj3  +16 comment(s)
2026-05-05T22:50:41Z INFO    [REQUEST] GET https://www.reddit.com/comments/bv6xzl.json?raw_json=1&limit=50
2026-05-05T22:50:42Z INFO    [RESPONSE] 200 652ms https://www.reddit.com/comments/bv6xzl.json?raw_json=1&limit=50
2026-05-05T22:50:42Z INFO    [INFO] r/SquaredCircle  bv6xzl  +14 comment(s)
2026-05-05T22:50:43Z INFO    [REQUEST] GET https://www.reddit.com/comments/1i9sy01.json?raw_json=1&limit=50
2026-05-05T22:50:44Z INFO    [RESPONSE] 200 740ms https://www.reddit.com/comments/1i9sy01.json?raw_json=1&limit=50
2026-05-05T22:50:44Z INFO    [INFO] r/SquaredCircle  1i9sy01  +17 comment(s)
2026-05-05T22:50:45Z INFO    [REQUEST] GET https://www.reddit.com/comments/1berkzj.json?raw_json=1&limit=50
2026-05-05T22:50:46Z INFO    [RESPONSE] 200 649ms https://www.reddit.com/comments/1berkzj.json?raw_json=1&limit=50
2026-05-05T22:50:46Z INFO    [INFO] r/SquaredCircle  1berkzj  +10 comment(s)
2026-05-05T22:50:48Z INFO    [REQUEST] GET https://www.reddit.com/comments/1pdwjjg.json?raw_json=1&limit=50
2026-05-05T22:50:48Z INFO    [RESPONSE] 200 596ms https://www.reddit.com/comments/1pdwjjg.json?raw_json=1&limit=50
2026-05-05T22:50:48Z INFO    [INFO] r/heightcomparison  1pdwjjg  +9 comment(s)
2026-05-05T22:50:50Z INFO    [REQUEST] GET https://www.reddit.com/comments/129qsje.json?raw_json=1&limit=50
2026-05-05T22:50:50Z INFO    [RESPONSE] 200 723ms https://www.reddit.com/comments/129qsje.json?raw_json=1&limit=50
2026-05-05T22:50:50Z INFO    [INFO] r/SquaredCircle  129qsje  +12 comment(s)
2026-05-05T22:50:52Z INFO    [REQUEST] GET https://www.reddit.com/comments/1ijxc19.json?raw_json=1&limit=50
2026-05-05T22:50:52Z INFO    [RESPONSE] 200 595ms https://www.reddit.com/comments/1ijxc19.json?raw_json=1&limit=50
2026-05-05T22:50:52Z INFO    [INFO] r/LoveAndDeepspace  1ijxc19  +20 comment(s)
2026-05-05T22:50:54Z INFO    [REQUEST] GET https://www.reddit.com/comments/1c8xuj6.json?raw_json=1&limit=50
2026-05-05T22:50:55Z INFO    [RESPONSE] 200 593ms https://www.reddit.com/comments/1c8xuj6.json?raw_json=1&limit=50
2026-05-05T22:50:55Z INFO    [INFO] r/SquaredCircle  1c8xuj6  +15 comment(s)
2026-05-05T22:50:56Z INFO    [REQUEST] GET https://www.reddit.com/comments/1ozxglp.json?raw_json=1&limit=50
2026-05-05T22:50:57Z INFO    [RESPONSE] 200 458ms https://www.reddit.com/comments/1ozxglp.json?raw_json=1&limit=50
2026-05-05T22:50:57Z INFO    [INFO] r/SquaredCircle  1ozxglp  +18 comment(s)
2026-05-05T22:50:58Z INFO    [REQUEST] GET https://www.reddit.com/comments/108u7is.json?raw_json=1&limit=50
2026-05-05T22:50:59Z INFO    [RESPONSE] 200 612ms https://www.reddit.com/comments/108u7is.json?raw_json=1&limit=50
2026-05-05T22:50:59Z INFO    [INFO] r/SquaredCircle  108u7is  +22 comment(s)
2026-05-05T22:51:00Z INFO    [REQUEST] GET https://www.reddit.com/comments/1nyf62i.json?raw_json=1&limit=50
2026-05-05T22:51:01Z INFO    [RESPONSE] 200 695ms https://www.reddit.com/comments/1nyf62i.json?raw_json=1&limit=50
2026-05-05T22:51:01Z INFO    [INFO] r/LoveAndDeepspace  1nyf62i  +29 comment(s)
2026-05-05T22:51:02Z INFO    [REQUEST] GET https://www.reddit.com/comments/1nbe7ib.json?raw_json=1&limit=50
2026-05-05T22:51:03Z INFO    [RESPONSE] 200 456ms https://www.reddit.com/comments/1nbe7ib.json?raw_json=1&limit=50
2026-05-05T22:51:03Z INFO    [INFO] r/OneDirection  1nbe7ib  +39 comment(s)
2026-05-05T22:51:04Z INFO    [REQUEST] GET https://www.reddit.com/comments/1ssmh3p.json?raw_json=1&limit=50
2026-05-05T22:51:05Z INFO    [RESPONSE] 200 597ms https://www.reddit.com/comments/1ssmh3p.json?raw_json=1&limit=50
2026-05-05T22:51:05Z INFO    [INFO] r/TheGreatOne  1ssmh3p  +20 comment(s)
2026-05-05T22:51:06Z INFO    [REQUEST] GET https://www.reddit.com/comments/1ijlnvf.json?raw_json=1&limit=50
2026-05-05T22:51:07Z INFO    [RESPONSE] 200 729ms https://www.reddit.com/comments/1ijlnvf.json?raw_json=1&limit=50
2026-05-05T22:51:07Z INFO    [INFO] r/LoveAndDeepspace  1ijlnvf  +24 comment(s)
2026-05-05T22:51:09Z INFO    [REQUEST] GET https://www.reddit.com/comments/11615ie.json?raw_json=1&limit=50
2026-05-05T22:51:09Z INFO    [RESPONSE] 200 662ms https://www.reddit.com/comments/11615ie.json?raw_json=1&limit=50
2026-05-05T22:51:09Z INFO    [INFO] r/SquaredCircle  11615ie  +23 comment(s)
2026-05-05T22:51:11Z INFO    [REQUEST] GET https://www.reddit.com/comments/tvpdym.json?raw_json=1&limit=50
2026-05-05T22:51:11Z INFO    [RESPONSE] 200 649ms https://www.reddit.com/comments/tvpdym.json?raw_json=1&limit=50
2026-05-05T22:51:11Z INFO    [INFO] r/SquaredCircle  tvpdym  +20 comment(s)
2026-05-05T22:51:13Z INFO    [REQUEST] GET https://www.reddit.com/comments/hsko07.json?raw_json=1&limit=50
2026-05-05T22:51:13Z INFO    [RESPONSE] 200 466ms https://www.reddit.com/comments/hsko07.json?raw_json=1&limit=50
2026-05-05T22:51:13Z INFO    [INFO] r/SquaredCircle  hsko07  +9 comment(s)
2026-05-05T22:51:15Z INFO    [REQUEST] GET https://www.reddit.com/comments/10jtmew.json?raw_json=1&limit=50
2026-05-05T22:51:16Z INFO    [RESPONSE] 200 618ms https://www.reddit.com/comments/10jtmew.json?raw_json=1&limit=50
2026-05-05T22:51:16Z INFO    [INFO] r/SquaredCircle  10jtmew  +19 comment(s)
2026-05-05T22:51:17Z INFO    [REQUEST] GET https://www.reddit.com/comments/1s63b5n.json?raw_json=1&limit=50
2026-05-05T22:51:17Z INFO    [RESPONSE] 200 412ms https://www.reddit.com/comments/1s63b5n.json?raw_json=1&limit=50
2026-05-05T22:51:17Z INFO    [INFO] r/TheGreatOne  1s63b5n  +23 comment(s)
2026-05-05T22:51:19Z INFO    [REQUEST] GET https://www.reddit.com/comments/1f2n3m0.json?raw_json=1&limit=50
2026-05-05T22:51:19Z INFO    [RESPONSE] 200 468ms https://www.reddit.com/comments/1f2n3m0.json?raw_json=1&limit=50
2026-05-05T22:51:19Z INFO    [INFO] r/SquaredCircle  1f2n3m0  +14 comment(s)
2026-05-05T22:51:21Z INFO    [REQUEST] GET https://www.reddit.com/comments/1s1cdz6.json?raw_json=1&limit=50
2026-05-05T22:51:21Z INFO    [RESPONSE] 200 504ms https://www.reddit.com/comments/1s1cdz6.json?raw_json=1&limit=50
2026-05-05T22:51:21Z INFO    [INFO] r/LoveAndDeepspace  1s1cdz6  +33 comment(s)
2026-05-05T22:51:23Z INFO    [REQUEST] GET https://www.reddit.com/comments/1sqsehq.json?raw_json=1&limit=50
2026-05-05T22:51:23Z INFO    [RESPONSE] 200 448ms https://www.reddit.com/comments/1sqsehq.json?raw_json=1&limit=50
2026-05-05T22:51:23Z INFO    [INFO] r/entertainment  1sqsehq  +16 comment(s)
2026-05-05T22:51:25Z INFO    [REQUEST] GET https://www.reddit.com/comments/n9loh1.json?raw_json=1&limit=50
2026-05-05T22:51:26Z INFO    [RESPONSE] 200 690ms https://www.reddit.com/comments/n9loh1.json?raw_json=1&limit=50
2026-05-05T22:51:26Z INFO    [INFO] r/SquaredCircle  n9loh1  +17 comment(s)
2026-05-05T22:51:27Z INFO    [REQUEST] GET https://www.reddit.com/comments/1r4x2j0.json?raw_json=1&limit=50
2026-05-05T22:51:28Z INFO    [RESPONSE] 200 641ms https://www.reddit.com/comments/1r4x2j0.json?raw_json=1&limit=50
2026-05-05T22:51:28Z INFO    [INFO] r/Fauxmoi  1r4x2j0  +17 comment(s)
2026-05-05T22:51:29Z INFO    [REQUEST] GET https://www.reddit.com/comments/1ixf597.json?raw_json=1&limit=50
2026-05-05T22:51:30Z INFO    [RESPONSE] 200 673ms https://www.reddit.com/comments/1ixf597.json?raw_json=1&limit=50
2026-05-05T22:51:30Z INFO    [INFO] r/SquaredCircle  1ixf597  +13 comment(s)
2026-05-05T22:51:31Z INFO    [REQUEST] GET https://www.reddit.com/comments/1j1g0y7.json?raw_json=1&limit=50
2026-05-05T22:51:32Z INFO    [RESPONSE] 200 506ms https://www.reddit.com/comments/1j1g0y7.json?raw_json=1&limit=50
2026-05-05T22:51:32Z INFO    [INFO] r/SquaredCircle  1j1g0y7  +19 comment(s)
2026-05-05T22:51:33Z INFO    [REQUEST] GET https://www.reddit.com/comments/1o0nfkr.json?raw_json=1&limit=50
2026-05-05T22:51:34Z INFO    [RESPONSE] 200 598ms https://www.reddit.com/comments/1o0nfkr.json?raw_json=1&limit=50
2026-05-05T22:51:34Z INFO    [INFO] r/LoveAndDeepspace  1o0nfkr  +35 comment(s)
2026-05-05T22:51:35Z INFO    [REQUEST] GET https://www.reddit.com/comments/1o30j0a.json?raw_json=1&limit=50
2026-05-05T22:51:36Z INFO    [RESPONSE] 200 617ms https://www.reddit.com/comments/1o30j0a.json?raw_json=1&limit=50
2026-05-05T22:51:36Z INFO    [INFO] r/BlackPink  1o30j0a  +34 comment(s)
2026-05-05T22:51:38Z INFO    [REQUEST] GET https://www.reddit.com/comments/1kot44g.json?raw_json=1&limit=50
2026-05-05T22:51:38Z INFO    [RESPONSE] 200 654ms https://www.reddit.com/comments/1kot44g.json?raw_json=1&limit=50
2026-05-05T22:51:38Z INFO    [INFO] r/LoveAndDeepspace  1kot44g  +20 comment(s)
2026-05-05T22:51:40Z INFO    [REQUEST] GET https://www.reddit.com/comments/10qbkqu.json?raw_json=1&limit=50
2026-05-05T22:51:40Z INFO    [RESPONSE] 200 645ms https://www.reddit.com/comments/10qbkqu.json?raw_json=1&limit=50
2026-05-05T22:51:40Z INFO    [INFO] r/SquaredCircle  10qbkqu  +16 comment(s)
2026-05-05T22:51:42Z INFO    [REQUEST] GET https://www.reddit.com/comments/1s6i75x.json?raw_json=1&limit=50
2026-05-05T22:51:42Z INFO    [RESPONSE] 200 443ms https://www.reddit.com/comments/1s6i75x.json?raw_json=1&limit=50
2026-05-05T22:51:42Z INFO    [INFO] r/WWE  1s6i75x  +31 comment(s)
2026-05-05T22:51:44Z INFO    [REQUEST] GET https://www.reddit.com/comments/1mgm1dc.json?raw_json=1&limit=50
2026-05-05T22:51:44Z INFO    [RESPONSE] 200 563ms https://www.reddit.com/comments/1mgm1dc.json?raw_json=1&limit=50
2026-05-05T22:51:44Z INFO    [INFO] r/TheGreatOne  1mgm1dc  +22 comment(s)
2026-05-05T22:51:46Z INFO    [REQUEST] GET https://www.reddit.com/comments/1r2ejjg.json?raw_json=1&limit=50
2026-05-05T22:51:47Z INFO    [RESPONSE] 200 620ms https://www.reddit.com/comments/1r2ejjg.json?raw_json=1&limit=50
2026-05-05T22:51:47Z INFO    [INFO] r/LAinfluencersnark  1r2ejjg  +17 comment(s)
2026-05-05T22:51:48Z INFO    [REQUEST] GET https://www.reddit.com/comments/1kvwc48.json?raw_json=1&limit=50
2026-05-05T22:51:49Z INFO    [RESPONSE] 200 658ms https://www.reddit.com/comments/1kvwc48.json?raw_json=1&limit=50
2026-05-05T22:51:49Z INFO    [INFO] r/popculturechat  1kvwc48  +23 comment(s)
2026-05-05T22:51:50Z INFO    [REQUEST] GET https://www.reddit.com/comments/13tgyko.json?raw_json=1&limit=50
2026-05-05T22:51:51Z INFO    [RESPONSE] 200 603ms https://www.reddit.com/comments/13tgyko.json?raw_json=1&limit=50
2026-05-05T22:51:51Z INFO    [INFO] r/SquaredCircle  13tgyko  +19 comment(s)
2026-05-05T22:51:52Z INFO    [REQUEST] GET https://www.reddit.com/comments/1n6rp3w.json?raw_json=1&limit=50
2026-05-05T22:51:53Z INFO    [RESPONSE] 200 501ms https://www.reddit.com/comments/1n6rp3w.json?raw_json=1&limit=50
2026-05-05T22:51:53Z INFO    [INFO] r/LoveAndDeepspace  1n6rp3w  +35 comment(s)
2026-05-05T22:51:54Z INFO    [REQUEST] GET https://www.reddit.com/comments/1si6hum.json?raw_json=1&limit=50
2026-05-05T22:51:55Z INFO    [RESPONSE] 200 603ms https://www.reddit.com/comments/1si6hum.json?raw_json=1&limit=50
2026-05-05T22:51:55Z INFO    [INFO] r/WWE  1si6hum  +34 comment(s)
2026-05-05T22:51:56Z INFO    [REQUEST] GET https://www.reddit.com/comments/1pwkoj0.json?raw_json=1&limit=50
2026-05-05T22:51:57Z INFO    [RESPONSE] 200 731ms https://www.reddit.com/comments/1pwkoj0.json?raw_json=1&limit=50
2026-05-05T22:51:57Z INFO    [INFO] r/LoveAndDeepspace  1pwkoj0  +20 comment(s)
2026-05-05T22:51:59Z INFO    [REQUEST] GET https://www.reddit.com/comments/nadgnx.json?raw_json=1&limit=50
2026-05-05T22:51:59Z INFO    [RESPONSE] 200 638ms https://www.reddit.com/comments/nadgnx.json?raw_json=1&limit=50
2026-05-05T22:51:59Z INFO    [INFO] r/SquaredCircle  nadgnx  +18 comment(s)
2026-05-05T22:52:01Z INFO    [REQUEST] GET https://www.reddit.com/comments/ynrbmz.json?raw_json=1&limit=50
2026-05-05T22:52:01Z INFO    [RESPONSE] 200 648ms https://www.reddit.com/comments/ynrbmz.json?raw_json=1&limit=50
2026-05-05T22:52:01Z INFO    [INFO] r/SquaredCircle  ynrbmz  +9 comment(s)
2026-05-05T22:52:03Z INFO    [REQUEST] GET https://www.reddit.com/comments/1crxxkl.json?raw_json=1&limit=50
2026-05-05T22:52:04Z INFO    [RESPONSE] 200 704ms https://www.reddit.com/comments/1crxxkl.json?raw_json=1&limit=50
2026-05-05T22:52:04Z INFO    [INFO] r/popculturechat  1crxxkl  +10 comment(s)
2026-05-05T22:52:05Z INFO    [REQUEST] GET https://www.reddit.com/comments/1pip21o.json?raw_json=1&limit=50
2026-05-05T22:52:06Z INFO    [RESPONSE] 200 681ms https://www.reddit.com/comments/1pip21o.json?raw_json=1&limit=50
2026-05-05T22:52:06Z INFO    [INFO] r/LoveAndDeepspace  1pip21o  +19 comment(s)
2026-05-05T22:52:07Z INFO    [REQUEST] GET https://www.reddit.com/comments/1g669fl.json?raw_json=1&limit=50
2026-05-05T22:52:08Z INFO    [RESPONSE] 200 768ms https://www.reddit.com/comments/1g669fl.json?raw_json=1&limit=50
2026-05-05T22:52:08Z INFO    [INFO] r/popculturechat  1g669fl  +16 comment(s)
2026-05-05T22:52:10Z INFO    [REQUEST] GET https://www.reddit.com/comments/1idgnmn.json?raw_json=1&limit=50
2026-05-05T22:52:10Z INFO    [RESPONSE] 200 502ms https://www.reddit.com/comments/1idgnmn.json?raw_json=1&limit=50
2026-05-05T22:52:10Z INFO    [INFO] r/OneDirection  1idgnmn  +31 comment(s)
2026-05-05T22:52:12Z INFO    [REQUEST] GET https://www.reddit.com/comments/1iew42r.json?raw_json=1&limit=50
2026-05-05T22:52:12Z INFO    [RESPONSE] 200 760ms https://www.reddit.com/comments/1iew42r.json?raw_json=1&limit=50
2026-05-05T22:52:12Z INFO    [INFO] r/LoveAndDeepspace  1iew42r  +24 comment(s)
2026-05-05T22:52:14Z INFO    [REQUEST] GET https://www.reddit.com/comments/cgu1d3.json?raw_json=1&limit=50
2026-05-05T22:52:15Z INFO    [RESPONSE] 200 676ms https://www.reddit.com/comments/cgu1d3.json?raw_json=1&limit=50
2026-05-05T22:52:15Z INFO    [INFO] r/SquaredCircle  cgu1d3  +10 comment(s)
2026-05-05T22:52:16Z INFO    [REQUEST] GET https://www.reddit.com/comments/1qvrirg.json?raw_json=1&limit=50
2026-05-05T22:52:17Z INFO    [RESPONSE] 200 1210ms https://www.reddit.com/comments/1qvrirg.json?raw_json=1&limit=50
2026-05-05T22:52:17Z INFO    [INFO] r/popculturechat  1qvrirg  +28 comment(s)
2026-05-05T22:52:19Z INFO    [REQUEST] GET https://www.reddit.com/comments/1g7drf8.json?raw_json=1&limit=50
2026-05-05T22:52:20Z INFO    [RESPONSE] 200 801ms https://www.reddit.com/comments/1g7drf8.json?raw_json=1&limit=50
2026-05-05T22:52:20Z INFO    [INFO] r/popheads  1g7drf8  +26 comment(s)
2026-05-05T22:52:21Z INFO    [REQUEST] GET https://www.reddit.com/comments/gunb9m.json?raw_json=1&limit=50
2026-05-05T22:52:22Z INFO    [RESPONSE] 200 757ms https://www.reddit.com/comments/gunb9m.json?raw_json=1&limit=50
2026-05-05T22:52:22Z INFO    [INFO] r/SquaredCircle  gunb9m  +10 comment(s)
2026-05-05T22:52:23Z INFO    [REQUEST] GET https://www.reddit.com/comments/1dkf37k.json?raw_json=1&limit=50
2026-05-05T22:52:24Z INFO    [RESPONSE] 200 626ms https://www.reddit.com/comments/1dkf37k.json?raw_json=1&limit=50
2026-05-05T22:52:24Z INFO    [INFO] r/SquaredCircle  1dkf37k  +14 comment(s)
2026-05-05T22:52:25Z INFO    [REQUEST] GET https://www.reddit.com/comments/12997w2.json?raw_json=1&limit=50
2026-05-05T22:52:26Z INFO    [RESPONSE] 200 673ms https://www.reddit.com/comments/12997w2.json?raw_json=1&limit=50
2026-05-05T22:52:26Z INFO    [INFO] r/SquaredCircle  12997w2  +18 comment(s)
2026-05-05T22:52:28Z INFO    [REQUEST] GET https://www.reddit.com/comments/1ptqi55.json?raw_json=1&limit=50
2026-05-05T22:52:28Z INFO    [RESPONSE] 200 500ms https://www.reddit.com/comments/1ptqi55.json?raw_json=1&limit=50
2026-05-05T22:52:28Z INFO    [INFO] r/drawing  1ptqi55  +39 comment(s)
2026-05-05T22:52:30Z INFO    [REQUEST] GET https://www.reddit.com/comments/1or7jbo.json?raw_json=1&limit=50
2026-05-05T22:52:30Z INFO    [RESPONSE] 200 780ms https://www.reddit.com/comments/1or7jbo.json?raw_json=1&limit=50
2026-05-05T22:52:30Z INFO    [INFO] r/LoveAndDeepspace  1or7jbo  +31 comment(s)
2026-05-05T22:52:32Z INFO    [REQUEST] GET https://www.reddit.com/comments/1kp7c3z.json?raw_json=1&limit=50
2026-05-05T22:52:33Z INFO    [RESPONSE] 200 633ms https://www.reddit.com/comments/1kp7c3z.json?raw_json=1&limit=50
2026-05-05T22:52:33Z INFO    [INFO] r/LoveAndDeepspace  1kp7c3z  +26 comment(s)
2026-05-05T22:52:34Z INFO    [REQUEST] GET https://www.reddit.com/comments/10r12kc.json?raw_json=1&limit=50
2026-05-05T22:52:35Z INFO    [RESPONSE] 200 708ms https://www.reddit.com/comments/10r12kc.json?raw_json=1&limit=50
2026-05-05T22:52:35Z INFO    [INFO] r/SquaredCircle  10r12kc  +14 comment(s)
2026-05-05T22:52:36Z INFO    [REQUEST] GET https://www.reddit.com/comments/1nnczhu.json?raw_json=1&limit=50
2026-05-05T22:52:37Z INFO    [RESPONSE] 200 638ms https://www.reddit.com/comments/1nnczhu.json?raw_json=1&limit=50
2026-05-05T22:52:37Z INFO    [INFO] r/LoveAndDeepspace  1nnczhu  +29 comment(s)
2026-05-05T22:52:38Z INFO    [REQUEST] GET https://www.reddit.com/comments/1kz0utr.json?raw_json=1&limit=50
2026-05-05T22:52:39Z INFO    [RESPONSE] 200 703ms https://www.reddit.com/comments/1kz0utr.json?raw_json=1&limit=50
2026-05-05T22:52:39Z INFO    [INFO] r/LoveAndDeepspace  1kz0utr  +18 comment(s)
2026-05-05T22:52:41Z INFO    [REQUEST] GET https://www.reddit.com/comments/1j25wpr.json?raw_json=1&limit=50
2026-05-05T22:52:41Z INFO    [RESPONSE] 200 780ms https://www.reddit.com/comments/1j25wpr.json?raw_json=1&limit=50
2026-05-05T22:52:41Z INFO    [INFO] r/LoveAndDeepspace  1j25wpr  +22 comment(s)
2026-05-05T22:52:43Z INFO    [REQUEST] GET https://www.reddit.com/comments/1noe6d7.json?raw_json=1&limit=50
2026-05-05T22:52:44Z INFO    [RESPONSE] 200 719ms https://www.reddit.com/comments/1noe6d7.json?raw_json=1&limit=50
2026-05-05T22:52:44Z INFO    [INFO] r/LoveAndDeepspace  1noe6d7  +15 comment(s)
2026-05-05T22:52:45Z INFO    [REQUEST] GET https://www.reddit.com/comments/1i92elm.json?raw_json=1&limit=50
2026-05-05T22:52:46Z INFO    [RESPONSE] 200 744ms https://www.reddit.com/comments/1i92elm.json?raw_json=1&limit=50
2026-05-05T22:52:46Z INFO    [INFO] r/LoveAndDeepspace  1i92elm  +27 comment(s)
2026-05-05T22:52:47Z INFO    [REQUEST] GET https://www.reddit.com/comments/1aj63iv.json?raw_json=1&limit=50
2026-05-05T22:52:48Z INFO    [RESPONSE] 200 620ms https://www.reddit.com/comments/1aj63iv.json?raw_json=1&limit=50
2026-05-05T22:52:48Z INFO    [INFO] r/SquaredCircle  1aj63iv  +21 comment(s)
2026-05-05T22:52:49Z INFO    [REQUEST] GET https://www.reddit.com/comments/1nswjkj.json?raw_json=1&limit=50
2026-05-05T22:52:50Z INFO    [RESPONSE] 200 703ms https://www.reddit.com/comments/1nswjkj.json?raw_json=1&limit=50
2026-05-05T22:52:50Z INFO    [INFO] r/LoveAndDeepspace  1nswjkj  +30 comment(s)
2026-05-05T22:52:52Z INFO    [REQUEST] GET https://www.reddit.com/comments/1g61i4w.json?raw_json=1&limit=50
2026-05-05T22:52:52Z INFO    [RESPONSE] 200 664ms https://www.reddit.com/comments/1g61i4w.json?raw_json=1&limit=50
2026-05-05T22:52:52Z INFO    [INFO] r/Fauxmoi  1g61i4w  +28 comment(s)
2026-05-05T22:52:54Z INFO    [REQUEST] GET https://www.reddit.com/comments/1nbeqg3.json?raw_json=1&limit=50
2026-05-05T22:52:54Z INFO    [RESPONSE] 200 529ms https://www.reddit.com/comments/1nbeqg3.json?raw_json=1&limit=50
2026-05-05T22:52:54Z INFO    [INFO] r/popculturechat  1nbeqg3  +31 comment(s)
2026-05-05T22:52:56Z INFO    [REQUEST] GET https://www.reddit.com/comments/1ohzgtv.json?raw_json=1&limit=50
2026-05-05T22:52:57Z INFO    [RESPONSE] 200 726ms https://www.reddit.com/comments/1ohzgtv.json?raw_json=1&limit=50
2026-05-05T22:52:57Z INFO    [INFO] r/LoveAndDeepspace  1ohzgtv  +18 comment(s)
2026-05-05T22:52:58Z INFO    [REQUEST] GET https://www.reddit.com/comments/1q9u63c.json?raw_json=1&limit=50
2026-05-05T22:52:59Z INFO    [RESPONSE] 200 569ms https://www.reddit.com/comments/1q9u63c.json?raw_json=1&limit=50
2026-05-05T22:52:59Z INFO    [INFO] r/SantiZapVideos  1q9u63c  +38 comment(s)
2026-05-05T22:53:00Z INFO    [REQUEST] GET https://www.reddit.com/comments/1t0n73z.json?raw_json=1&limit=50
2026-05-05T22:53:01Z INFO    [RESPONSE] 200 442ms https://www.reddit.com/comments/1t0n73z.json?raw_json=1&limit=50
2026-05-05T22:53:01Z INFO    [INFO] r/LoveAndDeepspace  1t0n73z  +20 comment(s)
2026-05-05T22:53:02Z INFO    [REQUEST] GET https://www.reddit.com/comments/1k6bnty.json?raw_json=1&limit=50
2026-05-05T22:53:03Z INFO    [RESPONSE] 200 464ms https://www.reddit.com/comments/1k6bnty.json?raw_json=1&limit=50
2026-05-05T22:53:03Z INFO    [INFO] r/WWE  1k6bnty  +30 comment(s)
2026-05-05T22:53:04Z INFO    [REQUEST] GET https://www.reddit.com/comments/1muqhzp.json?raw_json=1&limit=50
2026-05-05T22:53:05Z INFO    [RESPONSE] 200 608ms https://www.reddit.com/comments/1muqhzp.json?raw_json=1&limit=50
2026-05-05T22:53:05Z INFO    [INFO] r/popculturechat  1muqhzp  +16 comment(s)
2026-05-05T22:53:06Z INFO    [REQUEST] GET https://www.reddit.com/comments/1g63do7.json?raw_json=1&limit=50
2026-05-05T22:53:07Z INFO    [RESPONSE] 200 742ms https://www.reddit.com/comments/1g63do7.json?raw_json=1&limit=50
2026-05-05T22:53:07Z INFO    [INFO] r/ChikaPH  1g63do7  +25 comment(s)
2026-05-05T22:53:08Z INFO    [REQUEST] GET https://www.reddit.com/comments/1jbagqh.json?raw_json=1&limit=50
2026-05-05T22:53:09Z INFO    [RESPONSE] 200 744ms https://www.reddit.com/comments/1jbagqh.json?raw_json=1&limit=50
2026-05-05T22:53:09Z INFO    [INFO] r/LoveAndDeepspace  1jbagqh  +25 comment(s)
2026-05-05T22:53:11Z INFO    [REQUEST] GET https://www.reddit.com/comments/8svx16.json?raw_json=1&limit=50
2026-05-05T22:53:11Z INFO    [RESPONSE] 200 652ms https://www.reddit.com/comments/8svx16.json?raw_json=1&limit=50
2026-05-05T22:53:11Z INFO    [INFO] r/SquaredCircle  8svx16  +13 comment(s)
2026-05-05T22:53:13Z INFO    [REQUEST] GET https://www.reddit.com/comments/1rxmord.json?raw_json=1&limit=50
2026-05-05T22:53:14Z INFO    [RESPONSE] 200 700ms https://www.reddit.com/comments/1rxmord.json?raw_json=1&limit=50
2026-05-05T22:53:14Z INFO    [INFO] r/LoveAndDeepspace  1rxmord  +20 comment(s)
2026-05-05T22:53:15Z INFO    [REQUEST] GET https://www.reddit.com/comments/1sq8d3d.json?raw_json=1&limit=50
2026-05-05T22:53:16Z INFO    [RESPONSE] 200 506ms https://www.reddit.com/comments/1sq8d3d.json?raw_json=1&limit=50
2026-05-05T22:53:16Z INFO    [INFO] r/SquaredCircle  1sq8d3d  +18 comment(s)
2026-05-05T22:53:17Z INFO    [REQUEST] GET https://www.reddit.com/comments/1s80rkh.json?raw_json=1&limit=50
2026-05-05T22:53:18Z INFO    [RESPONSE] 200 539ms https://www.reddit.com/comments/1s80rkh.json?raw_json=1&limit=50
2026-05-05T22:53:18Z INFO    [INFO] r/TheGreatOne  1s80rkh  +47 comment(s)
2026-05-05T22:53:19Z INFO    [REQUEST] GET https://www.reddit.com/comments/1nzvajt.json?raw_json=1&limit=50
2026-05-05T22:53:20Z INFO    [RESPONSE] 200 465ms https://www.reddit.com/comments/1nzvajt.json?raw_json=1&limit=50
2026-05-05T22:53:20Z INFO    [INFO] r/kpop  1nzvajt  +23 comment(s)
2026-05-05T22:53:21Z INFO    [REQUEST] GET https://www.reddit.com/comments/1qsf4no.json?raw_json=1&limit=50
2026-05-05T22:53:22Z INFO    [RESPONSE] 200 553ms https://www.reddit.com/comments/1qsf4no.json?raw_json=1&limit=50
2026-05-05T22:53:22Z INFO    [INFO] r/SquaredCircle  1qsf4no  +23 comment(s)
2026-05-05T22:53:23Z INFO    [REQUEST] GET https://www.reddit.com/comments/1174yue.json?raw_json=1&limit=50
2026-05-05T22:53:24Z INFO    [RESPONSE] 200 712ms https://www.reddit.com/comments/1174yue.json?raw_json=1&limit=50
2026-05-05T22:53:24Z INFO    [INFO] r/SquaredCircle  1174yue  +16 comment(s)
2026-05-05T22:53:25Z INFO    [REQUEST] GET https://www.reddit.com/comments/1jocfek.json?raw_json=1&limit=50
2026-05-05T22:53:26Z INFO    [RESPONSE] 200 707ms https://www.reddit.com/comments/1jocfek.json?raw_json=1&limit=50
2026-05-05T22:53:26Z INFO    [INFO] r/popculturechat  1jocfek  +19 comment(s)
2026-05-05T22:53:28Z INFO    [REQUEST] GET https://www.reddit.com/comments/1n58enz.json?raw_json=1&limit=50
2026-05-05T22:53:28Z INFO    [RESPONSE] 200 581ms https://www.reddit.com/comments/1n58enz.json?raw_json=1&limit=50
2026-05-05T22:53:28Z INFO    [INFO] r/WWE  1n58enz  +37 comment(s)
2026-05-05T22:53:30Z INFO    [REQUEST] GET https://www.reddit.com/comments/1r32c9a.json?raw_json=1&limit=50
2026-05-05T22:53:30Z INFO    [RESPONSE] 200 690ms https://www.reddit.com/comments/1r32c9a.json?raw_json=1&limit=50
2026-05-05T22:53:30Z INFO    [INFO] r/LoveAndDeepspace_  1r32c9a  +38 comment(s)
2026-05-05T22:53:32Z INFO    [REQUEST] GET https://www.reddit.com/comments/1o1g6cp.json?raw_json=1&limit=50
2026-05-05T22:53:32Z INFO    [RESPONSE] 200 586ms https://www.reddit.com/comments/1o1g6cp.json?raw_json=1&limit=50
2026-05-05T22:53:32Z INFO    [INFO] r/Fauxmoi  1o1g6cp  +17 comment(s)
2026-05-05T22:53:34Z INFO    [REQUEST] GET https://www.reddit.com/comments/1f0kt85.json?raw_json=1&limit=50
2026-05-05T22:53:35Z INFO    [RESPONSE] 200 719ms https://www.reddit.com/comments/1f0kt85.json?raw_json=1&limit=50
2026-05-05T22:53:35Z INFO    [INFO] r/LoveAndDeepspace  1f0kt85  +30 comment(s)
2026-05-05T22:53:36Z INFO    [REQUEST] GET https://www.reddit.com/comments/1sq8e3k.json?raw_json=1&limit=50
2026-05-05T22:53:36Z INFO    [RETRY] 1/3 wait=1.0s HTTP 429
2026-05-05T22:53:38Z INFO    [REQUEST] GET https://www.reddit.com/comments/1sq8e3k.json?raw_json=1&limit=50
2026-05-05T22:53:38Z INFO    [RETRY] 2/3 wait=2.0s HTTP 429
2026-05-05T22:53:40Z INFO    [REQUEST] GET https://www.reddit.com/comments/1sq8e3k.json?raw_json=1&limit=50
2026-05-05T22:53:40Z INFO    [ERROR] GET https://www.reddit.com/comments/1sq8e3k.json?raw_json=1&limit=50 → HTTP 429 after 3 attempts; giving up
2026-05-05T22:53:42Z INFO    [REQUEST] GET https://www.reddit.com/comments/1olncez.json?raw_json=1&limit=50
2026-05-05T22:53:42Z INFO    [RETRY] 1/3 wait=1.0s HTTP 429
2026-05-05T22:53:43Z INFO    [REQUEST] GET https://www.reddit.com/comments/1olncez.json?raw_json=1&limit=50
2026-05-05T22:53:43Z INFO    [RETRY] 2/3 wait=2.0s HTTP 429
2026-05-05T22:53:45Z INFO    [REQUEST] GET https://www.reddit.com/comments/1olncez.json?raw_json=1&limit=50
2026-05-05T22:53:46Z INFO    [ERROR] GET https://www.reddit.com/comments/1olncez.json?raw_json=1&limit=50 → HTTP 429 after 3 attempts; giving up
2026-05-05T22:53:47Z INFO    [REQUEST] GET https://www.reddit.com/comments/1s6mk8p.json?raw_json=1&limit=50
2026-05-05T22:53:47Z INFO    [RETRY] 1/3 wait=1.0s HTTP 429
2026-05-05T22:53:49Z INFO    [REQUEST] GET https://www.reddit.com/comments/1s6mk8p.json?raw_json=1&limit=50
2026-05-05T22:53:49Z INFO    [RETRY] 2/3 wait=2.0s HTTP 429
2026-05-05T22:53:51Z INFO    [REQUEST] GET https://www.reddit.com/comments/1s6mk8p.json?raw_json=1&limit=50
2026-05-05T22:53:51Z INFO    [ERROR] GET https://www.reddit.com/comments/1s6mk8p.json?raw_json=1&limit=50 → HTTP 429 after 3 attempts; giving up
2026-05-05T22:53:53Z INFO    [REQUEST] GET https://www.reddit.com/comments/xcfamg.json?raw_json=1&limit=50
2026-05-05T22:53:53Z INFO    [RETRY] 1/3 wait=1.0s HTTP 429
2026-05-05T22:53:54Z INFO    [REQUEST] GET https://www.reddit.com/comments/xcfamg.json?raw_json=1&limit=50
2026-05-05T22:53:54Z INFO    [RETRY] 2/3 wait=2.0s HTTP 429
2026-05-05T22:53:56Z INFO    [REQUEST] GET https://www.reddit.com/comments/xcfamg.json?raw_json=1&limit=50
2026-05-05T22:53:57Z INFO    [ERROR] GET https://www.reddit.com/comments/xcfamg.json?raw_json=1&limit=50 → HTTP 429 after 3 attempts; giving up
2026-05-05T22:53:58Z INFO    [REQUEST] GET https://www.reddit.com/comments/1q99f94.json?raw_json=1&limit=50
2026-05-05T22:53:58Z INFO    [RETRY] 1/3 wait=1.0s HTTP 429
2026-05-05T22:54:00Z INFO    [REQUEST] GET https://www.reddit.com/comments/1q99f94.json?raw_json=1&limit=50
2026-05-05T22:54:00Z INFO    [RETRY] 2/3 wait=2.0s HTTP 429
2026-05-05T22:54:02Z INFO    [REQUEST] GET https://www.reddit.com/comments/1q99f94.json?raw_json=1&limit=50
2026-05-05T22:54:02Z INFO    [ERROR] GET https://www.reddit.com/comments/1q99f94.json?raw_json=1&limit=50 → HTTP 429 after 3 attempts; giving up
2026-05-05T22:54:03Z INFO    [REQUEST] GET https://www.reddit.com/comments/1igf3xf.json?raw_json=1&limit=50
2026-05-05T22:54:04Z INFO    [RETRY] 1/3 wait=1.0s HTTP 429
2026-05-05T22:54:05Z INFO    [REQUEST] GET https://www.reddit.com/comments/1igf3xf.json?raw_json=1&limit=50
2026-05-05T22:54:05Z INFO    [RETRY] 2/3 wait=2.0s HTTP 429
2026-05-05T22:54:07Z INFO    [REQUEST] GET https://www.reddit.com/comments/1igf3xf.json?raw_json=1&limit=50
2026-05-05T22:54:07Z INFO    [ERROR] GET https://www.reddit.com/comments/1igf3xf.json?raw_json=1&limit=50 → HTTP 429 after 3 attempts; giving up
2026-05-05T22:54:09Z INFO    [REQUEST] GET https://www.reddit.com/comments/btumql.json?raw_json=1&limit=50
2026-05-05T22:54:09Z INFO    [RETRY] 1/3 wait=1.0s HTTP 429
2026-05-05T22:54:11Z INFO    [REQUEST] GET https://www.reddit.com/comments/btumql.json?raw_json=1&limit=50
2026-05-05T22:54:11Z INFO    [RETRY] 2/3 wait=2.0s HTTP 429
2026-05-05T22:54:13Z INFO    [REQUEST] GET https://www.reddit.com/comments/btumql.json?raw_json=1&limit=50
2026-05-05T22:54:13Z INFO    [ERROR] GET https://www.reddit.com/comments/btumql.json?raw_json=1&limit=50 → HTTP 429 after 3 attempts; giving up
2026-05-05T22:54:14Z INFO    [REQUEST] GET https://www.reddit.com/comments/10ph7af.json?raw_json=1&limit=50
2026-05-05T22:54:15Z INFO    [RETRY] 1/3 wait=1.0s HTTP 429
2026-05-05T22:54:16Z INFO    [REQUEST] GET https://www.reddit.com/comments/10ph7af.json?raw_json=1&limit=50
2026-05-05T22:54:16Z INFO    [RETRY] 2/3 wait=2.0s HTTP 429
2026-05-05T22:54:18Z INFO    [REQUEST] GET https://www.reddit.com/comments/10ph7af.json?raw_json=1&limit=50
2026-05-05T22:54:18Z INFO    [ERROR] GET https://www.reddit.com/comments/10ph7af.json?raw_json=1&limit=50 → HTTP 429 after 3 attempts; giving up
2026-05-05T22:54:20Z INFO    [REQUEST] GET https://www.reddit.com/comments/1mg4d8x.json?raw_json=1&limit=50
2026-05-05T22:54:20Z INFO    [RETRY] 1/3 wait=1.0s HTTP 429
2026-05-05T22:54:22Z INFO    [REQUEST] GET https://www.reddit.com/comments/1mg4d8x.json?raw_json=1&limit=50
2026-05-05T22:54:22Z INFO    [RETRY] 2/3 wait=2.0s HTTP 429
2026-05-05T22:54:24Z INFO    [REQUEST] GET https://www.reddit.com/comments/1mg4d8x.json?raw_json=1&limit=50
2026-05-05T22:54:24Z INFO    [ERROR] GET https://www.reddit.com/comments/1mg4d8x.json?raw_json=1&limit=50 → HTTP 429 after 3 attempts; giving up
2026-05-05T22:54:25Z INFO    [REQUEST] GET https://www.reddit.com/comments/ffnbei.json?raw_json=1&limit=50
2026-05-05T22:54:26Z INFO    [RETRY] 1/3 wait=1.0s HTTP 429
2026-05-05T22:54:27Z INFO    [REQUEST] GET https://www.reddit.com/comments/ffnbei.json?raw_json=1&limit=50
2026-05-05T22:54:27Z INFO    [RETRY] 2/3 wait=2.0s HTTP 429
2026-05-05T22:54:29Z INFO    [REQUEST] GET https://www.reddit.com/comments/ffnbei.json?raw_json=1&limit=50
2026-05-05T22:54:29Z INFO    [ERROR] GET https://www.reddit.com/comments/ffnbei.json?raw_json=1&limit=50 → HTTP 429 after 3 attempts; giving up
2026-05-05T22:54:31Z INFO    [REQUEST] GET https://www.reddit.com/comments/1okcv3p.json?raw_json=1&limit=50
2026-05-05T22:54:31Z INFO    [RETRY] 1/3 wait=1.0s HTTP 429
2026-05-05T22:54:33Z INFO    [REQUEST] GET https://www.reddit.com/comments/1okcv3p.json?raw_json=1&limit=50
2026-05-05T22:54:33Z INFO    [RETRY] 2/3 wait=2.0s HTTP 429
2026-05-05T22:54:35Z INFO    [REQUEST] GET https://www.reddit.com/comments/1okcv3p.json?raw_json=1&limit=50
2026-05-05T22:54:35Z INFO    [ERROR] GET https://www.reddit.com/comments/1okcv3p.json?raw_json=1&limit=50 → HTTP 429 after 3 attempts; giving up
2026-05-05T22:54:36Z INFO    [REQUEST] GET https://www.reddit.com/comments/1qo32u6.json?raw_json=1&limit=50
2026-05-05T22:54:37Z INFO    [RETRY] 1/3 wait=1.0s HTTP 429
2026-05-05T22:54:38Z INFO    [REQUEST] GET https://www.reddit.com/comments/1qo32u6.json?raw_json=1&limit=50
2026-05-05T22:54:38Z INFO    [RETRY] 2/3 wait=2.0s HTTP 429
2026-05-05T22:54:40Z INFO    [REQUEST] GET https://www.reddit.com/comments/1qo32u6.json?raw_json=1&limit=50
2026-05-05T22:54:40Z INFO    [ERROR] GET https://www.reddit.com/comments/1qo32u6.json?raw_json=1&limit=50 → HTTP 429 after 3 attempts; giving up
2026-05-05T22:54:42Z INFO    [REQUEST] GET https://www.reddit.com/comments/1gei3am.json?raw_json=1&limit=50
2026-05-05T22:54:42Z INFO    [RETRY] 1/3 wait=1.0s HTTP 429
2026-05-05T22:54:44Z INFO    [REQUEST] GET https://www.reddit.com/comments/1gei3am.json?raw_json=1&limit=50
2026-05-05T22:54:44Z INFO    [RETRY] 2/3 wait=2.0s HTTP 429
2026-05-05T22:54:46Z INFO    [REQUEST] GET https://www.reddit.com/comments/1gei3am.json?raw_json=1&limit=50
2026-05-05T22:54:46Z INFO    [ERROR] GET https://www.reddit.com/comments/1gei3am.json?raw_json=1&limit=50 → HTTP 429 after 3 attempts; giving up
2026-05-05T22:54:47Z INFO    [REQUEST] GET https://www.reddit.com/comments/1i0wbd6.json?raw_json=1&limit=50
2026-05-05T22:54:48Z INFO    [RETRY] 1/3 wait=1.0s HTTP 429
2026-05-05T22:54:49Z INFO    [REQUEST] GET https://www.reddit.com/comments/1i0wbd6.json?raw_json=1&limit=50
2026-05-05T22:54:49Z INFO    [RETRY] 2/3 wait=2.0s HTTP 429
2026-05-05T22:54:51Z INFO    [REQUEST] GET https://www.reddit.com/comments/1i0wbd6.json?raw_json=1&limit=50
2026-05-05T22:54:51Z INFO    [ERROR] GET https://www.reddit.com/comments/1i0wbd6.json?raw_json=1&limit=50 → HTTP 429 after 3 attempts; giving up
2026-05-05T22:54:53Z INFO    [REQUEST] GET https://www.reddit.com/comments/1feyanm.json?raw_json=1&limit=50
2026-05-05T22:54:53Z INFO    [RETRY] 1/3 wait=1.0s HTTP 429
2026-05-05T22:54:55Z INFO    [REQUEST] GET https://www.reddit.com/comments/1feyanm.json?raw_json=1&limit=50
2026-05-05T22:54:55Z INFO    [RETRY] 2/3 wait=2.0s HTTP 429
2026-05-05T22:54:57Z INFO    [REQUEST] GET https://www.reddit.com/comments/1feyanm.json?raw_json=1&limit=50
2026-05-05T22:54:57Z INFO    [ERROR] GET https://www.reddit.com/comments/1feyanm.json?raw_json=1&limit=50 → HTTP 429 after 3 attempts; giving up
2026-05-05T22:54:58Z INFO    [REQUEST] GET https://www.reddit.com/comments/1pik80d.json?raw_json=1&limit=50
2026-05-05T22:54:59Z INFO    [RETRY] 1/3 wait=1.0s HTTP 429
2026-05-05T22:55:00Z INFO    [REQUEST] GET https://www.reddit.com/comments/1pik80d.json?raw_json=1&limit=50
2026-05-05T22:55:00Z INFO    [RETRY] 2/3 wait=2.0s HTTP 429
2026-05-05T22:55:02Z INFO    [REQUEST] GET https://www.reddit.com/comments/1pik80d.json?raw_json=1&limit=50
2026-05-05T22:55:02Z INFO    [ERROR] GET https://www.reddit.com/comments/1pik80d.json?raw_json=1&limit=50 → HTTP 429 after 3 attempts; giving up
2026-05-05T22:55:04Z INFO    [REQUEST] GET https://www.reddit.com/comments/15sv2dn.json?raw_json=1&limit=50
2026-05-05T22:55:04Z INFO    [RETRY] 1/3 wait=1.0s HTTP 429
2026-05-05T22:55:06Z INFO    [REQUEST] GET https://www.reddit.com/comments/15sv2dn.json?raw_json=1&limit=50
2026-05-05T22:55:06Z INFO    [RETRY] 2/3 wait=2.0s HTTP 429
2026-05-05T22:55:08Z INFO    [REQUEST] GET https://www.reddit.com/comments/15sv2dn.json?raw_json=1&limit=50
2026-05-05T22:55:08Z INFO    [ERROR] GET https://www.reddit.com/comments/15sv2dn.json?raw_json=1&limit=50 → HTTP 429 after 3 attempts; giving up
2026-05-05T22:55:09Z INFO    [REQUEST] GET https://www.reddit.com/comments/10mmnlf.json?raw_json=1&limit=50
2026-05-05T22:55:10Z INFO    [RETRY] 1/3 wait=1.0s HTTP 429
2026-05-05T22:55:11Z INFO    [REQUEST] GET https://www.reddit.com/comments/10mmnlf.json?raw_json=1&limit=50
2026-05-05T22:55:11Z INFO    [RETRY] 2/3 wait=2.0s HTTP 429
2026-05-05T22:55:13Z INFO    [REQUEST] GET https://www.reddit.com/comments/10mmnlf.json?raw_json=1&limit=50
2026-05-05T22:55:13Z INFO    [ERROR] GET https://www.reddit.com/comments/10mmnlf.json?raw_json=1&limit=50 → HTTP 429 after 3 attempts; giving up
2026-05-05T22:55:15Z INFO    [REQUEST] GET https://www.reddit.com/comments/1sbvmhu.json?raw_json=1&limit=50
2026-05-05T22:55:15Z INFO    [RETRY] 1/3 wait=1.0s HTTP 429
2026-05-05T22:55:17Z INFO    [REQUEST] GET https://www.reddit.com/comments/1sbvmhu.json?raw_json=1&limit=50
2026-05-05T22:55:17Z INFO    [RETRY] 2/3 wait=2.0s HTTP 429
2026-05-05T22:55:19Z INFO    [REQUEST] GET https://www.reddit.com/comments/1sbvmhu.json?raw_json=1&limit=50
2026-05-05T22:55:19Z INFO    [ERROR] GET https://www.reddit.com/comments/1sbvmhu.json?raw_json=1&limit=50 → HTTP 429 after 3 attempts; giving up
2026-05-05T22:55:20Z INFO    [REQUEST] GET https://www.reddit.com/comments/1rfezu1.json?raw_json=1&limit=50
2026-05-05T22:55:21Z INFO    [RETRY] 1/3 wait=1.0s HTTP 429
2026-05-05T22:55:22Z INFO    [REQUEST] GET https://www.reddit.com/comments/1rfezu1.json?raw_json=1&limit=50
2026-05-05T22:55:22Z INFO    [RETRY] 2/3 wait=2.0s HTTP 429
2026-05-05T22:55:24Z INFO    [REQUEST] GET https://www.reddit.com/comments/1rfezu1.json?raw_json=1&limit=50
2026-05-05T22:55:24Z INFO    [ERROR] GET https://www.reddit.com/comments/1rfezu1.json?raw_json=1&limit=50 → HTTP 429 after 3 attempts; giving up
2026-05-05T22:55:26Z INFO    [REQUEST] GET https://www.reddit.com/comments/1gvq62v.json?raw_json=1&limit=50
2026-05-05T22:55:26Z INFO    [RETRY] 1/3 wait=1.0s HTTP 429
2026-05-05T22:55:28Z INFO    [REQUEST] GET https://www.reddit.com/comments/1gvq62v.json?raw_json=1&limit=50
2026-05-05T22:55:28Z INFO    [RETRY] 2/3 wait=2.0s HTTP 429
2026-05-05T22:55:30Z INFO    [REQUEST] GET https://www.reddit.com/comments/1gvq62v.json?raw_json=1&limit=50
2026-05-05T22:55:30Z INFO    [ERROR] GET https://www.reddit.com/comments/1gvq62v.json?raw_json=1&limit=50 → HTTP 429 after 3 attempts; giving up
2026-05-05T22:55:31Z INFO    [REQUEST] GET https://www.reddit.com/comments/1msye5h.json?raw_json=1&limit=50
2026-05-05T22:55:32Z INFO    [RETRY] 1/3 wait=1.0s HTTP 429
2026-05-05T22:55:33Z INFO    [REQUEST] GET https://www.reddit.com/comments/1msye5h.json?raw_json=1&limit=50
2026-05-05T22:55:33Z INFO    [RETRY] 2/3 wait=2.0s HTTP 429
2026-05-05T22:55:35Z INFO    [REQUEST] GET https://www.reddit.com/comments/1msye5h.json?raw_json=1&limit=50
2026-05-05T22:55:35Z INFO    [ERROR] GET https://www.reddit.com/comments/1msye5h.json?raw_json=1&limit=50 → HTTP 429 after 3 attempts; giving up
2026-05-05T22:55:37Z INFO    [REQUEST] GET https://www.reddit.com/comments/13sj2su.json?raw_json=1&limit=50
2026-05-05T22:55:37Z INFO    [RETRY] 1/3 wait=1.0s HTTP 429
2026-05-05T22:55:39Z INFO    [REQUEST] GET https://www.reddit.com/comments/13sj2su.json?raw_json=1&limit=50
2026-05-05T22:55:39Z INFO    [RETRY] 2/3 wait=2.0s HTTP 429
2026-05-05T22:55:41Z INFO    [REQUEST] GET https://www.reddit.com/comments/13sj2su.json?raw_json=1&limit=50
2026-05-05T22:55:41Z INFO    [ERROR] GET https://www.reddit.com/comments/13sj2su.json?raw_json=1&limit=50 → HTTP 429 after 3 attempts; giving up
2026-05-05T22:55:42Z INFO    [REQUEST] GET https://www.reddit.com/comments/1nrirgq.json?raw_json=1&limit=50
2026-05-05T22:55:43Z INFO    [RETRY] 1/3 wait=1.0s HTTP 429
2026-05-05T22:55:44Z INFO    [REQUEST] GET https://www.reddit.com/comments/1nrirgq.json?raw_json=1&limit=50
2026-05-05T22:55:44Z INFO    [RETRY] 2/3 wait=2.0s HTTP 429
2026-05-05T22:55:46Z INFO    [REQUEST] GET https://www.reddit.com/comments/1nrirgq.json?raw_json=1&limit=50
2026-05-05T22:55:46Z INFO    [ERROR] GET https://www.reddit.com/comments/1nrirgq.json?raw_json=1&limit=50 → HTTP 429 after 3 attempts; giving up
2026-05-05T22:55:48Z INFO    [REQUEST] GET https://www.reddit.com/comments/1k8fdjb.json?raw_json=1&limit=50
2026-05-05T22:55:48Z INFO    [RETRY] 1/3 wait=1.0s HTTP 429
2026-05-05T22:55:50Z INFO    [REQUEST] GET https://www.reddit.com/comments/1k8fdjb.json?raw_json=1&limit=50
2026-05-05T22:55:50Z INFO    [RETRY] 2/3 wait=2.0s HTTP 429
2026-05-05T22:55:52Z INFO    [REQUEST] GET https://www.reddit.com/comments/1k8fdjb.json?raw_json=1&limit=50
2026-05-05T22:55:52Z INFO    [ERROR] GET https://www.reddit.com/comments/1k8fdjb.json?raw_json=1&limit=50 → HTTP 429 after 3 attempts; giving up
2026-05-05T22:55:53Z INFO    [REQUEST] GET https://www.reddit.com/comments/1alatry.json?raw_json=1&limit=50
2026-05-05T22:55:53Z INFO    [RETRY] 1/3 wait=1.0s HTTP 429
2026-05-05T22:55:55Z INFO    [REQUEST] GET https://www.reddit.com/comments/1alatry.json?raw_json=1&limit=50
2026-05-05T22:55:55Z INFO    [RETRY] 2/3 wait=2.0s HTTP 429
2026-05-05T22:55:57Z INFO    [REQUEST] GET https://www.reddit.com/comments/1alatry.json?raw_json=1&limit=50
2026-05-05T22:55:57Z INFO    [ERROR] GET https://www.reddit.com/comments/1alatry.json?raw_json=1&limit=50 → HTTP 429 after 3 attempts; giving up
2026-05-05T22:55:59Z INFO    [REQUEST] GET https://www.reddit.com/comments/jdhto9.json?raw_json=1&limit=50
2026-05-05T22:55:59Z INFO    [RETRY] 1/3 wait=1.0s HTTP 429
2026-05-05T22:56:00Z INFO    [REQUEST] GET https://www.reddit.com/comments/jdhto9.json?raw_json=1&limit=50
2026-05-05T22:56:01Z INFO    [RETRY] 2/3 wait=2.0s HTTP 429
2026-05-05T22:56:03Z INFO    [REQUEST] GET https://www.reddit.com/comments/jdhto9.json?raw_json=1&limit=50
2026-05-05T22:56:03Z INFO    [ERROR] GET https://www.reddit.com/comments/jdhto9.json?raw_json=1&limit=50 → HTTP 429 after 3 attempts; giving up
2026-05-05T22:56:04Z INFO    [REQUEST] GET https://www.reddit.com/comments/1lnd8jc.json?raw_json=1&limit=50
2026-05-05T22:56:04Z INFO    [RETRY] 1/3 wait=1.0s HTTP 429
2026-05-05T22:56:06Z INFO    [REQUEST] GET https://www.reddit.com/comments/1lnd8jc.json?raw_json=1&limit=50
2026-05-05T22:56:06Z INFO    [RETRY] 2/3 wait=2.0s HTTP 429
2026-05-05T22:56:08Z INFO    [REQUEST] GET https://www.reddit.com/comments/1lnd8jc.json?raw_json=1&limit=50
2026-05-05T22:56:08Z INFO    [ERROR] GET https://www.reddit.com/comments/1lnd8jc.json?raw_json=1&limit=50 → HTTP 429 after 3 attempts; giving up
2026-05-05T22:56:10Z INFO    [REQUEST] GET https://www.reddit.com/comments/1r2qhhi.json?raw_json=1&limit=50
2026-05-05T22:56:10Z INFO    [RETRY] 1/3 wait=1.0s HTTP 429
2026-05-05T22:56:11Z INFO    [REQUEST] GET https://www.reddit.com/comments/1r2qhhi.json?raw_json=1&limit=50
2026-05-05T22:56:12Z INFO    [RETRY] 2/3 wait=2.0s HTTP 429
2026-05-05T22:56:14Z INFO    [REQUEST] GET https://www.reddit.com/comments/1r2qhhi.json?raw_json=1&limit=50
2026-05-05T22:56:14Z INFO    [ERROR] GET https://www.reddit.com/comments/1r2qhhi.json?raw_json=1&limit=50 → HTTP 429 after 3 attempts; giving up
2026-05-05T22:56:15Z INFO    [REQUEST] GET https://www.reddit.com/comments/1ifhcf3.json?raw_json=1&limit=50
2026-05-05T22:56:15Z INFO    [RETRY] 1/3 wait=1.0s HTTP 429
2026-05-05T22:56:17Z INFO    [REQUEST] GET https://www.reddit.com/comments/1ifhcf3.json?raw_json=1&limit=50
2026-05-05T22:56:17Z INFO    [RETRY] 2/3 wait=2.0s HTTP 429
2026-05-05T22:56:19Z INFO    [REQUEST] GET https://www.reddit.com/comments/1ifhcf3.json?raw_json=1&limit=50
2026-05-05T22:56:19Z INFO    [ERROR] GET https://www.reddit.com/comments/1ifhcf3.json?raw_json=1&limit=50 → HTTP 429 after 3 attempts; giving up
2026-05-05T22:56:21Z INFO    [REQUEST] GET https://www.reddit.com/comments/twcgy4.json?raw_json=1&limit=50
2026-05-05T22:56:21Z INFO    [RETRY] 1/3 wait=1.0s HTTP 429
2026-05-05T22:56:22Z INFO    [REQUEST] GET https://www.reddit.com/comments/twcgy4.json?raw_json=1&limit=50
2026-05-05T22:56:23Z INFO    [RETRY] 2/3 wait=2.0s HTTP 429
2026-05-05T22:56:25Z INFO    [REQUEST] GET https://www.reddit.com/comments/twcgy4.json?raw_json=1&limit=50
2026-05-05T22:56:25Z INFO    [ERROR] GET https://www.reddit.com/comments/twcgy4.json?raw_json=1&limit=50 → HTTP 429 after 3 attempts; giving up
2026-05-05T22:56:26Z INFO    [REQUEST] GET https://www.reddit.com/comments/1j46fmz.json?raw_json=1&limit=50
2026-05-05T22:56:26Z INFO    [RETRY] 1/3 wait=1.0s HTTP 429
2026-05-05T22:56:28Z INFO    [REQUEST] GET https://www.reddit.com/comments/1j46fmz.json?raw_json=1&limit=50
2026-05-05T22:56:28Z INFO    [RETRY] 2/3 wait=2.0s HTTP 429
2026-05-05T22:56:30Z INFO    [REQUEST] GET https://www.reddit.com/comments/1j46fmz.json?raw_json=1&limit=50
2026-05-05T22:56:30Z INFO    [ERROR] GET https://www.reddit.com/comments/1j46fmz.json?raw_json=1&limit=50 → HTTP 429 after 3 attempts; giving up
2026-05-05T22:56:32Z INFO    [REQUEST] GET https://www.reddit.com/comments/1co8rkd.json?raw_json=1&limit=50
2026-05-05T22:56:32Z INFO    [RETRY] 1/3 wait=1.0s HTTP 429
2026-05-05T22:56:33Z INFO    [REQUEST] GET https://www.reddit.com/comments/1co8rkd.json?raw_json=1&limit=50
2026-05-05T22:56:34Z INFO    [RETRY] 2/3 wait=2.0s HTTP 429
2026-05-05T22:56:36Z INFO    [REQUEST] GET https://www.reddit.com/comments/1co8rkd.json?raw_json=1&limit=50
2026-05-05T22:56:36Z INFO    [ERROR] GET https://www.reddit.com/comments/1co8rkd.json?raw_json=1&limit=50 → HTTP 429 after 3 attempts; giving up
2026-05-05T22:56:37Z INFO    [REQUEST] GET https://www.reddit.com/comments/1jk2m8l.json?raw_json=1&limit=50
2026-05-05T22:56:37Z INFO    [RETRY] 1/3 wait=1.0s HTTP 429
2026-05-05T22:56:39Z INFO    [REQUEST] GET https://www.reddit.com/comments/1jk2m8l.json?raw_json=1&limit=50
2026-05-05T22:56:39Z INFO    [RETRY] 2/3 wait=2.0s HTTP 429
2026-05-05T22:56:41Z INFO    [REQUEST] GET https://www.reddit.com/comments/1jk2m8l.json?raw_json=1&limit=50
2026-05-05T22:56:41Z INFO    [ERROR] GET https://www.reddit.com/comments/1jk2m8l.json?raw_json=1&limit=50 → HTTP 429 after 3 attempts; giving up
2026-05-05T22:56:43Z INFO    [REQUEST] GET https://www.reddit.com/comments/1mnqv1o.json?raw_json=1&limit=50
2026-05-05T22:56:43Z INFO    [RETRY] 1/3 wait=1.0s HTTP 429
2026-05-05T22:56:44Z INFO    [REQUEST] GET https://www.reddit.com/comments/1mnqv1o.json?raw_json=1&limit=50
2026-05-05T22:56:45Z INFO    [RETRY] 2/3 wait=2.0s HTTP 429
2026-05-05T22:56:47Z INFO    [REQUEST] GET https://www.reddit.com/comments/1mnqv1o.json?raw_json=1&limit=50
2026-05-05T22:56:47Z INFO    [ERROR] GET https://www.reddit.com/comments/1mnqv1o.json?raw_json=1&limit=50 → HTTP 429 after 3 attempts; giving up
2026-05-05T22:56:48Z INFO    [REQUEST] GET https://www.reddit.com/comments/1so66v2.json?raw_json=1&limit=50
2026-05-05T22:56:48Z INFO    [RETRY] 1/3 wait=1.0s HTTP 429
2026-05-05T22:56:50Z INFO    [REQUEST] GET https://www.reddit.com/comments/1so66v2.json?raw_json=1&limit=50
2026-05-05T22:56:50Z INFO    [RETRY] 2/3 wait=2.0s HTTP 429
2026-05-05T22:56:52Z INFO    [REQUEST] GET https://www.reddit.com/comments/1so66v2.json?raw_json=1&limit=50
2026-05-05T22:56:52Z INFO    [ERROR] GET https://www.reddit.com/comments/1so66v2.json?raw_json=1&limit=50 → HTTP 429 after 3 attempts; giving up
2026-05-05T22:56:54Z INFO    [REQUEST] GET https://www.reddit.com/comments/fsfpb0.json?raw_json=1&limit=50
2026-05-05T22:56:54Z INFO    [RETRY] 1/3 wait=1.0s HTTP 429
2026-05-05T22:56:56Z INFO    [REQUEST] GET https://www.reddit.com/comments/fsfpb0.json?raw_json=1&limit=50
2026-05-05T22:56:56Z INFO    [RETRY] 2/3 wait=2.0s HTTP 429
2026-05-05T22:56:58Z INFO    [REQUEST] GET https://www.reddit.com/comments/fsfpb0.json?raw_json=1&limit=50
2026-05-05T22:56:58Z INFO    [ERROR] GET https://www.reddit.com/comments/fsfpb0.json?raw_json=1&limit=50 → HTTP 429 after 3 attempts; giving up
2026-05-05T22:56:59Z INFO    [REQUEST] GET https://www.reddit.com/comments/1n5rjg5.json?raw_json=1&limit=50
2026-05-05T22:57:00Z INFO    [RETRY] 1/3 wait=1.0s HTTP 429
2026-05-05T22:57:01Z INFO    [REQUEST] GET https://www.reddit.com/comments/1n5rjg5.json?raw_json=1&limit=50
2026-05-05T22:57:01Z INFO    [RETRY] 2/3 wait=2.0s HTTP 429
2026-05-05T22:57:03Z INFO    [REQUEST] GET https://www.reddit.com/comments/1n5rjg5.json?raw_json=1&limit=50
2026-05-05T22:57:03Z INFO    [ERROR] GET https://www.reddit.com/comments/1n5rjg5.json?raw_json=1&limit=50 → HTTP 429 after 3 attempts; giving up
2026-05-05T22:57:05Z INFO    [REQUEST] GET https://www.reddit.com/comments/1m8rxji.json?raw_json=1&limit=50
2026-05-05T22:57:05Z INFO    [RETRY] 1/3 wait=1.0s HTTP 429
2026-05-05T22:57:07Z INFO    [REQUEST] GET https://www.reddit.com/comments/1m8rxji.json?raw_json=1&limit=50
2026-05-05T22:57:07Z INFO    [RETRY] 2/3 wait=2.0s HTTP 429
2026-05-05T22:57:09Z INFO    [REQUEST] GET https://www.reddit.com/comments/1m8rxji.json?raw_json=1&limit=50
2026-05-05T22:57:09Z INFO    [ERROR] GET https://www.reddit.com/comments/1m8rxji.json?raw_json=1&limit=50 → HTTP 429 after 3 attempts; giving up
2026-05-05T22:57:10Z INFO    [REQUEST] GET https://www.reddit.com/comments/fwxa35.json?raw_json=1&limit=50
2026-05-05T22:57:11Z INFO    [RETRY] 1/3 wait=1.0s HTTP 429
2026-05-05T22:57:12Z INFO    [REQUEST] GET https://www.reddit.com/comments/fwxa35.json?raw_json=1&limit=50
2026-05-05T22:57:12Z INFO    [RETRY] 2/3 wait=2.0s HTTP 429
2026-05-05T22:57:14Z INFO    [REQUEST] GET https://www.reddit.com/comments/fwxa35.json?raw_json=1&limit=50
2026-05-05T22:57:14Z INFO    [ERROR] GET https://www.reddit.com/comments/fwxa35.json?raw_json=1&limit=50 → HTTP 429 after 3 attempts; giving up
2026-05-05T22:57:16Z INFO    [REQUEST] GET https://www.reddit.com/comments/ihqvlr.json?raw_json=1&limit=50
2026-05-05T22:57:16Z INFO    [RETRY] 1/3 wait=1.0s HTTP 429
2026-05-05T22:57:18Z INFO    [REQUEST] GET https://www.reddit.com/comments/ihqvlr.json?raw_json=1&limit=50
2026-05-05T22:57:18Z INFO    [RETRY] 2/3 wait=2.0s HTTP 429
2026-05-05T22:57:20Z INFO    [REQUEST] GET https://www.reddit.com/comments/ihqvlr.json?raw_json=1&limit=50
2026-05-05T22:57:20Z INFO    [ERROR] GET https://www.reddit.com/comments/ihqvlr.json?raw_json=1&limit=50 → HTTP 429 after 3 attempts; giving up
2026-05-05T22:57:21Z INFO    [REQUEST] GET https://www.reddit.com/comments/1q27wqj.json?raw_json=1&limit=50
2026-05-05T22:57:22Z INFO    [RETRY] 1/3 wait=1.0s HTTP 429
2026-05-05T22:57:23Z INFO    [REQUEST] GET https://www.reddit.com/comments/1q27wqj.json?raw_json=1&limit=50
2026-05-05T22:57:23Z INFO    [RETRY] 2/3 wait=2.0s HTTP 429
2026-05-05T22:57:25Z INFO    [REQUEST] GET https://www.reddit.com/comments/1q27wqj.json?raw_json=1&limit=50
2026-05-05T22:57:25Z INFO    [ERROR] GET https://www.reddit.com/comments/1q27wqj.json?raw_json=1&limit=50 → HTTP 429 after 3 attempts; giving up
2026-05-05T22:57:27Z INFO    [REQUEST] GET https://www.reddit.com/comments/1q06yr8.json?raw_json=1&limit=50
2026-05-05T22:57:27Z INFO    [RETRY] 1/3 wait=1.0s HTTP 429
2026-05-05T22:57:29Z INFO    [REQUEST] GET https://www.reddit.com/comments/1q06yr8.json?raw_json=1&limit=50
2026-05-05T22:57:29Z INFO    [RETRY] 2/3 wait=2.0s HTTP 429
2026-05-05T22:57:31Z INFO    [REQUEST] GET https://www.reddit.com/comments/1q06yr8.json?raw_json=1&limit=50
2026-05-05T22:57:31Z INFO    [ERROR] GET https://www.reddit.com/comments/1q06yr8.json?raw_json=1&limit=50 → HTTP 429 after 3 attempts; giving up
2026-05-05T22:57:32Z INFO    [REQUEST] GET https://www.reddit.com/comments/plx16t.json?raw_json=1&limit=50
2026-05-05T22:57:33Z INFO    [RETRY] 1/3 wait=1.0s HTTP 429
2026-05-05T22:57:34Z INFO    [REQUEST] GET https://www.reddit.com/comments/plx16t.json?raw_json=1&limit=50
2026-05-05T22:57:34Z INFO    [RETRY] 2/3 wait=2.0s HTTP 429
2026-05-05T22:57:36Z INFO    [REQUEST] GET https://www.reddit.com/comments/plx16t.json?raw_json=1&limit=50
2026-05-05T22:57:36Z INFO    [ERROR] GET https://www.reddit.com/comments/plx16t.json?raw_json=1&limit=50 → HTTP 429 after 3 attempts; giving up
2026-05-05T22:57:38Z INFO    [REQUEST] GET https://www.reddit.com/comments/1ix7mvz.json?raw_json=1&limit=50
2026-05-05T22:57:38Z INFO    [RETRY] 1/3 wait=1.0s HTTP 429
2026-05-05T22:57:40Z INFO    [REQUEST] GET https://www.reddit.com/comments/1ix7mvz.json?raw_json=1&limit=50
2026-05-05T22:57:40Z INFO    [RETRY] 2/3 wait=2.0s HTTP 429
2026-05-05T22:57:42Z INFO    [REQUEST] GET https://www.reddit.com/comments/1ix7mvz.json?raw_json=1&limit=50
2026-05-05T22:57:42Z INFO    [ERROR] GET https://www.reddit.com/comments/1ix7mvz.json?raw_json=1&limit=50 → HTTP 429 after 3 attempts; giving up
2026-05-05T22:57:43Z INFO    [REQUEST] GET https://www.reddit.com/comments/1mebya9.json?raw_json=1&limit=50
2026-05-05T22:57:43Z INFO    [RETRY] 1/3 wait=1.0s HTTP 429
2026-05-05T22:57:45Z INFO    [REQUEST] GET https://www.reddit.com/comments/1mebya9.json?raw_json=1&limit=50
2026-05-05T22:57:45Z INFO    [RETRY] 2/3 wait=2.0s HTTP 429
2026-05-05T22:57:47Z INFO    [REQUEST] GET https://www.reddit.com/comments/1mebya9.json?raw_json=1&limit=50
2026-05-05T22:57:47Z INFO    [ERROR] GET https://www.reddit.com/comments/1mebya9.json?raw_json=1&limit=50 → HTTP 429 after 3 attempts; giving up
2026-05-05T22:57:49Z INFO    [REQUEST] GET https://www.reddit.com/comments/ho2utc.json?raw_json=1&limit=50
2026-05-05T22:57:49Z INFO    [RETRY] 1/3 wait=1.0s HTTP 429
2026-05-05T22:57:50Z INFO    [REQUEST] GET https://www.reddit.com/comments/ho2utc.json?raw_json=1&limit=50
2026-05-05T22:57:51Z INFO    [RETRY] 2/3 wait=2.0s HTTP 429
2026-05-05T22:57:53Z INFO    [REQUEST] GET https://www.reddit.com/comments/ho2utc.json?raw_json=1&limit=50
2026-05-05T22:57:53Z INFO    [ERROR] GET https://www.reddit.com/comments/ho2utc.json?raw_json=1&limit=50 → HTTP 429 after 3 attempts; giving up
2026-05-05T22:57:54Z INFO    [REQUEST] GET https://www.reddit.com/comments/9bomz0.json?raw_json=1&limit=50
2026-05-05T22:57:54Z INFO    [RETRY] 1/3 wait=1.0s HTTP 429
2026-05-05T22:57:56Z INFO    [REQUEST] GET https://www.reddit.com/comments/9bomz0.json?raw_json=1&limit=50
2026-05-05T22:57:56Z INFO    [RETRY] 2/3 wait=2.0s HTTP 429
2026-05-05T22:57:58Z INFO    [REQUEST] GET https://www.reddit.com/comments/9bomz0.json?raw_json=1&limit=50
2026-05-05T22:57:58Z INFO    [ERROR] GET https://www.reddit.com/comments/9bomz0.json?raw_json=1&limit=50 → HTTP 429 after 3 attempts; giving up
2026-05-05T22:58:00Z INFO    [REQUEST] GET https://www.reddit.com/comments/1jrg85p.json?raw_json=1&limit=50
2026-05-05T22:58:00Z INFO    [RETRY] 1/3 wait=1.0s HTTP 429
2026-05-05T22:58:01Z INFO    [REQUEST] GET https://www.reddit.com/comments/1jrg85p.json?raw_json=1&limit=50
2026-05-05T22:58:02Z INFO    [RETRY] 2/3 wait=2.0s HTTP 429
2026-05-05T22:58:04Z INFO    [REQUEST] GET https://www.reddit.com/comments/1jrg85p.json?raw_json=1&limit=50
2026-05-05T22:58:04Z INFO    [ERROR] GET https://www.reddit.com/comments/1jrg85p.json?raw_json=1&limit=50 → HTTP 429 after 3 attempts; giving up
2026-05-05T22:58:05Z INFO    [REQUEST] GET https://www.reddit.com/comments/1o2zffh.json?raw_json=1&limit=50
2026-05-05T22:58:05Z INFO    [RETRY] 1/3 wait=1.0s HTTP 429
2026-05-05T22:58:07Z INFO    [REQUEST] GET https://www.reddit.com/comments/1o2zffh.json?raw_json=1&limit=50
2026-05-05T22:58:07Z INFO    [RETRY] 2/3 wait=2.0s HTTP 429
2026-05-05T22:58:09Z INFO    [REQUEST] GET https://www.reddit.com/comments/1o2zffh.json?raw_json=1&limit=50
2026-05-05T22:58:09Z INFO    [ERROR] GET https://www.reddit.com/comments/1o2zffh.json?raw_json=1&limit=50 → HTTP 429 after 3 attempts; giving up
2026-05-05T22:58:11Z INFO    [REQUEST] GET https://www.reddit.com/comments/1o1wz44.json?raw_json=1&limit=50
2026-05-05T22:58:11Z INFO    [RETRY] 1/3 wait=1.0s HTTP 429
2026-05-05T22:58:12Z INFO    [REQUEST] GET https://www.reddit.com/comments/1o1wz44.json?raw_json=1&limit=50
2026-05-05T22:58:13Z INFO    [RETRY] 2/3 wait=2.0s HTTP 429
2026-05-05T22:58:15Z INFO    [REQUEST] GET https://www.reddit.com/comments/1o1wz44.json?raw_json=1&limit=50
2026-05-05T22:58:15Z INFO    [ERROR] GET https://www.reddit.com/comments/1o1wz44.json?raw_json=1&limit=50 → HTTP 429 after 3 attempts; giving up
2026-05-05T22:58:16Z INFO    [REQUEST] GET https://www.reddit.com/comments/1hwqb43.json?raw_json=1&limit=50
2026-05-05T22:58:16Z INFO    [RETRY] 1/3 wait=1.0s HTTP 429
2026-05-05T22:58:18Z INFO    [REQUEST] GET https://www.reddit.com/comments/1hwqb43.json?raw_json=1&limit=50
2026-05-05T22:58:18Z INFO    [RETRY] 2/3 wait=2.0s HTTP 429
2026-05-05T22:58:20Z INFO    [REQUEST] GET https://www.reddit.com/comments/1hwqb43.json?raw_json=1&limit=50
2026-05-05T22:58:20Z INFO    [ERROR] GET https://www.reddit.com/comments/1hwqb43.json?raw_json=1&limit=50 → HTTP 429 after 3 attempts; giving up
2026-05-05T22:58:22Z INFO    [REQUEST] GET https://www.reddit.com/comments/1kqyed6.json?raw_json=1&limit=50
2026-05-05T22:58:22Z INFO    [RETRY] 1/3 wait=1.0s HTTP 429
2026-05-05T22:58:23Z INFO    [REQUEST] GET https://www.reddit.com/comments/1kqyed6.json?raw_json=1&limit=50
2026-05-05T22:58:24Z INFO    [RETRY] 2/3 wait=2.0s HTTP 429
2026-05-05T22:58:26Z INFO    [REQUEST] GET https://www.reddit.com/comments/1kqyed6.json?raw_json=1&limit=50
2026-05-05T22:58:26Z INFO    [ERROR] GET https://www.reddit.com/comments/1kqyed6.json?raw_json=1&limit=50 → HTTP 429 after 3 attempts; giving up
2026-05-05T22:58:27Z INFO    [REQUEST] GET https://www.reddit.com/comments/1o39458.json?raw_json=1&limit=50
2026-05-05T22:58:27Z INFO    [RETRY] 1/3 wait=1.0s HTTP 429
2026-05-05T22:58:29Z INFO    [REQUEST] GET https://www.reddit.com/comments/1o39458.json?raw_json=1&limit=50
2026-05-05T22:58:29Z INFO    [RETRY] 2/3 wait=2.0s HTTP 429
2026-05-05T22:58:31Z INFO    [REQUEST] GET https://www.reddit.com/comments/1o39458.json?raw_json=1&limit=50
2026-05-05T22:58:31Z INFO    [ERROR] GET https://www.reddit.com/comments/1o39458.json?raw_json=1&limit=50 → HTTP 429 after 3 attempts; giving up
2026-05-05T22:58:33Z INFO    [REQUEST] GET https://www.reddit.com/comments/1si6euv.json?raw_json=1&limit=50
2026-05-05T22:58:33Z INFO    [RETRY] 1/3 wait=1.0s HTTP 429
2026-05-05T22:58:35Z INFO    [REQUEST] GET https://www.reddit.com/comments/1si6euv.json?raw_json=1&limit=50
2026-05-05T22:58:35Z INFO    [RETRY] 2/3 wait=2.0s HTTP 429
2026-05-05T22:58:37Z INFO    [REQUEST] GET https://www.reddit.com/comments/1si6euv.json?raw_json=1&limit=50
2026-05-05T22:58:37Z INFO    [ERROR] GET https://www.reddit.com/comments/1si6euv.json?raw_json=1&limit=50 → HTTP 429 after 3 attempts; giving up
2026-05-05T22:58:38Z INFO    [REQUEST] GET https://www.reddit.com/comments/4iujot.json?raw_json=1&limit=50
2026-05-05T22:58:39Z INFO    [RETRY] 1/3 wait=1.0s HTTP 429
2026-05-05T22:58:40Z INFO    [REQUEST] GET https://www.reddit.com/comments/4iujot.json?raw_json=1&limit=50
2026-05-05T22:58:40Z INFO    [RETRY] 2/3 wait=2.0s HTTP 429
2026-05-05T22:58:42Z INFO    [REQUEST] GET https://www.reddit.com/comments/4iujot.json?raw_json=1&limit=50
2026-05-05T22:58:42Z INFO    [ERROR] GET https://www.reddit.com/comments/4iujot.json?raw_json=1&limit=50 → HTTP 429 after 3 attempts; giving up
2026-05-05T22:58:44Z INFO    [REQUEST] GET https://www.reddit.com/comments/1qvdpdx.json?raw_json=1&limit=50
2026-05-05T22:58:44Z INFO    [RETRY] 1/3 wait=1.0s HTTP 429
2026-05-05T22:58:46Z INFO    [REQUEST] GET https://www.reddit.com/comments/1qvdpdx.json?raw_json=1&limit=50
2026-05-05T22:58:46Z INFO    [RETRY] 2/3 wait=2.0s HTTP 429
2026-05-05T22:58:48Z INFO    [REQUEST] GET https://www.reddit.com/comments/1qvdpdx.json?raw_json=1&limit=50
2026-05-05T22:58:48Z INFO    [ERROR] GET https://www.reddit.com/comments/1qvdpdx.json?raw_json=1&limit=50 → HTTP 429 after 3 attempts; giving up
2026-05-05T22:58:49Z INFO    [REQUEST] GET https://www.reddit.com/comments/1ijyywh.json?raw_json=1&limit=50
2026-05-05T22:58:50Z INFO    [RETRY] 1/3 wait=1.0s HTTP 429
2026-05-05T22:58:51Z INFO    [REQUEST] GET https://www.reddit.com/comments/1ijyywh.json?raw_json=1&limit=50
2026-05-05T22:58:51Z INFO    [RETRY] 2/3 wait=2.0s HTTP 429
2026-05-05T22:58:53Z INFO    [REQUEST] GET https://www.reddit.com/comments/1ijyywh.json?raw_json=1&limit=50
2026-05-05T22:58:53Z INFO    [ERROR] GET https://www.reddit.com/comments/1ijyywh.json?raw_json=1&limit=50 → HTTP 429 after 3 attempts; giving up
2026-05-05T22:58:55Z INFO    [REQUEST] GET https://www.reddit.com/comments/1q37vj8.json?raw_json=1&limit=50
2026-05-05T22:58:55Z INFO    [RETRY] 1/3 wait=1.0s HTTP 429
2026-05-05T22:58:57Z INFO    [REQUEST] GET https://www.reddit.com/comments/1q37vj8.json?raw_json=1&limit=50
2026-05-05T22:58:57Z INFO    [RETRY] 2/3 wait=2.0s HTTP 429
2026-05-05T22:58:59Z INFO    [REQUEST] GET https://www.reddit.com/comments/1q37vj8.json?raw_json=1&limit=50
2026-05-05T22:58:59Z INFO    [ERROR] GET https://www.reddit.com/comments/1q37vj8.json?raw_json=1&limit=50 → HTTP 429 after 3 attempts; giving up
2026-05-05T22:59:00Z INFO    [REQUEST] GET https://www.reddit.com/comments/m9mco6.json?raw_json=1&limit=50
2026-05-05T22:59:01Z INFO    [RETRY] 1/3 wait=1.0s HTTP 429
2026-05-05T22:59:02Z INFO    [REQUEST] GET https://www.reddit.com/comments/m9mco6.json?raw_json=1&limit=50
2026-05-05T22:59:02Z INFO    [RETRY] 2/3 wait=2.0s HTTP 429
2026-05-05T22:59:04Z INFO    [REQUEST] GET https://www.reddit.com/comments/m9mco6.json?raw_json=1&limit=50
2026-05-05T22:59:04Z INFO    [ERROR] GET https://www.reddit.com/comments/m9mco6.json?raw_json=1&limit=50 → HTTP 429 after 3 attempts; giving up
2026-05-05T22:59:06Z INFO    [REQUEST] GET https://www.reddit.com/comments/1ky1dli.json?raw_json=1&limit=50
2026-05-05T22:59:06Z INFO    [RETRY] 1/3 wait=1.0s HTTP 429
2026-05-05T22:59:08Z INFO    [REQUEST] GET https://www.reddit.com/comments/1ky1dli.json?raw_json=1&limit=50
2026-05-05T22:59:08Z INFO    [RETRY] 2/3 wait=2.0s HTTP 429
2026-05-05T22:59:10Z INFO    [REQUEST] GET https://www.reddit.com/comments/1ky1dli.json?raw_json=1&limit=50
2026-05-05T22:59:10Z INFO    [ERROR] GET https://www.reddit.com/comments/1ky1dli.json?raw_json=1&limit=50 → HTTP 429 after 3 attempts; giving up
2026-05-05T22:59:11Z INFO    [REQUEST] GET https://www.reddit.com/comments/1cdnobo.json?raw_json=1&limit=50
2026-05-05T22:59:12Z INFO    [RETRY] 1/3 wait=1.0s HTTP 429
2026-05-05T22:59:13Z INFO    [REQUEST] GET https://www.reddit.com/comments/1cdnobo.json?raw_json=1&limit=50
2026-05-05T22:59:13Z INFO    [RETRY] 2/3 wait=2.0s HTTP 429
2026-05-05T22:59:15Z INFO    [REQUEST] GET https://www.reddit.com/comments/1cdnobo.json?raw_json=1&limit=50
2026-05-05T22:59:15Z INFO    [ERROR] GET https://www.reddit.com/comments/1cdnobo.json?raw_json=1&limit=50 → HTTP 429 after 3 attempts; giving up
2026-05-05T22:59:17Z INFO    [REQUEST] GET https://www.reddit.com/comments/1byxc4d.json?raw_json=1&limit=50
2026-05-05T22:59:17Z INFO    [RETRY] 1/3 wait=1.0s HTTP 429
2026-05-05T22:59:19Z INFO    [REQUEST] GET https://www.reddit.com/comments/1byxc4d.json?raw_json=1&limit=50
2026-05-05T22:59:19Z INFO    [RETRY] 2/3 wait=2.0s HTTP 429
2026-05-05T22:59:21Z INFO    [REQUEST] GET https://www.reddit.com/comments/1byxc4d.json?raw_json=1&limit=50
2026-05-05T22:59:21Z INFO    [ERROR] GET https://www.reddit.com/comments/1byxc4d.json?raw_json=1&limit=50 → HTTP 429 after 3 attempts; giving up
2026-05-05T22:59:22Z INFO    [REQUEST] GET https://www.reddit.com/comments/1jk44rn.json?raw_json=1&limit=50
2026-05-05T22:59:23Z INFO    [RETRY] 1/3 wait=1.0s HTTP 429
2026-05-05T22:59:24Z INFO    [REQUEST] GET https://www.reddit.com/comments/1jk44rn.json?raw_json=1&limit=50
2026-05-05T22:59:24Z INFO    [RETRY] 2/3 wait=2.0s HTTP 429
2026-05-05T22:59:26Z INFO    [REQUEST] GET https://www.reddit.com/comments/1jk44rn.json?raw_json=1&limit=50
2026-05-05T22:59:26Z INFO    [ERROR] GET https://www.reddit.com/comments/1jk44rn.json?raw_json=1&limit=50 → HTTP 429 after 3 attempts; giving up
2026-05-05T22:59:28Z INFO    [REQUEST] GET https://www.reddit.com/comments/yhiz7k.json?raw_json=1&limit=50
2026-05-05T22:59:28Z INFO    [RETRY] 1/3 wait=1.0s HTTP 429
2026-05-05T22:59:30Z INFO    [REQUEST] GET https://www.reddit.com/comments/yhiz7k.json?raw_json=1&limit=50
2026-05-05T22:59:30Z INFO    [RETRY] 2/3 wait=2.0s HTTP 429
2026-05-05T22:59:32Z INFO    [REQUEST] GET https://www.reddit.com/comments/yhiz7k.json?raw_json=1&limit=50
2026-05-05T22:59:32Z INFO    [ERROR] GET https://www.reddit.com/comments/yhiz7k.json?raw_json=1&limit=50 → HTTP 429 after 3 attempts; giving up
2026-05-05T22:59:33Z INFO    [REQUEST] GET https://www.reddit.com/comments/se2psf.json?raw_json=1&limit=50
2026-05-05T22:59:34Z INFO    [RETRY] 1/3 wait=1.0s HTTP 429
2026-05-05T22:59:35Z INFO    [REQUEST] GET https://www.reddit.com/comments/se2psf.json?raw_json=1&limit=50
2026-05-05T22:59:35Z INFO    [RETRY] 2/3 wait=2.0s HTTP 429
2026-05-05T22:59:37Z INFO    [REQUEST] GET https://www.reddit.com/comments/se2psf.json?raw_json=1&limit=50
2026-05-05T22:59:37Z INFO    [ERROR] GET https://www.reddit.com/comments/se2psf.json?raw_json=1&limit=50 → HTTP 429 after 3 attempts; giving up
2026-05-05T22:59:39Z INFO    [REQUEST] GET https://www.reddit.com/comments/gk7pxt.json?raw_json=1&limit=50
2026-05-05T22:59:39Z INFO    [RETRY] 1/3 wait=1.0s HTTP 429
2026-05-05T22:59:41Z INFO    [REQUEST] GET https://www.reddit.com/comments/gk7pxt.json?raw_json=1&limit=50
2026-05-05T22:59:41Z INFO    [RETRY] 2/3 wait=2.0s HTTP 429
2026-05-05T22:59:43Z INFO    [REQUEST] GET https://www.reddit.com/comments/gk7pxt.json?raw_json=1&limit=50
2026-05-05T22:59:43Z INFO    [ERROR] GET https://www.reddit.com/comments/gk7pxt.json?raw_json=1&limit=50 → HTTP 429 after 3 attempts; giving up
2026-05-05T22:59:44Z INFO    [REQUEST] GET https://www.reddit.com/comments/1cef9j3.json?raw_json=1&limit=50
2026-05-05T22:59:45Z INFO    [RETRY] 1/3 wait=1.0s HTTP 429
2026-05-05T22:59:46Z INFO    [REQUEST] GET https://www.reddit.com/comments/1cef9j3.json?raw_json=1&limit=50
2026-05-05T22:59:46Z INFO    [RETRY] 2/3 wait=2.0s HTTP 429
2026-05-05T22:59:48Z INFO    [REQUEST] GET https://www.reddit.com/comments/1cef9j3.json?raw_json=1&limit=50
2026-05-05T22:59:48Z INFO    [ERROR] GET https://www.reddit.com/comments/1cef9j3.json?raw_json=1&limit=50 → HTTP 429 after 3 attempts; giving up
2026-05-05T22:59:50Z INFO    [REQUEST] GET https://www.reddit.com/comments/30dw9s.json?raw_json=1&limit=50
2026-05-05T22:59:50Z INFO    [RETRY] 1/3 wait=1.0s HTTP 429
2026-05-05T22:59:52Z INFO    [REQUEST] GET https://www.reddit.com/comments/30dw9s.json?raw_json=1&limit=50
2026-05-05T22:59:52Z INFO    [RETRY] 2/3 wait=2.0s HTTP 429
2026-05-05T22:59:54Z INFO    [REQUEST] GET https://www.reddit.com/comments/30dw9s.json?raw_json=1&limit=50
2026-05-05T22:59:54Z INFO    [ERROR] GET https://www.reddit.com/comments/30dw9s.json?raw_json=1&limit=50 → HTTP 429 after 3 attempts; giving up
2026-05-05T22:59:55Z INFO    [REQUEST] GET https://www.reddit.com/comments/1n3hi2i.json?raw_json=1&limit=50
2026-05-05T22:59:56Z INFO    [RETRY] 1/3 wait=1.0s HTTP 429
2026-05-05T22:59:57Z INFO    [REQUEST] GET https://www.reddit.com/comments/1n3hi2i.json?raw_json=1&limit=50
2026-05-05T22:59:57Z INFO    [RETRY] 2/3 wait=2.0s HTTP 429
2026-05-05T22:59:59Z INFO    [REQUEST] GET https://www.reddit.com/comments/1n3hi2i.json?raw_json=1&limit=50
2026-05-05T22:59:59Z INFO    [ERROR] GET https://www.reddit.com/comments/1n3hi2i.json?raw_json=1&limit=50 → HTTP 429 after 3 attempts; giving up
2026-05-05T23:00:01Z INFO    [REQUEST] GET https://www.reddit.com/comments/1qbqnrn.json?raw_json=1&limit=50
2026-05-05T23:00:02Z INFO    [RESPONSE] 200 913ms https://www.reddit.com/comments/1qbqnrn.json?raw_json=1&limit=50
2026-05-05T23:00:02Z INFO    [INFO] r/popculturechat  1qbqnrn  +15 comment(s)
2026-05-05T23:00:03Z INFO    [REQUEST] GET https://www.reddit.com/comments/127pg7e.json?raw_json=1&limit=50
2026-05-05T23:00:04Z INFO    [RESPONSE] 200 1132ms https://www.reddit.com/comments/127pg7e.json?raw_json=1&limit=50
2026-05-05T23:00:04Z INFO    [INFO] r/SquaredCircle  127pg7e  +13 comment(s)
2026-05-05T23:00:06Z INFO    [REQUEST] GET https://www.reddit.com/comments/1h6hdtu.json?raw_json=1&limit=50
2026-05-05T23:00:07Z INFO    [RESPONSE] 200 1011ms https://www.reddit.com/comments/1h6hdtu.json?raw_json=1&limit=50
2026-05-05T23:00:07Z INFO    [INFO] r/Music  1h6hdtu  +13 comment(s)
2026-05-05T23:00:08Z INFO    [REQUEST] GET https://www.reddit.com/comments/1m61p8a.json?raw_json=1&limit=50
2026-05-05T23:00:09Z INFO    [RESPONSE] 200 889ms https://www.reddit.com/comments/1m61p8a.json?raw_json=1&limit=50
2026-05-05T23:00:09Z INFO    [INFO] r/SquaredCircle  1m61p8a  +16 comment(s)
2026-05-05T23:00:11Z INFO    [REQUEST] GET https://www.reddit.com/comments/1o2qva7.json?raw_json=1&limit=50
2026-05-05T23:00:11Z INFO    [RESPONSE] 200 707ms https://www.reddit.com/comments/1o2qva7.json?raw_json=1&limit=50
2026-05-05T23:00:11Z INFO    [INFO] r/kpop  1o2qva7  +39 comment(s)
2026-05-05T23:00:13Z INFO    [REQUEST] GET https://www.reddit.com/comments/j11b6z.json?raw_json=1&limit=50
2026-05-05T23:00:14Z INFO    [RESPONSE] 200 787ms https://www.reddit.com/comments/j11b6z.json?raw_json=1&limit=50
2026-05-05T23:00:14Z INFO    [INFO] r/SquaredCircle  j11b6z  +19 comment(s)
2026-05-05T23:00:15Z INFO    [REQUEST] GET https://www.reddit.com/comments/6id8l9.json?raw_json=1&limit=50
2026-05-05T23:00:16Z INFO    [RESPONSE] 200 799ms https://www.reddit.com/comments/6id8l9.json?raw_json=1&limit=50
2026-05-05T23:00:16Z INFO    [INFO] r/SquaredCircle  6id8l9  +15 comment(s)
2026-05-05T23:00:18Z INFO    [REQUEST] GET https://www.reddit.com/comments/1kvvv9y.json?raw_json=1&limit=50
2026-05-05T23:00:18Z INFO    [RESPONSE] 200 631ms https://www.reddit.com/comments/1kvvv9y.json?raw_json=1&limit=50
2026-05-05T23:00:18Z INFO    [INFO] r/OneDirection  1kvvv9y  +38 comment(s)
2026-05-05T23:00:20Z INFO    [REQUEST] GET https://www.reddit.com/comments/1j3ln3s.json?raw_json=1&limit=50
2026-05-05T23:00:20Z INFO    [RESPONSE] 200 675ms https://www.reddit.com/comments/1j3ln3s.json?raw_json=1&limit=50
2026-05-05T23:00:20Z INFO    [INFO] r/Palestine  1j3ln3s  +22 comment(s)
2026-05-05T23:00:22Z INFO    [REQUEST] GET https://www.reddit.com/comments/1kuthic.json?raw_json=1&limit=50
2026-05-05T23:00:22Z INFO    [RESPONSE] 200 518ms https://www.reddit.com/comments/1kuthic.json?raw_json=1&limit=50
2026-05-05T23:00:22Z INFO    [INFO] r/Fauxmoi  1kuthic  +15 comment(s)
2026-05-05T23:00:24Z INFO    [REQUEST] GET https://www.reddit.com/comments/1nc1bcr.json?raw_json=1&limit=50
2026-05-05T23:00:24Z INFO    [RESPONSE] 200 517ms https://www.reddit.com/comments/1nc1bcr.json?raw_json=1&limit=50
2026-05-05T23:00:24Z INFO    [INFO] r/SquaredCircle  1nc1bcr  +11 comment(s)
2026-05-05T23:00:26Z INFO    [REQUEST] GET https://www.reddit.com/comments/1r4g8re.json?raw_json=1&limit=50
2026-05-05T23:00:27Z INFO    [RESPONSE] 200 645ms https://www.reddit.com/comments/1r4g8re.json?raw_json=1&limit=50
2026-05-05T23:00:27Z INFO    [INFO] r/WWE  1r4g8re  +32 comment(s)
2026-05-05T23:00:28Z INFO    [REQUEST] GET https://www.reddit.com/comments/1hqtjax.json?raw_json=1&limit=50
2026-05-05T23:00:29Z INFO    [RESPONSE] 200 495ms https://www.reddit.com/comments/1hqtjax.json?raw_json=1&limit=50
2026-05-05T23:00:29Z INFO    [INFO] r/SquaredCircle  1hqtjax  +11 comment(s)
2026-05-05T23:00:30Z INFO    [REQUEST] GET https://www.reddit.com/comments/6mwjdb.json?raw_json=1&limit=50
2026-05-05T23:00:31Z INFO    [RESPONSE] 200 652ms https://www.reddit.com/comments/6mwjdb.json?raw_json=1&limit=50
2026-05-05T23:00:31Z INFO    [INFO] r/SquaredCircle  6mwjdb  +12 comment(s)
2026-05-05T23:00:32Z INFO    [REQUEST] GET https://www.reddit.com/comments/yod6el.json?raw_json=1&limit=50
2026-05-05T23:00:33Z INFO    [RESPONSE] 200 740ms https://www.reddit.com/comments/yod6el.json?raw_json=1&limit=50
2026-05-05T23:00:33Z INFO    [INFO] r/SquaredCircle  yod6el  +12 comment(s)
2026-05-05T23:00:34Z INFO    [REQUEST] GET https://www.reddit.com/comments/mceqq6.json?raw_json=1&limit=50
2026-05-05T23:00:35Z INFO    [RESPONSE] 200 664ms https://www.reddit.com/comments/mceqq6.json?raw_json=1&limit=50
2026-05-05T23:00:35Z INFO    [INFO] r/SquaredCircle  mceqq6  +13 comment(s)
2026-05-05T23:00:37Z INFO    [REQUEST] GET https://www.reddit.com/comments/1gya7vl.json?raw_json=1&limit=50
2026-05-05T23:00:37Z INFO    [RESPONSE] 200 678ms https://www.reddit.com/comments/1gya7vl.json?raw_json=1&limit=50
2026-05-05T23:00:37Z INFO    [INFO] r/OneDirection  1gya7vl  +24 comment(s)
2026-05-05T23:00:39Z INFO    [REQUEST] GET https://www.reddit.com/comments/1ic3sms.json?raw_json=1&limit=50
2026-05-05T23:00:40Z INFO    [RESPONSE] 200 863ms https://www.reddit.com/comments/1ic3sms.json?raw_json=1&limit=50
2026-05-05T23:00:40Z INFO    [INFO] r/LoveAndDeepspace  1ic3sms  +25 comment(s)
2026-05-05T23:00:41Z INFO    [REQUEST] GET https://www.reddit.com/comments/1r8n167.json?raw_json=1&limit=50
2026-05-05T23:00:42Z INFO    [RESPONSE] 200 687ms https://www.reddit.com/comments/1r8n167.json?raw_json=1&limit=50
2026-05-05T23:00:42Z INFO    [INFO] r/SCJerk  1r8n167  +20 comment(s)
2026-05-05T23:00:43Z INFO    [REQUEST] GET https://www.reddit.com/comments/1t4psqp.json?raw_json=1&limit=50
2026-05-05T23:00:44Z INFO    [RESPONSE] 200 513ms https://www.reddit.com/comments/1t4psqp.json?raw_json=1&limit=50
2026-05-05T23:00:44Z INFO    [INFO] r/zayn  1t4psqp  +1 comment(s)
2026-05-05T23:00:45Z INFO    [REQUEST] GET https://www.reddit.com/comments/1t4pav3.json?raw_json=1&limit=50
2026-05-05T23:00:46Z INFO    [RESPONSE] 200 284ms https://www.reddit.com/comments/1t4pav3.json?raw_json=1&limit=50
2026-05-05T23:00:46Z INFO    [INFO] r/namegames  1t4pav3  +2 comment(s)
2026-05-05T23:00:47Z INFO    [REQUEST] GET https://www.reddit.com/comments/1t4p9rr.json?raw_json=1&limit=50
2026-05-05T23:00:48Z INFO    [RESPONSE] 200 333ms https://www.reddit.com/comments/1t4p9rr.json?raw_json=1&limit=50
2026-05-05T23:00:48Z INFO    [INFO] r/alevels  1t4p9rr  +4 comment(s)
2026-05-05T23:00:49Z INFO    [REQUEST] GET https://www.reddit.com/comments/1t4o9oh.json?raw_json=1&limit=50
2026-05-05T23:00:50Z INFO    [RESPONSE] 200 547ms https://www.reddit.com/comments/1t4o9oh.json?raw_json=1&limit=50
2026-05-05T23:00:50Z INFO    [INFO] r/Names  1t4o9oh  +30 comment(s)
2026-05-05T23:00:51Z INFO    [REQUEST] GET https://www.reddit.com/comments/1t4o3zw.json?raw_json=1&limit=50
2026-05-05T23:00:51Z INFO    [RESPONSE] 200 346ms https://www.reddit.com/comments/1t4o3zw.json?raw_json=1&limit=50
2026-05-05T23:00:51Z INFO    [INFO] r/LoveAndDeepspace  1t4o3zw  +3 comment(s)
2026-05-05T23:00:53Z INFO    [REQUEST] GET https://www.reddit.com/comments/1t4o27d.json?raw_json=1&limit=50
2026-05-05T23:00:53Z INFO    [RESPONSE] 200 282ms https://www.reddit.com/comments/1t4o27d.json?raw_json=1&limit=50
2026-05-05T23:00:53Z INFO    [INFO] r/LoveAndDeepspace  1t4o27d  +2 comment(s)
2026-05-05T23:00:55Z INFO    [REQUEST] GET https://www.reddit.com/comments/1t4nnbi.json?raw_json=1&limit=50
2026-05-05T23:00:55Z INFO    [RESPONSE] 200 245ms https://www.reddit.com/comments/1t4nnbi.json?raw_json=1&limit=50
2026-05-05T23:00:56Z INFO    [REQUEST] GET https://www.reddit.com/comments/1t4mu76.json?raw_json=1&limit=50
2026-05-05T23:00:57Z INFO    [RESPONSE] 200 375ms https://www.reddit.com/comments/1t4mu76.json?raw_json=1&limit=50
2026-05-05T23:00:57Z INFO    [INFO] r/WWE  1t4mu76  +7 comment(s)
2026-05-05T23:00:58Z INFO    [REQUEST] GET https://www.reddit.com/comments/1t4mqt8.json?raw_json=1&limit=50
2026-05-05T23:00:59Z INFO    [RESPONSE] 200 310ms https://www.reddit.com/comments/1t4mqt8.json?raw_json=1&limit=50
2026-05-05T23:01:00Z INFO    [REQUEST] GET https://www.reddit.com/comments/1t4mqf6.json?raw_json=1&limit=50
2026-05-05T23:01:00Z INFO    [RESPONSE] 200 269ms https://www.reddit.com/comments/1t4mqf6.json?raw_json=1&limit=50
2026-05-05T23:01:02Z INFO    [REQUEST] GET https://www.reddit.com/comments/1t4jvip.json?raw_json=1&limit=50
2026-05-05T23:01:02Z INFO    [RESPONSE] 200 349ms https://www.reddit.com/comments/1t4jvip.json?raw_json=1&limit=50
2026-05-05T23:01:04Z INFO    [REQUEST] GET https://www.reddit.com/comments/1t4hvr3.json?raw_json=1&limit=50
2026-05-05T23:01:04Z INFO    [RESPONSE] 200 347ms https://www.reddit.com/comments/1t4hvr3.json?raw_json=1&limit=50
2026-05-05T23:01:04Z INFO    [INFO] r/zayn  1t4hvr3  +2 comment(s)
2026-05-05T23:01:06Z INFO    [REQUEST] GET https://www.reddit.com/comments/1t4hari.json?raw_json=1&limit=50
2026-05-05T23:01:06Z INFO    [RESPONSE] 200 303ms https://www.reddit.com/comments/1t4hari.json?raw_json=1&limit=50
2026-05-05T23:01:06Z INFO    [INFO] r/WWE  1t4hari  +2 comment(s)
2026-05-05T23:01:07Z INFO    [REQUEST] GET https://www.reddit.com/comments/1t4g0h4.json?raw_json=1&limit=50
2026-05-05T23:01:08Z INFO    [RESPONSE] 200 288ms https://www.reddit.com/comments/1t4g0h4.json?raw_json=1&limit=50
2026-05-05T23:01:09Z INFO    [REQUEST] GET https://www.reddit.com/comments/1t4eket.json?raw_json=1&limit=50
2026-05-05T23:01:09Z INFO    [RESPONSE] 200 290ms https://www.reddit.com/comments/1t4eket.json?raw_json=1&limit=50
2026-05-05T23:01:09Z INFO    [INFO] r/alevels  1t4eket  +5 comment(s)
2026-05-05T23:01:11Z INFO    [REQUEST] GET https://www.reddit.com/comments/1t4e148.json?raw_json=1&limit=50
2026-05-05T23:01:11Z INFO    [RESPONSE] 200 426ms https://www.reddit.com/comments/1t4e148.json?raw_json=1&limit=50
2026-05-05T23:01:11Z INFO    [INFO] r/totallylookslike  1t4e148  +19 comment(s)
2026-05-05T23:01:13Z INFO    [REQUEST] GET https://www.reddit.com/comments/1t4dfdd.json?raw_json=1&limit=50
2026-05-05T23:01:13Z INFO    [RESPONSE] 200 444ms https://www.reddit.com/comments/1t4dfdd.json?raw_json=1&limit=50
2026-05-05T23:01:13Z INFO    [INFO] r/fantasybooking  1t4dfdd  +5 comment(s)
2026-05-05T23:01:15Z INFO    [REQUEST] GET https://www.reddit.com/comments/1t4bnid.json?raw_json=1&limit=50
2026-05-05T23:01:15Z INFO    [RESPONSE] 200 409ms https://www.reddit.com/comments/1t4bnid.json?raw_json=1&limit=50
2026-05-05T23:01:15Z INFO    [INFO] r/Names  1t4bnid  +11 comment(s)
2026-05-05T23:01:17Z INFO    [REQUEST] GET https://www.reddit.com/comments/1t4a1tz.json?raw_json=1&limit=50
2026-05-05T23:01:17Z INFO    [RESPONSE] 200 281ms https://www.reddit.com/comments/1t4a1tz.json?raw_json=1&limit=50
2026-05-05T23:01:19Z INFO    [REQUEST] GET https://www.reddit.com/comments/1t4a1j5.json?raw_json=1&limit=50
2026-05-05T23:01:19Z INFO    [RESPONSE] 200 293ms https://www.reddit.com/comments/1t4a1j5.json?raw_json=1&limit=50
2026-05-05T23:01:20Z INFO    [REQUEST] GET https://www.reddit.com/comments/1t47e9u.json?raw_json=1&limit=50
2026-05-05T23:01:21Z INFO    [RESPONSE] 200 335ms https://www.reddit.com/comments/1t47e9u.json?raw_json=1&limit=50
2026-05-05T23:01:21Z INFO    [INFO] r/LoveAndDeepspace  1t47e9u  +5 comment(s)
2026-05-05T23:01:22Z INFO    [REQUEST] GET https://www.reddit.com/comments/1t46ju7.json?raw_json=1&limit=50
2026-05-05T23:01:22Z INFO    [RESPONSE] 200 264ms https://www.reddit.com/comments/1t46ju7.json?raw_json=1&limit=50
2026-05-05T23:01:24Z INFO    [REQUEST] GET https://www.reddit.com/comments/1t456q4.json?raw_json=1&limit=50
2026-05-05T23:01:24Z INFO    [RESPONSE] 200 380ms https://www.reddit.com/comments/1t456q4.json?raw_json=1&limit=50
2026-05-05T23:01:24Z INFO    [INFO] r/LoveAndDeepspace  1t456q4  +3 comment(s)
2026-05-05T23:01:26Z INFO    [REQUEST] GET https://www.reddit.com/comments/1t43sp0.json?raw_json=1&limit=50
2026-05-05T23:01:26Z INFO    [RESPONSE] 200 297ms https://www.reddit.com/comments/1t43sp0.json?raw_json=1&limit=50
2026-05-05T23:01:26Z INFO    [INFO] r/LoveAndDeepspace  1t43sp0  +2 comment(s)
2026-05-05T23:01:28Z INFO    [REQUEST] GET https://www.reddit.com/comments/1t426w8.json?raw_json=1&limit=50
2026-05-05T23:01:28Z INFO    [RESPONSE] 200 281ms https://www.reddit.com/comments/1t426w8.json?raw_json=1&limit=50
2026-05-05T23:01:28Z INFO    [INFO] r/StarWarsCantina  1t426w8  +1 comment(s)
2026-05-05T23:01:29Z INFO    [REQUEST] GET https://www.reddit.com/comments/1t4266y.json?raw_json=1&limit=50
2026-05-05T23:01:30Z INFO    [RESPONSE] 200 308ms https://www.reddit.com/comments/1t4266y.json?raw_json=1&limit=50
2026-05-05T23:01:30Z INFO    [INFO] r/StarWarsEU  1t4266y  +6 comment(s)
2026-05-05T23:01:31Z INFO    [REQUEST] GET https://www.reddit.com/comments/1t40kn8.json?raw_json=1&limit=50
2026-05-05T23:01:32Z INFO    [RESPONSE] 200 818ms https://www.reddit.com/comments/1t40kn8.json?raw_json=1&limit=50
2026-05-05T23:01:32Z INFO    [INFO] r/LoveAndDeepspace  1t40kn8  +25 comment(s)
2026-05-05T23:01:34Z INFO    [REQUEST] GET https://www.reddit.com/comments/1t3zzy7.json?raw_json=1&limit=50
2026-05-05T23:01:34Z INFO    [RESPONSE] 200 378ms https://www.reddit.com/comments/1t3zzy7.json?raw_json=1&limit=50
2026-05-05T23:01:34Z INFO    [INFO] r/TheEntertainmentMix  1t3zzy7  +7 comment(s)
2026-05-05T23:01:35Z INFO    [REQUEST] GET https://www.reddit.com/comments/1t3wmjr.json?raw_json=1&limit=50
2026-05-05T23:01:36Z INFO    [RESPONSE] 200 463ms https://www.reddit.com/comments/1t3wmjr.json?raw_json=1&limit=50
2026-05-05T23:01:36Z INFO    [INFO] r/LoveAndDeepspace  1t3wmjr  +6 comment(s)
2026-05-05T23:01:37Z INFO    [REQUEST] GET https://www.reddit.com/comments/1t3va19.json?raw_json=1&limit=50
2026-05-05T23:01:38Z INFO    [RESPONSE] 200 290ms https://www.reddit.com/comments/1t3va19.json?raw_json=1&limit=50
2026-05-05T23:01:38Z INFO    [INFO] r/WWECards  1t3va19  +1 comment(s)
2026-05-05T23:01:39Z INFO    [REQUEST] GET https://www.reddit.com/comments/1t3uwnp.json?raw_json=1&limit=50
2026-05-05T23:01:39Z INFO    [RESPONSE] 200 272ms https://www.reddit.com/comments/1t3uwnp.json?raw_json=1&limit=50
2026-05-05T23:01:39Z INFO    [INFO] r/SantiZapVideos  1t3uwnp  +1 comment(s)
2026-05-05T23:01:41Z INFO    [REQUEST] GET https://www.reddit.com/comments/1t3u99p.json?raw_json=1&limit=50
2026-05-05T23:01:42Z INFO    [RESPONSE] 200 673ms https://www.reddit.com/comments/1t3u99p.json?raw_json=1&limit=50
2026-05-05T23:01:42Z INFO    [INFO] r/Concerts  1t3u99p  +17 comment(s)
2026-05-05T23:01:43Z INFO    [REQUEST] GET https://www.reddit.com/comments/1t3rxnf.json?raw_json=1&limit=50
2026-05-05T23:01:43Z INFO    [RESPONSE] 200 321ms https://www.reddit.com/comments/1t3rxnf.json?raw_json=1&limit=50
2026-05-05T23:01:43Z INFO    [INFO] r/LoveAndDeepspace  1t3rxnf  +1 comment(s)
2026-05-05T23:01:45Z INFO    [REQUEST] GET https://www.reddit.com/comments/1t3rx5j.json?raw_json=1&limit=50
2026-05-05T23:01:45Z INFO    [RESPONSE] 200 311ms https://www.reddit.com/comments/1t3rx5j.json?raw_json=1&limit=50
2026-05-05T23:01:47Z INFO    [REQUEST] GET https://www.reddit.com/comments/1t3ruvw.json?raw_json=1&limit=50
2026-05-05T23:01:47Z INFO    [RESPONSE] 200 463ms https://www.reddit.com/comments/1t3ruvw.json?raw_json=1&limit=50
2026-05-05T23:01:47Z INFO    [INFO] r/SquaredCircle  1t3ruvw  +22 comment(s)
2026-05-05T23:01:49Z INFO    [REQUEST] GET https://www.reddit.com/comments/1t3qrbx.json?raw_json=1&limit=50
2026-05-05T23:01:49Z INFO    [RESPONSE] 200 346ms https://www.reddit.com/comments/1t3qrbx.json?raw_json=1&limit=50
2026-05-05T23:01:51Z INFO    [REQUEST] GET https://www.reddit.com/comments/1t3qd9d.json?raw_json=1&limit=50
2026-05-05T23:01:51Z INFO    [RESPONSE] 200 277ms https://www.reddit.com/comments/1t3qd9d.json?raw_json=1&limit=50
2026-05-05T23:01:52Z INFO    [REQUEST] GET https://www.reddit.com/comments/1t3p4yl.json?raw_json=1&limit=50
2026-05-05T23:01:53Z INFO    [RESPONSE] 200 523ms https://www.reddit.com/comments/1t3p4yl.json?raw_json=1&limit=50
2026-05-05T23:01:53Z INFO    [INFO] r/LoveAndDeepspace  1t3p4yl  +27 comment(s)
2026-05-05T23:01:54Z INFO    [REQUEST] GET https://www.reddit.com/comments/1t3os0l.json?raw_json=1&limit=50
2026-05-05T23:01:55Z INFO    [RESPONSE] 200 325ms https://www.reddit.com/comments/1t3os0l.json?raw_json=1&limit=50
2026-05-05T23:01:55Z INFO    [INFO] r/fantasybooking  1t3os0l  +2 comment(s)
2026-05-05T23:01:56Z INFO    [REQUEST] GET https://www.reddit.com/comments/1t3nvb0.json?raw_json=1&limit=50
2026-05-05T23:01:57Z INFO    [RESPONSE] 200 334ms https://www.reddit.com/comments/1t3nvb0.json?raw_json=1&limit=50
2026-05-05T23:01:57Z INFO    [INFO] r/LoveAndDeepspace  1t3nvb0  +2 comment(s)
2026-05-05T23:01:58Z INFO    [REQUEST] GET https://www.reddit.com/comments/1t3mij8.json?raw_json=1&limit=50
2026-05-05T23:01:58Z INFO    [RESPONSE] 200 351ms https://www.reddit.com/comments/1t3mij8.json?raw_json=1&limit=50
2026-05-05T23:01:58Z INFO    [INFO] r/alevels  1t3mij8  +7 comment(s)
2026-05-05T23:02:00Z INFO    [REQUEST] GET https://www.reddit.com/comments/1t3ljjf.json?raw_json=1&limit=50
2026-05-05T23:02:00Z INFO    [RESPONSE] 200 305ms https://www.reddit.com/comments/1t3ljjf.json?raw_json=1&limit=50
2026-05-05T23:02:00Z INFO    [INFO] r/zayn  1t3ljjf  +4 comment(s)
2026-05-05T23:02:02Z INFO    [REQUEST] GET https://www.reddit.com/comments/1t3kxnv.json?raw_json=1&limit=50
2026-05-05T23:02:02Z INFO    [RESPONSE] 200 346ms https://www.reddit.com/comments/1t3kxnv.json?raw_json=1&limit=50
2026-05-05T23:02:02Z INFO    [INFO] r/LoveAndDeepspace  1t3kxnv  +6 comment(s)
2026-05-05T23:02:04Z INFO    [REQUEST] GET https://www.reddit.com/comments/1t3knej.json?raw_json=1&limit=50
2026-05-05T23:02:04Z INFO    [RESPONSE] 200 843ms https://www.reddit.com/comments/1t3knej.json?raw_json=1&limit=50
2026-05-05T23:02:04Z INFO    [INFO] r/MusicIceberg  1t3knej  +2 comment(s)
2026-05-05T23:02:06Z INFO    [REQUEST] GET https://www.reddit.com/comments/1t3kmxa.json?raw_json=1&limit=50
2026-05-05T23:02:06Z INFO    [RESPONSE] 200 435ms https://www.reddit.com/comments/1t3kmxa.json?raw_json=1&limit=50
2026-05-05T23:02:06Z INFO    [INFO] r/DDTPro  1t3kmxa  +13 comment(s)
2026-05-05T23:02:08Z INFO    [REQUEST] GET https://www.reddit.com/comments/1t3kfvy.json?raw_json=1&limit=50
2026-05-05T23:02:08Z INFO    [RESPONSE] 200 370ms https://www.reddit.com/comments/1t3kfvy.json?raw_json=1&limit=50
2026-05-05T23:02:08Z INFO    [INFO] r/WWEGames  1t3kfvy  +1 comment(s)
2026-05-05T23:02:10Z INFO    [REQUEST] GET https://www.reddit.com/comments/1t3k8em.json?raw_json=1&limit=50
2026-05-05T23:02:10Z INFO    [RESPONSE] 200 326ms https://www.reddit.com/comments/1t3k8em.json?raw_json=1&limit=50
2026-05-05T23:02:12Z INFO    [REQUEST] GET https://www.reddit.com/comments/1t3jaq6.json?raw_json=1&limit=50
2026-05-05T23:02:12Z INFO    [RESPONSE] 200 323ms https://www.reddit.com/comments/1t3jaq6.json?raw_json=1&limit=50
2026-05-05T23:02:12Z INFO    [INFO] r/zayn  1t3jaq6  +1 comment(s)
2026-05-05T23:02:13Z INFO    [REQUEST] GET https://www.reddit.com/comments/1t3j8gg.json?raw_json=1&limit=50
2026-05-05T23:02:14Z INFO    [RESPONSE] 200 277ms https://www.reddit.com/comments/1t3j8gg.json?raw_json=1&limit=50
2026-05-05T23:02:15Z INFO    [REQUEST] GET https://www.reddit.com/comments/1t3iyjo.json?raw_json=1&limit=50
2026-05-05T23:02:15Z INFO    [RESPONSE] 200 289ms https://www.reddit.com/comments/1t3iyjo.json?raw_json=1&limit=50
2026-05-05T23:02:15Z INFO    [INFO] r/LoveAndDeepspace  1t3iyjo  +2 comment(s)
2026-05-05T23:02:17Z INFO    [REQUEST] GET https://www.reddit.com/comments/1t3hzw5.json?raw_json=1&limit=50
2026-05-05T23:02:17Z INFO    [RESPONSE] 200 324ms https://www.reddit.com/comments/1t3hzw5.json?raw_json=1&limit=50
2026-05-05T23:02:17Z INFO    [INFO] r/LoveAndDeepspace  1t3hzw5  +2 comment(s)
2026-05-05T23:02:19Z INFO    [REQUEST] GET https://www.reddit.com/comments/1t3hekh.json?raw_json=1&limit=50
2026-05-05T23:02:19Z INFO    [RESPONSE] 200 325ms https://www.reddit.com/comments/1t3hekh.json?raw_json=1&limit=50
2026-05-05T23:02:19Z INFO    [INFO] r/LoveAndDeepspace  1t3hekh  +2 comment(s)
2026-05-05T23:02:21Z INFO    [REQUEST] GET https://www.reddit.com/comments/1t3h5wy.json?raw_json=1&limit=50
2026-05-05T23:02:21Z INFO    [RESPONSE] 200 530ms https://www.reddit.com/comments/1t3h5wy.json?raw_json=1&limit=50
2026-05-05T23:02:21Z INFO    [INFO] r/LoveAndDeepspace_  1t3h5wy  +20 comment(s)
2026-05-05T23:02:23Z INFO    [REQUEST] GET https://www.reddit.com/comments/1t3gxkl.json?raw_json=1&limit=50
2026-05-05T23:02:23Z INFO    [RESPONSE] 200 364ms https://www.reddit.com/comments/1t3gxkl.json?raw_json=1&limit=50
2026-05-05T23:02:23Z INFO    [INFO] r/loveanddepression  1t3gxkl  +3 comment(s)
2026-05-05T23:02:24Z INFO    [REQUEST] GET https://www.reddit.com/comments/1t3goup.json?raw_json=1&limit=50
2026-05-05T23:02:25Z INFO    [RESPONSE] 200 328ms https://www.reddit.com/comments/1t3goup.json?raw_json=1&limit=50
2026-05-05T23:02:25Z INFO    [INFO] r/fantasybooking  1t3goup  +4 comment(s)
2026-05-05T23:02:26Z INFO    [REQUEST] GET https://www.reddit.com/comments/1t3gd04.json?raw_json=1&limit=50
2026-05-05T23:02:27Z INFO    [RESPONSE] 200 344ms https://www.reddit.com/comments/1t3gd04.json?raw_json=1&limit=50
2026-05-05T23:02:27Z INFO    [INFO] r/ZayneMain  1t3gd04  +7 comment(s)
2026-05-05T23:02:28Z INFO    [REQUEST] GET https://www.reddit.com/comments/1t3gasy.json?raw_json=1&limit=50
2026-05-05T23:02:29Z INFO    [RESPONSE] 200 567ms https://www.reddit.com/comments/1t3gasy.json?raw_json=1&limit=50
2026-05-05T23:02:29Z INFO    [INFO] r/fantasybooking  1t3gasy  +6 comment(s)
2026-05-05T23:02:30Z INFO    [REQUEST] GET https://www.reddit.com/comments/1t3fc7s.json?raw_json=1&limit=50
2026-05-05T23:02:31Z INFO    [RESPONSE] 200 336ms https://www.reddit.com/comments/1t3fc7s.json?raw_json=1&limit=50
2026-05-05T23:02:32Z INFO    [REQUEST] GET https://www.reddit.com/comments/1t3ez7z.json?raw_json=1&limit=50
2026-05-05T23:02:32Z INFO    [RESPONSE] 200 283ms https://www.reddit.com/comments/1t3ez7z.json?raw_json=1&limit=50
2026-05-05T23:02:32Z INFO    [INFO] r/buildabear  1t3ez7z  +1 comment(s)
2026-05-05T23:02:34Z INFO    [REQUEST] GET https://www.reddit.com/comments/1t3e5cg.json?raw_json=1&limit=50
2026-05-05T23:02:34Z INFO    [RESPONSE] 200 324ms https://www.reddit.com/comments/1t3e5cg.json?raw_json=1&limit=50
2026-05-05T23:02:34Z INFO    [INFO] r/LoveAndDeepspace  1t3e5cg  +1 comment(s)
2026-05-05T23:02:36Z INFO    [REQUEST] GET https://www.reddit.com/comments/1t3ddhf.json?raw_json=1&limit=50
2026-05-05T23:02:36Z INFO    [RESPONSE] 200 275ms https://www.reddit.com/comments/1t3ddhf.json?raw_json=1&limit=50
2026-05-05T23:02:36Z INFO    [INFO] r/softwaretesting  1t3ddhf  +5 comment(s)
2026-05-05T23:02:37Z INFO    [REQUEST] GET https://www.reddit.com/comments/1t3dd91.json?raw_json=1&limit=50
2026-05-05T23:02:38Z INFO    [RESPONSE] 200 271ms https://www.reddit.com/comments/1t3dd91.json?raw_json=1&limit=50
2026-05-05T23:02:38Z INFO    [INFO] r/QualityAssurance  1t3dd91  +2 comment(s)
2026-05-05T23:02:39Z INFO    [REQUEST] GET https://www.reddit.com/comments/1t3cqlq.json?raw_json=1&limit=50
2026-05-05T23:02:40Z INFO    [RESPONSE] 200 340ms https://www.reddit.com/comments/1t3cqlq.json?raw_json=1&limit=50
2026-05-05T23:02:40Z INFO    [INFO] r/OneDirectionMemes  1t3cqlq  +4 comment(s)
2026-05-05T23:02:41Z INFO    [REQUEST] GET https://www.reddit.com/comments/1t3cn35.json?raw_json=1&limit=50
2026-05-05T23:02:41Z INFO    [RESPONSE] 200 242ms https://www.reddit.com/comments/1t3cn35.json?raw_json=1&limit=50
2026-05-05T23:02:43Z INFO    [REQUEST] GET https://www.reddit.com/comments/1t3cl9a.json?raw_json=1&limit=50
2026-05-05T23:02:43Z INFO    [RESPONSE] 200 303ms https://www.reddit.com/comments/1t3cl9a.json?raw_json=1&limit=50
2026-05-05T23:02:43Z INFO    [INFO] r/chennaicity  1t3cl9a  +1 comment(s)
2026-05-05T23:02:45Z INFO    [REQUEST] GET https://www.reddit.com/comments/1t3bn6s.json?raw_json=1&limit=50
2026-05-05T23:02:45Z INFO    [RESPONSE] 200 341ms https://www.reddit.com/comments/1t3bn6s.json?raw_json=1&limit=50
2026-05-05T23:02:45Z INFO    [INFO] r/LoveAndDeepspace  1t3bn6s  +1 comment(s)
2026-05-05T23:02:46Z INFO    [REQUEST] GET https://www.reddit.com/comments/1t3aznq.json?raw_json=1&limit=50
2026-05-05T23:02:47Z INFO    [RESPONSE] 200 233ms https://www.reddit.com/comments/1t3aznq.json?raw_json=1&limit=50
2026-05-05T23:02:48Z INFO    [REQUEST] GET https://www.reddit.com/comments/1t39zwv.json?raw_json=1&limit=50
2026-05-05T23:02:48Z INFO    [RESPONSE] 200 265ms https://www.reddit.com/comments/1t39zwv.json?raw_json=1&limit=50
2026-05-05T23:02:50Z INFO    [REQUEST] GET https://www.reddit.com/comments/1t39ff5.json?raw_json=1&limit=50
2026-05-05T23:02:50Z INFO    [RESPONSE] 200 338ms https://www.reddit.com/comments/1t39ff5.json?raw_json=1&limit=50
2026-05-05T23:02:50Z INFO    [INFO] r/yumeshipping  1t39ff5  +1 comment(s)
2026-05-05T23:02:52Z INFO    [REQUEST] GET https://www.reddit.com/comments/1t38vbd.json?raw_json=1&limit=50
2026-05-05T23:02:52Z INFO    [RESPONSE] 200 268ms https://www.reddit.com/comments/1t38vbd.json?raw_json=1&limit=50
2026-05-05T23:02:54Z INFO    [REQUEST] GET https://www.reddit.com/comments/1t38k53.json?raw_json=1&limit=50
2026-05-05T23:02:54Z INFO    [RESPONSE] 200 398ms https://www.reddit.com/comments/1t38k53.json?raw_json=1&limit=50
2026-05-05T23:02:54Z INFO    [INFO] r/zayn  1t38k53  +16 comment(s)
2026-05-05T23:02:55Z INFO    [REQUEST] GET https://www.reddit.com/comments/1t38hiw.json?raw_json=1&limit=50
2026-05-05T23:02:56Z INFO    [RESPONSE] 200 243ms https://www.reddit.com/comments/1t38hiw.json?raw_json=1&limit=50
2026-05-05T23:02:57Z INFO    [REQUEST] GET https://www.reddit.com/comments/1t37jp3.json?raw_json=1&limit=50
2026-05-05T23:02:58Z INFO    [RESPONSE] 200 594ms https://www.reddit.com/comments/1t37jp3.json?raw_json=1&limit=50
2026-05-05T23:02:58Z INFO    [INFO] r/ChaiUnofficial  1t37jp3  +17 comment(s)
2026-05-05T23:02:59Z INFO    [REQUEST] GET https://www.reddit.com/comments/1t377m3.json?raw_json=1&limit=50
2026-05-05T23:03:00Z INFO    [RESPONSE] 200 293ms https://www.reddit.com/comments/1t377m3.json?raw_json=1&limit=50
2026-05-05T23:03:00Z INFO    [INFO] r/loveanddepression  1t377m3  +4 comment(s)
2026-05-05T23:03:01Z INFO    [REQUEST] GET https://www.reddit.com/comments/1t352cd.json?raw_json=1&limit=50
2026-05-05T23:03:01Z INFO    [RESPONSE] 200 369ms https://www.reddit.com/comments/1t352cd.json?raw_json=1&limit=50
2026-05-05T23:03:01Z INFO    [INFO] r/LoveAndDeepspace  1t352cd  +3 comment(s)
2026-05-05T23:03:03Z INFO    [REQUEST] GET https://www.reddit.com/comments/1t33rx5.json?raw_json=1&limit=50
2026-05-05T23:03:03Z INFO    [RESPONSE] 200 300ms https://www.reddit.com/comments/1t33rx5.json?raw_json=1&limit=50
2026-05-05T23:03:05Z INFO    [REQUEST] GET https://www.reddit.com/comments/1t334sq.json?raw_json=1&limit=50
2026-05-05T23:03:05Z INFO    [RESPONSE] 200 288ms https://www.reddit.com/comments/1t334sq.json?raw_json=1&limit=50
2026-05-05T23:03:07Z INFO    [REQUEST] GET https://www.reddit.com/comments/1t32jiu.json?raw_json=1&limit=50
2026-05-05T23:03:07Z INFO    [RESPONSE] 200 836ms https://www.reddit.com/comments/1t32jiu.json?raw_json=1&limit=50
2026-05-05T23:03:07Z INFO    [INFO] r/LoveAndDeepspace  1t32jiu  +2 comment(s)
2026-05-05T23:03:09Z INFO    [REQUEST] GET https://www.reddit.com/comments/1t2zwrz.json?raw_json=1&limit=50
2026-05-05T23:03:10Z INFO    [RESPONSE] 200 740ms https://www.reddit.com/comments/1t2zwrz.json?raw_json=1&limit=50
2026-05-05T23:03:10Z INFO    [INFO] r/TheGreatOne  1t2zwrz  +17 comment(s)
2026-05-05T23:03:11Z INFO    [REQUEST] GET https://www.reddit.com/comments/1t2z5wc.json?raw_json=1&limit=50
2026-05-05T23:03:11Z INFO    [RESPONSE] 200 290ms https://www.reddit.com/comments/1t2z5wc.json?raw_json=1&limit=50
2026-05-05T23:03:11Z INFO    [INFO] r/hockeycardswap  1t2z5wc  +4 comment(s)
2026-05-05T23:03:13Z INFO    [REQUEST] GET https://www.reddit.com/comments/1t2ybnc.json?raw_json=1&limit=50
2026-05-05T23:03:14Z INFO    [RESPONSE] 200 832ms https://www.reddit.com/comments/1t2ybnc.json?raw_json=1&limit=50
2026-05-05T23:03:14Z INFO    [INFO] r/Fauxmoi  1t2ybnc  +16 comment(s)
2026-05-05T23:03:15Z INFO    [REQUEST] GET https://www.reddit.com/comments/1t2y7c3.json?raw_json=1&limit=50
2026-05-05T23:03:15Z INFO    [RETRY] 1/3 wait=1.0s HTTP 429
2026-05-05T23:03:17Z INFO    [REQUEST] GET https://www.reddit.com/comments/1t2y7c3.json?raw_json=1&limit=50
2026-05-05T23:03:17Z INFO    [RETRY] 2/3 wait=2.0s HTTP 429
2026-05-05T23:03:19Z INFO    [REQUEST] GET https://www.reddit.com/comments/1t2y7c3.json?raw_json=1&limit=50
2026-05-05T23:03:19Z INFO    [ERROR] GET https://www.reddit.com/comments/1t2y7c3.json?raw_json=1&limit=50 → HTTP 429 after 3 attempts; giving up
2026-05-05T23:03:21Z INFO    [REQUEST] GET https://www.reddit.com/comments/1t2y3tp.json?raw_json=1&limit=50
2026-05-05T23:03:21Z INFO    [RETRY] 1/3 wait=1.0s HTTP 429
2026-05-05T23:03:22Z INFO    [REQUEST] GET https://www.reddit.com/comments/1t2y3tp.json?raw_json=1&limit=50
2026-05-05T23:03:23Z INFO    [RETRY] 2/3 wait=2.0s HTTP 429
2026-05-05T23:03:25Z INFO    [REQUEST] GET https://www.reddit.com/comments/1t2y3tp.json?raw_json=1&limit=50
2026-05-05T23:03:25Z INFO    [ERROR] GET https://www.reddit.com/comments/1t2y3tp.json?raw_json=1&limit=50 → HTTP 429 after 3 attempts; giving up
2026-05-05T23:03:26Z INFO    [REQUEST] GET https://www.reddit.com/comments/1t2xwbx.json?raw_json=1&limit=50
2026-05-05T23:03:26Z INFO    [RETRY] 1/3 wait=1.0s HTTP 429
2026-05-05T23:03:28Z INFO    [REQUEST] GET https://www.reddit.com/comments/1t2xwbx.json?raw_json=1&limit=50
2026-05-05T23:03:28Z INFO    [RETRY] 2/3 wait=2.0s HTTP 429
2026-05-05T23:03:30Z INFO    [REQUEST] GET https://www.reddit.com/comments/1t2xwbx.json?raw_json=1&limit=50
2026-05-05T23:03:30Z INFO    [ERROR] GET https://www.reddit.com/comments/1t2xwbx.json?raw_json=1&limit=50 → HTTP 429 after 3 attempts; giving up
2026-05-05T23:03:32Z INFO    [REQUEST] GET https://www.reddit.com/comments/1t2xnr1.json?raw_json=1&limit=50
2026-05-05T23:03:32Z INFO    [RETRY] 1/3 wait=1.0s HTTP 429
2026-05-05T23:03:33Z INFO    [REQUEST] GET https://www.reddit.com/comments/1t2xnr1.json?raw_json=1&limit=50
2026-05-05T23:03:34Z INFO    [RETRY] 2/3 wait=2.0s HTTP 429
2026-05-05T23:03:36Z INFO    [REQUEST] GET https://www.reddit.com/comments/1t2xnr1.json?raw_json=1&limit=50
2026-05-05T23:03:36Z INFO    [ERROR] GET https://www.reddit.com/comments/1t2xnr1.json?raw_json=1&limit=50 → HTTP 429 after 3 attempts; giving up
2026-05-05T23:03:37Z INFO    [REQUEST] GET https://www.reddit.com/comments/1t2xjv3.json?raw_json=1&limit=50
2026-05-05T23:03:37Z INFO    [RETRY] 1/3 wait=1.0s HTTP 429
2026-05-05T23:03:39Z INFO    [REQUEST] GET https://www.reddit.com/comments/1t2xjv3.json?raw_json=1&limit=50
2026-05-05T23:03:39Z INFO    [RETRY] 2/3 wait=2.0s HTTP 429
2026-05-05T23:03:41Z INFO    [REQUEST] GET https://www.reddit.com/comments/1t2xjv3.json?raw_json=1&limit=50
2026-05-05T23:03:41Z INFO    [ERROR] GET https://www.reddit.com/comments/1t2xjv3.json?raw_json=1&limit=50 → HTTP 429 after 3 attempts; giving up
2026-05-05T23:03:43Z INFO    [REQUEST] GET https://www.reddit.com/comments/1t2xiej.json?raw_json=1&limit=50
2026-05-05T23:03:43Z INFO    [RETRY] 1/3 wait=1.0s HTTP 429
2026-05-05T23:03:44Z INFO    [REQUEST] GET https://www.reddit.com/comments/1t2xiej.json?raw_json=1&limit=50
2026-05-05T23:03:45Z INFO    [RETRY] 2/3 wait=2.0s HTTP 429
2026-05-05T23:03:47Z INFO    [REQUEST] GET https://www.reddit.com/comments/1t2xiej.json?raw_json=1&limit=50
2026-05-05T23:03:47Z INFO    [ERROR] GET https://www.reddit.com/comments/1t2xiej.json?raw_json=1&limit=50 → HTTP 429 after 3 attempts; giving up
2026-05-05T23:03:48Z INFO    [REQUEST] GET https://www.reddit.com/comments/1t2xge9.json?raw_json=1&limit=50
2026-05-05T23:03:48Z INFO    [RETRY] 1/3 wait=1.0s HTTP 429
2026-05-05T23:03:50Z INFO    [REQUEST] GET https://www.reddit.com/comments/1t2xge9.json?raw_json=1&limit=50
2026-05-05T23:03:50Z INFO    [RETRY] 2/3 wait=2.0s HTTP 429
2026-05-05T23:03:52Z INFO    [REQUEST] GET https://www.reddit.com/comments/1t2xge9.json?raw_json=1&limit=50
2026-05-05T23:03:52Z INFO    [ERROR] GET https://www.reddit.com/comments/1t2xge9.json?raw_json=1&limit=50 → HTTP 429 after 3 attempts; giving up
2026-05-05T23:03:54Z INFO    [REQUEST] GET https://www.reddit.com/comments/1t2vsqd.json?raw_json=1&limit=50
2026-05-05T23:03:54Z INFO    [RETRY] 1/3 wait=1.0s HTTP 429
2026-05-05T23:03:55Z INFO    [REQUEST] GET https://www.reddit.com/comments/1t2vsqd.json?raw_json=1&limit=50
2026-05-05T23:03:56Z INFO    [RETRY] 2/3 wait=2.0s HTTP 429
2026-05-05T23:03:58Z INFO    [REQUEST] GET https://www.reddit.com/comments/1t2vsqd.json?raw_json=1&limit=50
2026-05-05T23:03:58Z INFO    [ERROR] GET https://www.reddit.com/comments/1t2vsqd.json?raw_json=1&limit=50 → HTTP 429 after 3 attempts; giving up
2026-05-05T23:03:59Z INFO    [REQUEST] GET https://www.reddit.com/comments/1t2uif4.json?raw_json=1&limit=50
2026-05-05T23:03:59Z INFO    [RETRY] 1/3 wait=1.0s HTTP 429
2026-05-05T23:04:01Z INFO    [REQUEST] GET https://www.reddit.com/comments/1t2uif4.json?raw_json=1&limit=50
2026-05-05T23:04:01Z INFO    [RETRY] 2/3 wait=2.0s HTTP 429
2026-05-05T23:04:03Z INFO    [REQUEST] GET https://www.reddit.com/comments/1t2uif4.json?raw_json=1&limit=50
2026-05-05T23:04:03Z INFO    [ERROR] GET https://www.reddit.com/comments/1t2uif4.json?raw_json=1&limit=50 → HTTP 429 after 3 attempts; giving up
2026-05-05T23:04:05Z INFO    [REQUEST] GET https://www.reddit.com/comments/1t2tguw.json?raw_json=1&limit=50
2026-05-05T23:04:05Z INFO    [RETRY] 1/3 wait=1.0s HTTP 429
2026-05-05T23:04:06Z INFO    [REQUEST] GET https://www.reddit.com/comments/1t2tguw.json?raw_json=1&limit=50
2026-05-05T23:04:07Z INFO    [RETRY] 2/3 wait=2.0s HTTP 429
2026-05-05T23:04:09Z INFO    [REQUEST] GET https://www.reddit.com/comments/1t2tguw.json?raw_json=1&limit=50
2026-05-05T23:04:09Z INFO    [ERROR] GET https://www.reddit.com/comments/1t2tguw.json?raw_json=1&limit=50 → HTTP 429 after 3 attempts; giving up
2026-05-05T23:04:10Z INFO    [REQUEST] GET https://www.reddit.com/comments/1t2sy0o.json?raw_json=1&limit=50
2026-05-05T23:04:10Z INFO    [RETRY] 1/3 wait=1.0s HTTP 429
2026-05-05T23:04:12Z INFO    [REQUEST] GET https://www.reddit.com/comments/1t2sy0o.json?raw_json=1&limit=50
2026-05-05T23:04:12Z INFO    [RETRY] 2/3 wait=2.0s HTTP 429
2026-05-05T23:04:14Z INFO    [REQUEST] GET https://www.reddit.com/comments/1t2sy0o.json?raw_json=1&limit=50
2026-05-05T23:04:14Z INFO    [ERROR] GET https://www.reddit.com/comments/1t2sy0o.json?raw_json=1&limit=50 → HTTP 429 after 3 attempts; giving up
2026-05-05T23:04:16Z INFO    [REQUEST] GET https://www.reddit.com/comments/1t2skt3.json?raw_json=1&limit=50
2026-05-05T23:04:16Z INFO    [RETRY] 1/3 wait=1.0s HTTP 429
2026-05-05T23:04:17Z INFO    [REQUEST] GET https://www.reddit.com/comments/1t2skt3.json?raw_json=1&limit=50
2026-05-05T23:04:18Z INFO    [RETRY] 2/3 wait=2.0s HTTP 429
2026-05-05T23:04:20Z INFO    [REQUEST] GET https://www.reddit.com/comments/1t2skt3.json?raw_json=1&limit=50
2026-05-05T23:04:20Z INFO    [ERROR] GET https://www.reddit.com/comments/1t2skt3.json?raw_json=1&limit=50 → HTTP 429 after 3 attempts; giving up
2026-05-05T23:04:21Z INFO    [REQUEST] GET https://www.reddit.com/comments/1t2qn1s.json?raw_json=1&limit=50
2026-05-05T23:04:21Z INFO    [RETRY] 1/3 wait=1.0s HTTP 429
2026-05-05T23:04:23Z INFO    [REQUEST] GET https://www.reddit.com/comments/1t2qn1s.json?raw_json=1&limit=50
2026-05-05T23:04:23Z INFO    [RETRY] 2/3 wait=2.0s HTTP 429
2026-05-05T23:04:25Z INFO    [REQUEST] GET https://www.reddit.com/comments/1t2qn1s.json?raw_json=1&limit=50
2026-05-05T23:04:25Z INFO    [ERROR] GET https://www.reddit.com/comments/1t2qn1s.json?raw_json=1&limit=50 → HTTP 429 after 3 attempts; giving up
2026-05-05T23:04:27Z INFO    [REQUEST] GET https://www.reddit.com/comments/1t2q67g.json?raw_json=1&limit=50
2026-05-05T23:04:27Z INFO    [RETRY] 1/3 wait=1.0s HTTP 429
2026-05-05T23:04:28Z INFO    [REQUEST] GET https://www.reddit.com/comments/1t2q67g.json?raw_json=1&limit=50
2026-05-05T23:04:29Z INFO    [RETRY] 2/3 wait=2.0s HTTP 429
2026-05-05T23:04:31Z INFO    [REQUEST] GET https://www.reddit.com/comments/1t2q67g.json?raw_json=1&limit=50
2026-05-05T23:04:31Z INFO    [ERROR] GET https://www.reddit.com/comments/1t2q67g.json?raw_json=1&limit=50 → HTTP 429 after 3 attempts; giving up
2026-05-05T23:04:32Z INFO    [REQUEST] GET https://www.reddit.com/comments/1t2q5ce.json?raw_json=1&limit=50
2026-05-05T23:04:33Z INFO    [RETRY] 1/3 wait=1.0s HTTP 429
2026-05-05T23:04:34Z INFO    [REQUEST] GET https://www.reddit.com/comments/1t2q5ce.json?raw_json=1&limit=50
2026-05-05T23:04:34Z INFO    [RETRY] 2/3 wait=2.0s HTTP 429
2026-05-05T23:04:36Z INFO    [REQUEST] GET https://www.reddit.com/comments/1t2q5ce.json?raw_json=1&limit=50
2026-05-05T23:04:36Z INFO    [ERROR] GET https://www.reddit.com/comments/1t2q5ce.json?raw_json=1&limit=50 → HTTP 429 after 3 attempts; giving up
2026-05-05T23:04:38Z INFO    [REQUEST] GET https://www.reddit.com/comments/1t2q3ej.json?raw_json=1&limit=50
2026-05-05T23:04:38Z INFO    [RETRY] 1/3 wait=1.0s HTTP 429
2026-05-05T23:04:40Z INFO    [REQUEST] GET https://www.reddit.com/comments/1t2q3ej.json?raw_json=1&limit=50
2026-05-05T23:04:40Z INFO    [RETRY] 2/3 wait=2.0s HTTP 429
2026-05-05T23:04:42Z INFO    [REQUEST] GET https://www.reddit.com/comments/1t2q3ej.json?raw_json=1&limit=50
2026-05-05T23:04:42Z INFO    [ERROR] GET https://www.reddit.com/comments/1t2q3ej.json?raw_json=1&limit=50 → HTTP 429 after 3 attempts; giving up
2026-05-05T23:04:43Z INFO    [REQUEST] GET https://www.reddit.com/comments/1t2pjcj.json?raw_json=1&limit=50
2026-05-05T23:04:44Z INFO    [RETRY] 1/3 wait=1.0s HTTP 429
2026-05-05T23:04:45Z INFO    [REQUEST] GET https://www.reddit.com/comments/1t2pjcj.json?raw_json=1&limit=50
2026-05-05T23:04:45Z INFO    [RETRY] 2/3 wait=2.0s HTTP 429
2026-05-05T23:04:47Z INFO    [REQUEST] GET https://www.reddit.com/comments/1t2pjcj.json?raw_json=1&limit=50
2026-05-05T23:04:47Z INFO    [ERROR] GET https://www.reddit.com/comments/1t2pjcj.json?raw_json=1&limit=50 → HTTP 429 after 3 attempts; giving up
2026-05-05T23:04:49Z INFO    [REQUEST] GET https://www.reddit.com/comments/1t2p61r.json?raw_json=1&limit=50
2026-05-05T23:04:49Z INFO    [RETRY] 1/3 wait=1.0s HTTP 429
2026-05-05T23:04:51Z INFO    [REQUEST] GET https://www.reddit.com/comments/1t2p61r.json?raw_json=1&limit=50
2026-05-05T23:04:51Z INFO    [RETRY] 2/3 wait=2.0s HTTP 429
2026-05-05T23:04:53Z INFO    [REQUEST] GET https://www.reddit.com/comments/1t2p61r.json?raw_json=1&limit=50
2026-05-05T23:04:53Z INFO    [ERROR] GET https://www.reddit.com/comments/1t2p61r.json?raw_json=1&limit=50 → HTTP 429 after 3 attempts; giving up
2026-05-05T23:04:54Z INFO    [REQUEST] GET https://www.reddit.com/comments/1t2p2un.json?raw_json=1&limit=50
2026-05-05T23:04:55Z INFO    [RETRY] 1/3 wait=1.0s HTTP 429
2026-05-05T23:04:56Z INFO    [REQUEST] GET https://www.reddit.com/comments/1t2p2un.json?raw_json=1&limit=50
2026-05-05T23:04:56Z INFO    [RETRY] 2/3 wait=2.0s HTTP 429
2026-05-05T23:04:58Z INFO    [REQUEST] GET https://www.reddit.com/comments/1t2p2un.json?raw_json=1&limit=50
2026-05-05T23:04:58Z INFO    [ERROR] GET https://www.reddit.com/comments/1t2p2un.json?raw_json=1&limit=50 → HTTP 429 after 3 attempts; giving up
2026-05-05T23:05:00Z INFO    [REQUEST] GET https://www.reddit.com/comments/1t2oyo3.json?raw_json=1&limit=50
2026-05-05T23:05:00Z INFO    [RETRY] 1/3 wait=1.0s HTTP 429
2026-05-05T23:05:02Z INFO    [REQUEST] GET https://www.reddit.com/comments/1t2oyo3.json?raw_json=1&limit=50
2026-05-05T23:05:02Z INFO    [RETRY] 2/3 wait=2.0s HTTP 429
2026-05-05T23:05:04Z INFO    [REQUEST] GET https://www.reddit.com/comments/1t2oyo3.json?raw_json=1&limit=50
2026-05-05T23:05:04Z INFO    [ERROR] GET https://www.reddit.com/comments/1t2oyo3.json?raw_json=1&limit=50 → HTTP 429 after 3 attempts; giving up
2026-05-05T23:05:05Z INFO    [REQUEST] GET https://www.reddit.com/comments/1t2ov88.json?raw_json=1&limit=50
2026-05-05T23:05:06Z INFO    [RETRY] 1/3 wait=1.0s HTTP 429
2026-05-05T23:05:07Z INFO    [REQUEST] GET https://www.reddit.com/comments/1t2ov88.json?raw_json=1&limit=50
2026-05-05T23:05:07Z INFO    [RETRY] 2/3 wait=2.0s HTTP 429
2026-05-05T23:05:09Z INFO    [REQUEST] GET https://www.reddit.com/comments/1t2ov88.json?raw_json=1&limit=50
2026-05-05T23:05:09Z INFO    [ERROR] GET https://www.reddit.com/comments/1t2ov88.json?raw_json=1&limit=50 → HTTP 429 after 3 attempts; giving up
2026-05-05T23:05:11Z INFO    [REQUEST] GET https://www.reddit.com/comments/1t2ohzs.json?raw_json=1&limit=50
2026-05-05T23:05:11Z INFO    [RETRY] 1/3 wait=1.0s HTTP 429
2026-05-05T23:05:13Z INFO    [REQUEST] GET https://www.reddit.com/comments/1t2ohzs.json?raw_json=1&limit=50
2026-05-05T23:05:13Z INFO    [RETRY] 2/3 wait=2.0s HTTP 429
2026-05-05T23:05:15Z INFO    [REQUEST] GET https://www.reddit.com/comments/1t2ohzs.json?raw_json=1&limit=50
2026-05-05T23:05:15Z INFO    [ERROR] GET https://www.reddit.com/comments/1t2ohzs.json?raw_json=1&limit=50 → HTTP 429 after 3 attempts; giving up
2026-05-05T23:05:16Z INFO    [REQUEST] GET https://www.reddit.com/comments/1t2nklw.json?raw_json=1&limit=50
2026-05-05T23:05:17Z INFO    [RETRY] 1/3 wait=1.0s HTTP 429
2026-05-05T23:05:18Z INFO    [REQUEST] GET https://www.reddit.com/comments/1t2nklw.json?raw_json=1&limit=50
2026-05-05T23:05:18Z INFO    [RETRY] 2/3 wait=2.0s HTTP 429
2026-05-05T23:05:20Z INFO    [REQUEST] GET https://www.reddit.com/comments/1t2nklw.json?raw_json=1&limit=50
2026-05-05T23:05:20Z INFO    [ERROR] GET https://www.reddit.com/comments/1t2nklw.json?raw_json=1&limit=50 → HTTP 429 after 3 attempts; giving up
2026-05-05T23:05:22Z INFO    [REQUEST] GET https://www.reddit.com/comments/1t2nfd2.json?raw_json=1&limit=50
2026-05-05T23:05:22Z INFO    [RETRY] 1/3 wait=1.0s HTTP 429
2026-05-05T23:05:24Z INFO    [REQUEST] GET https://www.reddit.com/comments/1t2nfd2.json?raw_json=1&limit=50
2026-05-05T23:05:24Z INFO    [RETRY] 2/3 wait=2.0s HTTP 429
2026-05-05T23:05:26Z INFO    [REQUEST] GET https://www.reddit.com/comments/1t2nfd2.json?raw_json=1&limit=50
2026-05-05T23:05:26Z INFO    [ERROR] GET https://www.reddit.com/comments/1t2nfd2.json?raw_json=1&limit=50 → HTTP 429 after 3 attempts; giving up
2026-05-05T23:05:27Z INFO    [REQUEST] GET https://www.reddit.com/comments/1t2nbqv.json?raw_json=1&limit=50
2026-05-05T23:05:27Z INFO    [RETRY] 1/3 wait=1.0s HTTP 429
2026-05-05T23:05:29Z INFO    [REQUEST] GET https://www.reddit.com/comments/1t2nbqv.json?raw_json=1&limit=50
2026-05-05T23:05:29Z INFO    [RETRY] 2/3 wait=2.0s HTTP 429
2026-05-05T23:05:31Z INFO    [REQUEST] GET https://www.reddit.com/comments/1t2nbqv.json?raw_json=1&limit=50
2026-05-05T23:05:31Z INFO    [ERROR] GET https://www.reddit.com/comments/1t2nbqv.json?raw_json=1&limit=50 → HTTP 429 after 3 attempts; giving up
2026-05-05T23:05:33Z INFO    [REQUEST] GET https://www.reddit.com/comments/1t2n774.json?raw_json=1&limit=50
2026-05-05T23:05:33Z INFO    [RETRY] 1/3 wait=1.0s HTTP 429
2026-05-05T23:05:34Z INFO    [REQUEST] GET https://www.reddit.com/comments/1t2n774.json?raw_json=1&limit=50
2026-05-05T23:05:35Z INFO    [RETRY] 2/3 wait=2.0s HTTP 429
2026-05-05T23:05:37Z INFO    [REQUEST] GET https://www.reddit.com/comments/1t2n774.json?raw_json=1&limit=50
2026-05-05T23:05:37Z INFO    [ERROR] GET https://www.reddit.com/comments/1t2n774.json?raw_json=1&limit=50 → HTTP 429 after 3 attempts; giving up
2026-05-05T23:05:38Z INFO    [REQUEST] GET https://www.reddit.com/comments/1t2m4jo.json?raw_json=1&limit=50
2026-05-05T23:05:38Z INFO    [RETRY] 1/3 wait=1.0s HTTP 429
2026-05-05T23:05:40Z INFO    [REQUEST] GET https://www.reddit.com/comments/1t2m4jo.json?raw_json=1&limit=50
2026-05-05T23:05:40Z INFO    [RETRY] 2/3 wait=2.0s HTTP 429
2026-05-05T23:05:42Z INFO    [REQUEST] GET https://www.reddit.com/comments/1t2m4jo.json?raw_json=1&limit=50
2026-05-05T23:05:42Z INFO    [ERROR] GET https://www.reddit.com/comments/1t2m4jo.json?raw_json=1&limit=50 → HTTP 429 after 3 attempts; giving up
2026-05-05T23:05:44Z INFO    [REQUEST] GET https://www.reddit.com/comments/1t2km3b.json?raw_json=1&limit=50
2026-05-05T23:05:44Z INFO    [RETRY] 1/3 wait=1.0s HTTP 429
2026-05-05T23:05:45Z INFO    [REQUEST] GET https://www.reddit.com/comments/1t2km3b.json?raw_json=1&limit=50
2026-05-05T23:05:46Z INFO    [RETRY] 2/3 wait=2.0s HTTP 429
2026-05-05T23:05:48Z INFO    [REQUEST] GET https://www.reddit.com/comments/1t2km3b.json?raw_json=1&limit=50
2026-05-05T23:05:48Z INFO    [ERROR] GET https://www.reddit.com/comments/1t2km3b.json?raw_json=1&limit=50 → HTTP 429 after 3 attempts; giving up
2026-05-05T23:05:49Z INFO    [REQUEST] GET https://www.reddit.com/comments/1t2jx2c.json?raw_json=1&limit=50
2026-05-05T23:05:49Z INFO    [RETRY] 1/3 wait=1.0s HTTP 429
2026-05-05T23:05:51Z INFO    [REQUEST] GET https://www.reddit.com/comments/1t2jx2c.json?raw_json=1&limit=50
2026-05-05T23:05:51Z INFO    [RETRY] 2/3 wait=2.0s HTTP 429
2026-05-05T23:05:53Z INFO    [REQUEST] GET https://www.reddit.com/comments/1t2jx2c.json?raw_json=1&limit=50
2026-05-05T23:05:53Z INFO    [ERROR] GET https://www.reddit.com/comments/1t2jx2c.json?raw_json=1&limit=50 → HTTP 429 after 3 attempts; giving up
2026-05-05T23:05:55Z INFO    [REQUEST] GET https://www.reddit.com/comments/1t2jkdp.json?raw_json=1&limit=50
2026-05-05T23:05:55Z INFO    [RETRY] 1/3 wait=1.0s HTTP 429
2026-05-05T23:05:56Z INFO    [REQUEST] GET https://www.reddit.com/comments/1t2jkdp.json?raw_json=1&limit=50
2026-05-05T23:05:57Z INFO    [RETRY] 2/3 wait=2.0s HTTP 429
2026-05-05T23:05:59Z INFO    [REQUEST] GET https://www.reddit.com/comments/1t2jkdp.json?raw_json=1&limit=50
2026-05-05T23:05:59Z INFO    [ERROR] GET https://www.reddit.com/comments/1t2jkdp.json?raw_json=1&limit=50 → HTTP 429 after 3 attempts; giving up
2026-05-05T23:06:00Z INFO    [REQUEST] GET https://www.reddit.com/comments/1t2jdxv.json?raw_json=1&limit=50
2026-05-05T23:06:00Z INFO    [RETRY] 1/3 wait=1.0s HTTP 429
2026-05-05T23:06:02Z INFO    [REQUEST] GET https://www.reddit.com/comments/1t2jdxv.json?raw_json=1&limit=50
2026-05-05T23:06:02Z INFO    [RETRY] 2/3 wait=2.0s HTTP 429
2026-05-05T23:06:04Z INFO    [REQUEST] GET https://www.reddit.com/comments/1t2jdxv.json?raw_json=1&limit=50
2026-05-05T23:06:04Z INFO    [ERROR] GET https://www.reddit.com/comments/1t2jdxv.json?raw_json=1&limit=50 → HTTP 429 after 3 attempts; giving up
2026-05-05T23:06:06Z INFO    [REQUEST] GET https://www.reddit.com/comments/1t2ii0o.json?raw_json=1&limit=50
2026-05-05T23:06:06Z INFO    [RETRY] 1/3 wait=1.0s HTTP 429
2026-05-05T23:06:07Z INFO    [REQUEST] GET https://www.reddit.com/comments/1t2ii0o.json?raw_json=1&limit=50
2026-05-05T23:06:08Z INFO    [RETRY] 2/3 wait=2.0s HTTP 429
2026-05-05T23:06:10Z INFO    [REQUEST] GET https://www.reddit.com/comments/1t2ii0o.json?raw_json=1&limit=50
2026-05-05T23:06:10Z INFO    [ERROR] GET https://www.reddit.com/comments/1t2ii0o.json?raw_json=1&limit=50 → HTTP 429 after 3 attempts; giving up
2026-05-05T23:06:12Z INFO    [REQUEST] GET https://www.reddit.com/comments/1t2ihwk.json?raw_json=1&limit=50
2026-05-05T23:06:12Z INFO    [RETRY] 1/3 wait=1.0s HTTP 429
2026-05-05T23:06:13Z INFO    [REQUEST] GET https://www.reddit.com/comments/1t2ihwk.json?raw_json=1&limit=50
2026-05-05T23:06:13Z INFO    [RETRY] 2/3 wait=2.0s HTTP 429
2026-05-05T23:06:15Z INFO    [REQUEST] GET https://www.reddit.com/comments/1t2ihwk.json?raw_json=1&limit=50
2026-05-05T23:06:15Z INFO    [ERROR] GET https://www.reddit.com/comments/1t2ihwk.json?raw_json=1&limit=50 → HTTP 429 after 3 attempts; giving up
2026-05-05T23:06:17Z INFO    [REQUEST] GET https://www.reddit.com/comments/1t2i6mb.json?raw_json=1&limit=50
2026-05-05T23:06:17Z INFO    [RETRY] 1/3 wait=1.0s HTTP 429
2026-05-05T23:06:19Z INFO    [REQUEST] GET https://www.reddit.com/comments/1t2i6mb.json?raw_json=1&limit=50
2026-05-05T23:06:19Z INFO    [RETRY] 2/3 wait=2.0s HTTP 429
2026-05-05T23:06:21Z INFO    [REQUEST] GET https://www.reddit.com/comments/1t2i6mb.json?raw_json=1&limit=50
2026-05-05T23:06:21Z INFO    [ERROR] GET https://www.reddit.com/comments/1t2i6mb.json?raw_json=1&limit=50 → HTTP 429 after 3 attempts; giving up
2026-05-05T23:06:22Z INFO    [REQUEST] GET https://www.reddit.com/comments/1t2hc12.json?raw_json=1&limit=50
2026-05-05T23:06:23Z INFO    [RETRY] 1/3 wait=1.0s HTTP 429
2026-05-05T23:06:24Z INFO    [REQUEST] GET https://www.reddit.com/comments/1t2hc12.json?raw_json=1&limit=50
2026-05-05T23:06:24Z INFO    [RETRY] 2/3 wait=2.0s HTTP 429
2026-05-05T23:06:26Z INFO    [REQUEST] GET https://www.reddit.com/comments/1t2hc12.json?raw_json=1&limit=50
2026-05-05T23:06:26Z INFO    [ERROR] GET https://www.reddit.com/comments/1t2hc12.json?raw_json=1&limit=50 → HTTP 429 after 3 attempts; giving up
2026-05-05T23:06:28Z INFO    [REQUEST] GET https://www.reddit.com/comments/1t2h8iq.json?raw_json=1&limit=50
2026-05-05T23:06:28Z INFO    [RETRY] 1/3 wait=1.0s HTTP 429
2026-05-05T23:06:30Z INFO    [REQUEST] GET https://www.reddit.com/comments/1t2h8iq.json?raw_json=1&limit=50
2026-05-05T23:06:30Z INFO    [RETRY] 2/3 wait=2.0s HTTP 429
2026-05-05T23:06:32Z INFO    [REQUEST] GET https://www.reddit.com/comments/1t2h8iq.json?raw_json=1&limit=50
2026-05-05T23:06:32Z INFO    [ERROR] GET https://www.reddit.com/comments/1t2h8iq.json?raw_json=1&limit=50 → HTTP 429 after 3 attempts; giving up
2026-05-05T23:06:33Z INFO    [REQUEST] GET https://www.reddit.com/comments/1t2h14p.json?raw_json=1&limit=50
2026-05-05T23:06:34Z INFO    [RETRY] 1/3 wait=1.0s HTTP 429
2026-05-05T23:06:35Z INFO    [REQUEST] GET https://www.reddit.com/comments/1t2h14p.json?raw_json=1&limit=50
2026-05-05T23:06:35Z INFO    [RETRY] 2/3 wait=2.0s HTTP 429
2026-05-05T23:06:37Z INFO    [REQUEST] GET https://www.reddit.com/comments/1t2h14p.json?raw_json=1&limit=50
2026-05-05T23:06:37Z INFO    [ERROR] GET https://www.reddit.com/comments/1t2h14p.json?raw_json=1&limit=50 → HTTP 429 after 3 attempts; giving up
2026-05-05T23:06:39Z INFO    [REQUEST] GET https://www.reddit.com/comments/1t2gnzu.json?raw_json=1&limit=50
2026-05-05T23:06:39Z INFO    [RETRY] 1/3 wait=1.0s HTTP 429
2026-05-05T23:06:41Z INFO    [REQUEST] GET https://www.reddit.com/comments/1t2gnzu.json?raw_json=1&limit=50
2026-05-05T23:06:41Z INFO    [RETRY] 2/3 wait=2.0s HTTP 429
2026-05-05T23:06:43Z INFO    [REQUEST] GET https://www.reddit.com/comments/1t2gnzu.json?raw_json=1&limit=50
2026-05-05T23:06:43Z INFO    [ERROR] GET https://www.reddit.com/comments/1t2gnzu.json?raw_json=1&limit=50 → HTTP 429 after 3 attempts; giving up
2026-05-05T23:06:44Z INFO    [REQUEST] GET https://www.reddit.com/comments/1t2fa0i.json?raw_json=1&limit=50
2026-05-05T23:06:45Z INFO    [RETRY] 1/3 wait=1.0s HTTP 429
2026-05-05T23:06:46Z INFO    [REQUEST] GET https://www.reddit.com/comments/1t2fa0i.json?raw_json=1&limit=50
2026-05-05T23:06:47Z INFO    [RETRY] 2/3 wait=2.0s HTTP 429
2026-05-05T23:06:49Z INFO    [REQUEST] GET https://www.reddit.com/comments/1t2fa0i.json?raw_json=1&limit=50
2026-05-05T23:06:49Z INFO    [ERROR] GET https://www.reddit.com/comments/1t2fa0i.json?raw_json=1&limit=50 → HTTP 429 after 3 attempts; giving up
2026-05-05T23:06:50Z INFO    [REQUEST] GET https://www.reddit.com/comments/1t2cuyn.json?raw_json=1&limit=50
2026-05-05T23:06:50Z INFO    [RETRY] 1/3 wait=1.0s HTTP 429
2026-05-05T23:06:52Z INFO    [REQUEST] GET https://www.reddit.com/comments/1t2cuyn.json?raw_json=1&limit=50
2026-05-05T23:06:52Z INFO    [RETRY] 2/3 wait=2.0s HTTP 429
2026-05-05T23:06:54Z INFO    [REQUEST] GET https://www.reddit.com/comments/1t2cuyn.json?raw_json=1&limit=50
2026-05-05T23:06:54Z INFO    [ERROR] GET https://www.reddit.com/comments/1t2cuyn.json?raw_json=1&limit=50 → HTTP 429 after 3 attempts; giving up
2026-05-05T23:06:56Z INFO    [REQUEST] GET https://www.reddit.com/comments/1t2boec.json?raw_json=1&limit=50
2026-05-05T23:06:56Z INFO    [RETRY] 1/3 wait=1.0s HTTP 429
2026-05-05T23:06:57Z INFO    [REQUEST] GET https://www.reddit.com/comments/1t2boec.json?raw_json=1&limit=50
2026-05-05T23:06:58Z INFO    [RETRY] 2/3 wait=2.0s HTTP 429
2026-05-05T23:07:00Z INFO    [REQUEST] GET https://www.reddit.com/comments/1t2boec.json?raw_json=1&limit=50
2026-05-05T23:07:00Z INFO    [ERROR] GET https://www.reddit.com/comments/1t2boec.json?raw_json=1&limit=50 → HTTP 429 after 3 attempts; giving up
2026-05-05T23:07:01Z INFO    [REQUEST] GET https://www.reddit.com/comments/1t2bf11.json?raw_json=1&limit=50
2026-05-05T23:07:01Z INFO    [RETRY] 1/3 wait=1.0s HTTP 429
2026-05-05T23:07:03Z INFO    [REQUEST] GET https://www.reddit.com/comments/1t2bf11.json?raw_json=1&limit=50
2026-05-05T23:07:03Z INFO    [RETRY] 2/3 wait=2.0s HTTP 429
2026-05-05T23:07:05Z INFO    [REQUEST] GET https://www.reddit.com/comments/1t2bf11.json?raw_json=1&limit=50
2026-05-05T23:07:05Z INFO    [ERROR] GET https://www.reddit.com/comments/1t2bf11.json?raw_json=1&limit=50 → HTTP 429 after 3 attempts; giving up
2026-05-05T23:07:07Z INFO    [REQUEST] GET https://www.reddit.com/comments/1t29iir.json?raw_json=1&limit=50
2026-05-05T23:07:07Z INFO    [RETRY] 1/3 wait=1.0s HTTP 429
2026-05-05T23:07:08Z INFO    [REQUEST] GET https://www.reddit.com/comments/1t29iir.json?raw_json=1&limit=50
2026-05-05T23:07:09Z INFO    [RETRY] 2/3 wait=2.0s HTTP 429
2026-05-05T23:07:11Z INFO    [REQUEST] GET https://www.reddit.com/comments/1t29iir.json?raw_json=1&limit=50
2026-05-05T23:07:11Z INFO    [ERROR] GET https://www.reddit.com/comments/1t29iir.json?raw_json=1&limit=50 → HTTP 429 after 3 attempts; giving up
2026-05-05T23:07:12Z INFO    [REQUEST] GET https://www.reddit.com/comments/1t278qr.json?raw_json=1&limit=50
